# s_m;x_m;y_m;psi_rad;kappa_radpm;vx_mps;ax_mps2
0.000000;130.249244;51.663472;-0.410272;-0.832737;4.455373;-1.558776
0.199938;130.417511;51.574373;-0.560981;-0.748086;4.384863;-1.191294
0.399876;130.573540;51.460474;-0.697513;-0.666185;4.330203;-0.838015
0.599814;130.715981;51.324909;-0.821582;-0.597866;4.291335;-0.493406
0.799752;130.843483;51.170814;-0.935844;-0.547331;4.268285;-0.150623
0.999690;130.954694;51.001324;-1.043289;-0.515321;4.261223;0.193411
1.199628;131.048264;50.819575;-1.146949;-0.501379;4.270289;0.521635
1.399566;131.122841;50.628701;-1.249816;-0.505042;4.294642;0.840435
1.599504;131.177075;50.431837;-1.354856;-0.526260;4.333593;1.153557
1.799442;131.209614;50.232119;-1.465037;-0.565237;4.386491;1.462272
1.999380;131.219123;50.033491;4.700773;-0.601525;4.452643;1.765043
2.199318;131.205906;49.840490;4.588897;-0.550815;4.531206;2.056701
2.399256;131.172308;49.650119;4.488664;-0.484056;4.621066;2.327241
2.599194;131.120637;49.462347;4.401407;-0.411645;4.720685;2.560759
2.799132;131.053202;49.277142;4.327317;-0.340812;4.827924;2.736407
2.999070;130.972309;49.094473;4.265882;-0.275317;4.939947;3.089421
3.199008;130.880268;48.914309;4.216268;-0.216282;5.063443;3.284774
3.398946;130.779386;48.736619;4.177594;-0.163204;5.191528;3.436208
3.598884;130.671971;48.561371;4.149099;-0.114695;5.322219;3.556255
3.798822;130.560332;48.388535;4.130238;-0.068905;5.454180;3.657745
3.998760;130.446659;48.217909;4.120540;-0.032900;5.586656;3.752345
4.198698;130.332245;48.048930;4.113894;-0.032205;5.719370;3.756767
4.398636;130.217646;47.882040;4.107461;-0.031313;5.849225;3.743159
4.598574;130.102776;47.716999;4.101270;-0.030227;5.975804;3.789890
4.798512;129.987551;47.553568;4.095350;-0.028954;6.101288;3.899652
4.998450;129.871885;47.391508;4.089726;-0.027506;6.227768;3.981527
5.198388;129.755693;47.230577;4.084424;-0.025895;6.354307;4.063514
5.398326;129.638889;47.070537;4.079465;-0.024139;6.480904;4.101305
5.598264;129.521388;46.911147;4.074869;-0.022258;6.606219;4.087703
5.798202;129.403106;46.752169;4.070654;-0.020273;6.728797;4.022984
5.998140;129.284004;46.593426;4.066818;-0.018875;6.847291;3.910867
6.198078;129.164128;46.434905;4.063013;-0.019416;6.960550;3.755787
6.398016;129.043356;46.276473;4.059089;-0.019979;7.067610;3.561417
6.597954;128.921710;46.118209;4.055043;-0.020566;7.167652;3.365764
6.797892;128.799217;45.960190;4.050870;-0.021179;7.260931;3.170660
6.997830;128.675901;45.802494;4.046567;-0.021819;7.347720;2.976116
7.197768;128.551786;45.645198;4.042129;-0.022487;7.428262;2.782197
7.397706;128.426897;45.488379;4.037551;-0.023187;7.502773;2.588996
7.597644;128.301258;45.332116;4.032829;-0.023920;7.571452;2.396632
7.797582;128.174895;45.176486;4.027957;-0.024688;7.634477;2.205236
7.997520;128.047822;45.021553;4.022982;-0.023715;7.692013;2.014952
8.197458;127.920095;44.867300;4.018768;-0.018365;7.744210;1.825924
8.397396;127.791884;44.713617;4.015629;-0.012990;7.791209;1.638304
8.597334;127.663343;44.560349;4.013570;-0.007596;7.833138;1.452239
8.797272;127.534627;44.407345;4.012592;-0.002187;7.870119;1.267881
8.997210;127.405889;44.254451;4.012696;0.003233;7.902263;1.085377
9.197148;127.277285;44.101515;4.013884;0.008659;7.929677;0.904872
9.397086;127.148968;43.948384;4.016156;0.014086;7.952460;0.726509
9.597024;127.021094;43.794906;4.019512;0.019510;7.970704;0.550427
9.796962;126.893815;43.640926;4.023951;0.024925;7.984499;0.376761
9.996900;126.767297;43.486308;4.029382;0.027617;7.993928;0.205645
10.196838;126.641615;43.330998;4.034609;0.024707;7.999070;0.037206
10.396776;126.516673;43.175034;4.039256;0.021802;8.000000;0.000000
10.596714;126.392384;43.018492;4.043324;0.018902;8.000000;0.000000
10.796652;126.268664;42.861452;4.046813;0.016006;8.000000;0.000000
10.996590;126.145425;42.703988;4.049724;0.013115;8.000000;0.000000
11.196528;126.022581;42.546178;4.052058;0.010228;8.000000;0.000000
11.396466;125.900047;42.388100;4.053815;0.007343;8.000000;0.000000
11.596404;125.777736;42.229830;4.054996;0.004461;8.000000;0.000000
11.796342;125.655561;42.071446;4.055600;0.001580;8.000000;0.000000
11.996280;125.533438;41.913024;4.055627;-0.001329;8.000000;0.000000
12.196218;125.411278;41.754642;4.055065;-0.004290;8.000000;0.000000
12.396156;125.288990;41.596374;4.053911;-0.007252;8.000000;0.000000
12.596094;125.166482;41.438297;4.052165;-0.010215;8.000000;0.000000
12.796032;125.043665;41.280487;4.049825;-0.013182;8.000000;0.000000
12.995970;124.920446;41.123019;4.046893;-0.016150;8.000000;0.000000
13.195908;124.796735;40.965970;4.043367;-0.019121;8.000000;0.000000
13.395846;124.672441;40.809415;4.039248;-0.022094;8.000000;0.000000
13.595784;124.547472;40.653431;4.034535;-0.025069;8.000000;0.000000
13.795722;124.421738;40.498092;4.029227;-0.028045;8.000000;0.000000
13.995660;124.295119;40.343435;4.023472;-0.027278;8.000000;0.000000
14.195598;124.167630;40.189414;4.018669;-0.020761;8.000000;0.000000
14.395536;124.039506;40.035928;4.015170;-0.014242;8.000000;0.000000
14.595474;123.910947;39.882808;4.012975;-0.007722;8.000000;0.000000
14.795412;123.782152;39.729887;4.012083;-0.001201;8.000000;0.000000
14.995350;123.653320;39.576997;4.012494;0.005319;8.000000;0.000000
15.195288;123.524650;39.423970;4.014210;0.011839;8.000000;0.000000
15.395226;123.396342;39.270638;4.017228;0.018359;8.000000;0.000000
15.595164;123.268596;39.116833;4.021551;0.024877;8.000000;0.000000
15.795102;123.141610;38.962387;4.027176;0.031390;8.000000;0.000000
15.995040;123.015606;38.807173;4.033846;0.032011;8.000000;0.000000
16.194978;122.890606;38.651191;4.039542;0.024987;8.000000;0.000000
16.394916;122.766369;38.494564;4.043836;0.017969;8.000000;0.000000
16.594854;122.642681;38.337472;4.046728;0.010958;8.000000;0.000000
16.794792;122.519325;38.180096;4.048218;0.003952;8.000000;0.000000
16.994730;122.396088;38.022614;4.048308;-0.003052;8.000000;0.000000
17.194668;122.272754;37.865207;4.046998;-0.010057;8.000000;0.000000
17.394606;122.149110;37.708055;4.044286;-0.017064;8.000000;0.000000
17.594544;122.024938;37.551337;4.040173;-0.024076;8.000000;0.000000
17.794482;121.900026;37.395234;4.034658;-0.031093;8.000000;0.000000
17.994420;121.774152;37.239902;4.028058;-0.031356;8.000000;0.000000
18.194358;121.647310;37.085343;4.022524;-0.023995;8.000000;0.000000
18.394296;121.519730;36.931398;4.018463;-0.016630;8.000000;0.000000
18.594234;121.391640;36.777878;4.015874;-0.009265;8.000000;0.000000
18.794172;121.263265;36.624596;4.014758;-0.001900;8.000000;0.000000
18.994110;121.134833;36.471364;4.015114;0.005466;8.000000;0.000000
19.194048;121.006570;36.317993;4.016944;0.012832;8.000000;0.000000
19.393986;120.878703;36.164296;4.020245;0.020198;8.000000;0.000000
19.593924;120.751458;36.010085;4.025020;0.027563;8.000000;0.000000
19.793862;120.625062;35.855170;4.031267;0.034924;8.000000;0.000000
19.993800;120.499749;35.699398;4.038587;0.034455;8.000000;0.000000
20.193738;120.375507;35.542778;4.044670;0.026395;8.000000;0.000000
20.393676;120.252078;35.385486;4.049142;0.018342;8.000000;0.000000
20.593613;120.129214;35.227726;4.052005;0.010295;8.000000;0.000000
20.793551;120.006667;35.069703;4.053259;0.002252;8.000000;0.000000
20.993489;119.884190;34.911624;4.052906;-0.005789;8.000000;0.000000
21.193427;119.761536;34.753693;4.050944;-0.013834;8.000000;0.000000
21.393365;119.638456;34.596117;4.047373;-0.021884;8.000000;0.000000
21.593303;119.514704;34.439100;4.042192;-0.029942;8.000000;0.000000
21.793241;119.390030;34.282848;4.035401;-0.038006;8.000000;0.000000
21.993179;119.264169;34.127514;4.027475;-0.037227;8.000000;0.000000
22.193117;119.137143;33.973090;4.020858;-0.028961;8.000000;0.000000
22.393055;119.009227;33.819408;4.015894;-0.020691;8.000000;0.000000
22.592993;118.880676;33.666256;4.012583;-0.012421;8.000000;0.000000
22.792931;118.751747;33.513425;4.010927;-0.004151;8.000000;0.000000
22.992869;118.622693;33.360705;4.010923;0.004119;8.000000;0.000000
23.192807;118.493771;33.207884;4.012574;0.012391;8.000000;0.000000
23.392745;118.365235;33.054753;4.015878;0.020667;8.000000;0.000000
23.592683;118.237340;32.901101;4.020837;0.028944;8.000000;0.000000
23.792621;118.110342;32.746719;4.027451;0.037221;8.000000;0.000000
23.992559;117.984511;32.591449;4.035176;0.036196;8.000000;0.000000
24.192497;117.859816;32.435296;4.041637;0.028463;8.000000;0.000000
24.392435;117.735995;32.278417;4.046553;0.020732;8.000000;0.000000
24.592373;117.612808;32.121003;4.049924;0.013006;8.000000;0.000000
24.792311;117.490012;31.963245;4.051753;0.005285;8.000000;0.000000
24.992249;117.367365;31.805336;4.052038;-0.002429;8.000000;0.000000
25.192187;117.244626;31.647465;4.050781;-0.010139;8.000000;0.000000
25.392125;117.121552;31.489825;4.047983;-0.017845;8.000000;0.000000
25.592063;116.997901;31.332607;4.043643;-0.025545;8.000000;-0.140081
25.792001;116.873432;31.176001;4.037764;-0.033238;7.996498;-0.417208
25.991939;116.747892;31.020153;4.030852;-0.032670;7.986060;-0.701280
26.191877;116.621305;30.865084;4.024883;-0.026966;7.968483;-0.992730
26.391815;116.493878;30.710695;4.020054;-0.021277;7.943536;-1.292068
26.591753;116.365806;30.556863;4.016364;-0.015596;7.910948;-1.599899
26.791691;116.237283;30.403465;4.013811;-0.009918;7.870409;-1.916366
26.991629;116.108503;30.250380;4.012395;-0.004236;7.821574;-2.257973
27.191567;115.979661;30.097484;4.012117;0.001459;7.763640;-2.554979
27.391505;115.850951;29.944655;4.012979;0.007174;7.697561;-2.809110
27.591443;115.722569;29.791770;4.014984;0.012918;7.624247;-3.020423
27.791381;115.594708;29.638706;4.018136;0.018698;7.544624;-3.187497
27.991319;115.467596;29.485393;4.022266;0.021856;7.459675;-3.307659
28.191257;115.341274;29.331680;4.026786;0.023575;7.370488;-3.377368
28.391195;115.215701;29.177408;4.031642;0.025242;7.278294;-3.392889
28.591133;115.090857;29.022449;4.036826;0.026845;7.184485;-3.351471
28.791071;114.966721;28.866672;4.042327;0.028377;7.090603;-3.309952
28.991009;114.843273;28.709948;4.048135;0.029830;6.996648;-3.247120
29.190947;114.720492;28.552146;4.054237;0.031195;6.903234;-3.137984
29.390885;114.598359;28.393138;4.060621;0.032465;6.811742;-2.990836
29.590823;114.476853;28.232794;4.067272;0.033635;6.723382;-2.813187
29.790761;114.355954;28.070983;4.074175;0.034699;6.639198;-2.611119
29.990699;114.235562;27.907618;4.079418;0.008565;6.560093;-2.389059
30.190637;114.115098;27.743570;4.077288;-0.029463;6.486871;-2.176353
30.390575;113.993655;27.580253;4.067402;-0.067826;6.419441;-1.975098
30.590513;113.870310;27.419071;4.049647;-0.107432;6.357628;-1.784131
30.790451;113.744138;27.261430;4.023796;-0.149051;6.301270;-1.602416
30.990389;113.614216;27.108732;3.989535;-0.193209;6.250218;-1.429025
31.190327;113.479619;26.962382;3.946510;-0.240021;6.204337;-1.263121
31.390265;113.339423;26.823785;3.894397;-0.288947;6.163498;-1.103948
31.590203;113.192705;26.694344;3.833003;-0.338505;6.127582;-0.950813
31.790141;113.038540;26.575464;3.762404;-0.386031;6.096479;-0.696743
31.990079;112.876398;26.468554;3.687486;-0.367629;6.073586;-0.344340
32.190017;112.706476;26.373168;3.620178;-0.322867;6.062240;0.009411
32.389955;112.529633;26.288097;3.561243;-0.277887;6.062550;0.367650
32.589893;112.346838;26.212188;3.510570;-0.234521;6.074663;0.733725
32.789831;112.159057;26.144291;3.467867;-0.193679;6.098765;1.111267
32.989769;111.967256;26.083257;3.432766;-0.155580;6.135088;1.503820
33.189707;111.772402;26.027934;3.404898;-0.119983;6.183902;1.800231
33.389645;111.575463;25.977173;3.383945;-0.086352;6.241835;2.073859
33.589583;111.377405;25.929823;3.369672;-0.053971;6.307915;2.326435
33.789521;111.179194;25.884734;3.361948;-0.022000;6.381229;2.557113
33.989459;110.981079;25.840682;3.359060;-0.012341;6.460852;2.763119
34.189397;110.783707;25.797316;3.356742;-0.010593;6.545801;2.939790
34.389335;110.587179;25.754575;3.354793;-0.008768;6.634988;3.080731
34.589273;110.391357;25.712349;3.353225;-0.006880;6.727182;3.178327
34.789211;110.196108;25.670527;3.352044;-0.004938;6.820991;3.224873
34.989149;110.001296;25.628999;3.351257;-0.002957;6.914873;3.271523
35.189087;109.806786;25.587655;3.350868;-0.000951;7.008828;3.296455
35.389025;109.612443;25.546385;3.350880;0.001068;7.102242;3.270917
35.588963;109.418132;25.505079;3.351293;0.003085;7.193733;3.198701
35.788901;109.223718;25.463626;3.352105;0.005085;7.282093;3.083881
35.988839;109.029121;25.421931;3.353275;0.006570;7.366278;2.930082
36.188777;108.834305;25.379922;3.354719;0.007923;7.445383;2.740089
36.388715;108.639304;25.337551;3.356435;0.009272;7.518605;2.547050
36.588653;108.444165;25.294771;3.358422;0.010621;7.586035;2.354876
36.788591;108.248932;25.251536;3.360681;0.011969;7.647848;2.163702
36.988529;108.053650;25.207799;3.363211;0.013321;7.704206;1.973669
37.188467;107.858366;25.163515;3.366014;0.014677;7.755257;1.784927
37.388405;107.663124;25.118636;3.369091;0.016040;7.801139;1.597624
37.588343;107.467970;25.073116;3.372443;0.017411;7.841978;1.411911
37.788281;107.272949;25.026910;3.376070;0.018792;7.877894;1.227937
37.988219;107.078345;24.980048;3.379627;0.016143;7.908997;1.045849
38.188157;106.883949;24.932572;3.382522;0.012794;7.935392;0.865791
38.388095;106.689697;24.884603;3.384747;0.009446;7.957176;0.687906
38.588033;106.495568;24.836275;3.386302;0.006097;7.974442;0.512332
38.787971;106.301538;24.787720;3.387186;0.002746;7.987277;0.339204
38.987909;106.107585;24.739072;3.387400;-0.000609;7.995764;0.168654
39.187847;105.913689;24.690463;3.386942;-0.003970;7.999980;0.000809
39.387785;105.719826;24.642025;3.385813;-0.007338;8.000000;0.000000
39.587723;105.525976;24.593893;3.384010;-0.010714;8.000000;0.000000
39.787661;105.332114;24.546198;3.381533;-0.014101;8.000000;0.000000
39.987599;105.137877;24.498973;3.378648;-0.014433;8.000000;0.000000
40.187537;104.943539;24.452318;3.375768;-0.014390;8.000000;0.000000
40.387475;104.749117;24.406233;3.372898;-0.014339;8.000000;0.000000
40.587413;104.554583;24.360710;3.370039;-0.014279;8.000000;0.000000
40.787351;104.359910;24.315740;3.367193;-0.014211;8.000000;0.000000
40.987289;104.165073;24.271314;3.364360;-0.014134;8.000000;-0.264585
41.187227;103.970044;24.227424;3.361543;-0.014050;7.993385;-0.583596
41.387165;103.774797;24.184060;3.358742;-0.013958;7.978774;-0.908247
41.587103;103.579306;24.141215;3.355958;-0.013858;7.955982;-1.222243
41.787041;103.383544;24.098879;3.353194;-0.013750;7.925207;-1.527102
41.986979;103.187880;24.057101;3.350873;-0.009245;7.886587;-1.824598
42.186917;102.992030;24.015661;3.349493;-0.004552;7.840194;-2.116776
42.386855;102.796071;23.974385;3.349050;0.000128;7.786025;-2.405976
42.586793;102.600102;23.933102;3.349544;0.004806;7.723995;-2.693699
42.786731;102.404218;23.891640;3.350975;0.009496;7.653950;-2.954707
42.986669;102.208518;23.849828;3.353347;0.014209;7.576373;-3.189667
43.186607;102.013097;23.807494;3.356662;0.018958;7.491726;-3.397856
43.386545;101.818054;23.764468;3.360926;0.023754;7.400489;-3.577311
43.586483;101.623485;23.720578;3.366147;0.028610;7.303202;-3.724910
43.786421;101.429488;23.675652;3.372333;0.033534;7.200504;-3.836474
43.986359;101.235993;23.629590;3.377871;0.022021;7.093176;-3.906991
44.186297;101.042903;23.582731;3.381081;0.010273;6.982180;-3.931153
44.386235;100.849952;23.535489;3.381951;-0.001521;6.868687;-3.904500
44.586173;100.656873;23.488276;3.380479;-0.013275;6.754076;-3.840924
44.786111;100.463400;23.441509;3.376676;-0.024904;6.639401;-3.777240
44.986049;100.269267;23.395599;3.370564;-0.036322;6.524663;-3.671828
45.185987;100.074207;23.350963;3.362177;-0.047439;6.411158;-3.531460
45.385925;99.877954;23.308012;3.351562;-0.058163;6.300064;-3.364178
45.585863;99.680242;23.267162;3.338776;-0.068400;6.192378;-3.177600
45.785801;99.480753;23.228816;3.323885;-0.078846;6.088916;-2.978140
45.985739;99.278226;23.193388;3.304635;-0.108595;5.990327;-2.770797
46.185677;99.074575;23.162444;3.279055;-0.140164;5.897121;-2.559218
46.385615;98.870652;23.137459;3.246776;-0.174649;5.809705;-2.345861
46.585553;98.667305;23.119909;3.207289;-0.213034;5.728404;-2.141675
46.785491;98.465384;23.111270;3.159969;-0.256096;5.653159;-1.949895
46.985429;98.265740;23.113016;3.104123;-0.304214;5.583771;-1.769220
47.185367;98.069222;23.126623;3.039063;-0.357032;5.520057;-1.417677
47.385305;97.876681;23.153567;2.964235;-0.412978;5.468467;-1.395037
47.585243;97.688965;23.195324;2.879398;-0.468754;5.417222;-1.345076
47.785181;97.506834;23.253400;2.784992;-0.506104;5.367348;-1.265078
47.985119;97.330489;23.328740;2.692113;-0.461077;5.320014;-1.152202
48.185057;97.160411;23.419986;2.607844;-0.411629;5.276534;-1.002697
48.384995;96.996445;23.525609;2.532402;-0.362158;5.238402;-0.812598
48.584933;96.838441;23.644084;2.465549;-0.315475;5.207295;-0.606063
48.784871;96.686244;23.773884;2.406768;-0.273013;5.183973;-0.398310
48.984809;96.539704;23.913481;2.355417;-0.235220;5.168587;-0.188192
49.184747;96.398665;24.061350;2.310827;-0.201928;5.161302;0.022808
49.384685;96.262978;24.215964;2.272365;-0.172634;5.162186;0.232337
49.584623;96.132487;24.375795;2.239473;-0.146670;5.171177;0.437193
49.784561;96.007101;24.539232;2.211889;-0.117038;5.188053;0.633229
49.984499;95.886288;24.704717;2.192456;-0.072480;5.212399;0.815185
50.184437;95.768493;24.871189;2.182289;-0.027020;5.243575;0.976586
50.384375;95.652247;25.037400;2.181510;0.019608;5.280681;1.109883
50.584313;95.536079;25.202102;2.190283;0.067799;5.322538;1.207157
50.784251;95.418519;25.364045;2.208824;0.117897;5.367692;1.273556
50.984189;95.298096;25.521980;2.237374;0.169976;5.414922;1.335305
51.184127;95.173340;25.674660;2.276151;0.223573;5.464004;1.356183
51.384065;95.042781;25.820835;2.325256;0.277380;5.513406;1.337803
51.584003;94.904949;25.959257;2.384549;0.328983;5.561708;1.283504
51.783941;94.758699;26.088446;2.452287;0.348846;5.607659;1.190027
51.983879;94.603745;26.207667;2.518693;0.330435;5.649930;1.044092
52.183817;94.440439;26.317244;2.581937;0.312833;5.686758;0.886384
52.383755;94.269597;26.417170;2.642224;0.296548;5.717837;0.721682
52.583693;94.092033;26.507440;2.699814;0.281922;5.743017;0.545983
52.783631;93.908565;26.588049;2.755004;0.269161;5.761993;0.370264
52.983569;93.720006;26.658991;2.808116;0.258381;5.774827;0.205951
53.183507;93.527174;26.720260;2.859481;0.249638;5.781953;0.052283
53.383445;93.330883;26.771852;2.909438;0.242955;5.783761;-0.091630
53.583383;93.131950;26.813760;2.958332;0.238344;5.780592;0.149223
53.783321;92.932009;26.845867;3.006356;0.236660;5.785751;0.369476
53.983259;92.731762;26.868265;3.054068;0.237023;5.798505;0.553634
54.183197;92.530921;26.881063;3.101885;0.238286;5.817564;0.698374
54.383135;92.330016;26.884218;3.149971;0.240450;5.841516;0.799162
54.583073;92.129582;26.877684;3.198487;0.243505;5.868805;0.851257
54.783011;91.930150;26.861418;3.247594;0.247430;5.897735;0.907970
54.982949;91.732255;26.835375;3.297448;0.252188;5.928436;1.003458
55.182887;91.536429;26.799510;3.348198;0.257721;5.962181;1.117198
55.382825;91.343204;26.753779;3.399985;0.263950;5.999529;1.244503
55.582763;91.153113;26.698138;3.452937;0.270766;6.040860;1.357812
55.782701;90.965393;26.632055;3.507232;0.271591;6.085635;1.460215
55.982639;90.780504;26.555488;3.561009;0.265803;6.133421;1.554551
56.182577;90.600109;26.469281;3.613584;0.260079;6.183889;1.643441
56.382515;90.424507;26.373850;3.665015;0.254600;6.236799;1.729335
56.582453;90.253995;26.269614;3.715387;0.249517;6.291993;1.792520
56.782391;90.088869;26.156991;3.764798;0.244952;6.348698;1.842406
56.982329;89.929428;26.036397;3.813366;0.241006;6.406457;1.901073
57.182267;89.775969;25.908250;3.861218;0.237756;6.465515;1.970924
57.382205;89.628789;25.772968;3.908489;0.235265;6.526179;2.052913
57.582143;89.488187;25.630968;3.955325;0.233580;6.588773;2.079112
57.782081;89.354959;25.483334;4.000353;0.211306;6.651565;2.063324
57.982019;89.228296;25.330564;4.038771;0.175755;6.713299;2.063983
58.181957;89.106815;25.173172;4.070158;0.139999;6.774491;2.102203
58.381895;88.989467;25.012043;4.094524;0.104576;6.836252;2.133872
58.581833;88.875203;24.848061;4.111930;0.069706;6.898379;2.157011
58.781771;88.762974;24.682111;4.122447;0.035384;6.960615;2.179450
58.981709;88.651733;24.515077;4.126138;0.001455;7.022939;2.201971
59.181647;88.540429;24.347844;4.123039;-0.032299;7.085350;2.216142
59.381585;88.428015;24.181296;4.113155;-0.066102;7.147613;2.222681
59.581523;88.313441;24.016317;4.096466;-0.100107;7.209519;2.222472
59.781461;88.195996;23.854097;4.074916;-0.106809;7.270893;2.216514
59.981399;88.075302;23.694663;4.054081;-0.101561;7.331590;2.205894
60.181337;87.951433;23.537760;4.034308;-0.096254;7.391502;2.163687
60.381275;87.824580;23.383285;4.015601;-0.090918;7.449799;1.872184
60.581213;87.694938;23.231135;3.997961;-0.085574;7.499876;1.573025
60.781151;87.562698;23.081210;3.981387;-0.080241;7.541695;1.284456
60.981089;87.428052;22.933407;3.965875;-0.074934;7.575670;0.974759
61.181027;87.291195;22.787624;3.951419;-0.069663;7.601353;0.625412
61.380965;87.152317;22.643758;3.938012;-0.064433;7.617785;0.238462
61.580902;87.011612;22.501709;3.925649;-0.059248;7.624041;-0.175339
61.780840;86.869120;22.361229;3.914269;-0.054634;7.619442;-0.576785
61.980778;86.725086;22.222300;3.903779;-0.050205;7.604292;-0.966687
62.180716;86.579694;22.084854;3.894178;-0.045769;7.578832;-1.346281
62.380654;86.433077;21.948771;3.885466;-0.041330;7.543232;-1.717269
62.580592;86.285369;21.813931;3.877644;-0.036893;7.497577;-2.074298
62.780530;86.136703;21.680213;3.870710;-0.032457;7.442056;-2.387837
62.980468;85.987211;21.547497;3.864665;-0.028025;7.377625;-2.664861
63.180406;85.837026;21.415663;3.859507;-0.023593;7.305049;-2.924454
63.380344;85.686282;21.284591;3.855237;-0.019161;7.224564;-3.162907
63.580282;85.535111;21.154161;3.851854;-0.014726;7.136494;-3.376029
63.780220;85.383791;21.024456;3.848191;-0.025233;7.041275;-3.487360
63.980158;85.231938;20.895614;3.841714;-0.039813;6.941545;-3.512290
64.180096;85.079096;20.768003;3.832338;-0.054363;6.839632;-3.500780
64.380034;84.924858;20.642034;3.820070;-0.068826;6.736519;-3.449893
64.579972;84.768819;20.518121;3.804927;-0.083128;6.633337;-3.398901
64.779910;84.610573;20.396676;3.786938;-0.097172;6.530086;-3.312704
64.979848;84.449714;20.278111;3.766147;-0.110830;6.427857;-3.183666
65.179786;84.285837;20.162838;3.742615;-0.123950;6.328055;-3.019185
65.379724;84.118534;20.051271;3.716428;-0.136349;6.231932;-2.826327
65.579662;83.947400;19.943820;3.687697;-0.147822;6.140586;-2.610846
65.779600;83.772030;19.840924;3.656168;-0.163315;6.054980;-2.388830
65.979538;83.592724;19.743597;3.620984;-0.182001;5.975579;-2.180514
66.179476;83.409980;19.653027;3.581727;-0.203428;5.902170;-1.984445
66.379414;83.224279;19.570398;3.537942;-0.227938;5.834559;-1.777598
66.579352;83.036102;19.496887;3.489135;-0.255791;5.773323;-1.393402
66.779290;82.845930;19.433677;3.434794;-0.287075;5.724865;-1.021869
66.979228;82.654243;19.381948;3.374417;-0.321576;5.689064;-0.672184
67.179166;82.461523;19.342880;3.307569;-0.358593;5.665392;-0.340459
67.379104;82.268250;19.317655;3.233948;-0.396741;5.653364;-0.023144
67.579042;82.074906;19.307451;3.153489;-0.433783;5.652545;0.283067
67.778980;81.881130;19.313198;3.071750;-0.398790;5.662549;0.581330
67.978918;81.687731;19.333972;2.999080;-0.347790;5.683038;0.874765
68.178856;81.494865;19.368046;2.936080;-0.295579;5.713731;1.166557
68.378794;81.302560;19.413688;2.882713;-0.244855;5.754407;1.460091
68.578732;81.110844;19.469168;2.838679;-0.196983;5.804916;1.759084
68.778670;80.919745;19.532756;2.803561;-0.152329;5.865191;2.061734
68.978608;80.729291;19.602720;2.776935;-0.110599;5.935057;2.366987
69.178546;80.539511;19.677329;2.758442;-0.071094;6.014267;2.552741
69.378484;80.350432;19.754853;2.747832;-0.032885;6.098540;2.730532
69.578422;80.162083;19.833562;2.744988;0.005096;6.187411;2.901636
69.778360;79.975363;19.911627;2.746086;0.003775;6.280474;3.061837
69.978298;79.789396;19.989212;2.746499;0.000305;6.377202;3.205862
70.178236;79.604085;20.066510;2.746206;-0.003227;6.476933;3.327414
70.378174;79.419382;20.143694;2.745203;-0.006806;6.578845;3.419464
70.578112;79.235238;20.220940;2.743484;-0.010413;6.681958;3.474986
70.778050;79.051606;20.298419;2.741049;-0.014031;6.785141;3.530615
70.977988;78.868435;20.376308;2.737896;-0.017641;6.888392;3.548176
71.177926;78.685678;20.454779;2.734031;-0.021224;6.990620;3.514396
71.377864;78.503286;20.534007;2.729457;-0.024761;7.090423;3.431915
71.577802;78.321211;20.614165;2.724185;-0.028231;7.186545;3.304196
71.777740;78.139200;20.695484;2.718702;-0.026730;7.277891;3.134451
71.977678;77.957453;20.777851;2.713522;-0.025193;7.363497;2.940009
72.177616;77.775972;20.861200;2.708643;-0.023672;7.442898;2.746207
72.377554;77.594754;20.945468;2.704062;-0.022168;7.516307;2.553144
72.577492;77.413798;21.030591;2.699778;-0.020678;7.583918;2.360942
72.777430;77.233104;21.116506;2.695789;-0.019202;7.645908;2.169736
72.977368;77.052669;21.203150;2.692092;-0.017738;7.702436;1.979667
73.177306;76.872493;21.290457;2.688687;-0.016284;7.753654;1.790883
73.377244;76.692574;21.378366;2.685570;-0.014840;7.799697;1.603534
73.577182;76.512912;21.466812;2.682744;-0.013043;7.840695;1.417770
73.777120;76.333489;21.555662;2.681195;-0.002429;7.876765;1.214901
73.977058;76.154143;21.644583;2.681772;0.008194;7.907543;1.005322
74.176996;75.974700;21.733185;2.684476;0.018834;7.932921;0.810216
74.376934;75.794991;21.821079;2.689310;0.029500;7.953315;0.627485
74.576872;75.614843;21.907873;2.696278;0.040194;7.969074;0.447141
74.776810;75.434085;21.993178;2.705383;0.050915;7.980285;0.273717
74.976748;75.252544;22.076605;2.716627;0.061651;7.987139;0.106402
75.176686;75.070050;22.157763;2.730013;0.072381;7.989802;-0.055591
75.376624;74.886431;22.236263;2.745536;0.083072;7.988411;-0.054258
75.576562;74.701493;22.311722;2.763186;0.093289;7.987053;-0.045997
75.776500;74.514909;22.383848;2.782475;0.099582;7.985902;-0.037663
75.976438;74.326907;22.452249;2.803039;0.106020;7.984959;-0.029983
76.176376;74.137523;22.516638;2.824902;0.112593;7.984208;-0.023649
76.376314;73.946793;22.576729;2.848085;0.119282;7.983616;-0.019317
76.576252;73.754752;22.632234;2.872606;0.126059;7.983132;-0.014789
76.776190;73.561438;22.682866;2.898480;0.132887;7.982761;0.000000
76.976128;73.366886;22.728339;2.925714;0.139715;7.982761;0.000000
77.176066;73.171131;22.768366;2.954308;0.146485;7.982761;0.000000
77.376004;72.974210;22.802660;2.984256;0.153124;7.982761;0.000000
77.575942;72.776245;22.830923;3.015505;0.158267;7.982761;0.000000
77.775880;72.577728;22.852919;3.046912;0.156268;7.982761;-0.000000
77.975818;72.378409;22.868721;3.077986;0.154602;7.982761;0.000000
78.175756;72.178542;22.878359;3.108784;0.153274;7.982761;0.000000
78.375694;71.978381;22.881863;3.139365;0.152288;7.982761;0.000000
78.575632;71.778178;22.879261;3.169788;0.151650;7.982761;-0.000000
78.775570;71.578188;22.870583;3.200112;0.151362;7.982761;0.000000
78.975508;71.378664;22.855860;3.230396;0.151427;7.982761;0.000000
79.175446;71.179859;22.835120;3.260701;0.151850;7.982761;0.000000
79.375384;70.982027;22.808392;3.291088;0.152632;7.982761;-0.000000
79.575322;70.785270;22.775680;3.321615;0.152405;7.982761;0.000000
79.775260;70.589256;22.736957;3.351438;0.146041;7.982761;0.000000
79.975198;70.394654;22.692581;3.379926;0.139360;7.982761;0.019017
80.175136;70.201436;22.642831;3.407046;0.132450;7.983238;0.046498
80.375074;70.009573;22.587985;3.432774;0.125387;7.984402;0.061310
80.575012;69.819037;22.528322;3.457097;0.118241;7.985937;0.065890
80.774950;69.629800;22.464120;3.480009;0.111069;7.987587;0.070475
80.974888;69.441833;22.395659;3.501512;0.103916;7.989351;0.070676
81.174826;69.255109;22.323216;3.521613;0.096818;7.991119;0.067453
81.374764;69.069598;22.247071;3.540323;0.089802;7.992807;0.061711
81.574702;68.885498;22.167600;3.557708;0.085678;7.994350;0.054308
81.774640;68.703257;22.085162;3.575240;0.089643;7.995708;0.046054
81.974578;68.522418;21.999417;3.593590;0.093759;7.996860;0.037719
82.174516;68.343179;21.910273;3.612784;0.098026;7.997803;0.030034
82.374454;68.165736;21.817635;3.632846;0.102441;7.998554;0.023694
82.574392;67.990286;21.721409;3.653799;0.106998;7.999146;0.019356
82.774330;67.817026;21.621502;3.675666;0.111689;7.999630;-0.009408
82.974268;67.646154;21.517819;3.698468;0.116500;7.999394;-0.157016
83.174206;67.477865;21.410266;3.722226;0.121413;7.995469;-0.272257
83.374144;67.312357;21.298750;3.746954;0.126405;7.988658;-0.369066
83.574082;67.149793;21.183153;3.772573;0.128028;7.979416;-0.446508
83.774020;66.990209;21.063459;3.797425;0.121104;7.968220;-0.503628
83.973958;66.833563;20.939947;3.820882;0.114051;7.955573;-0.539503
84.173896;66.679713;20.812857;3.842932;0.106927;7.942003;-0.553301
84.373834;66.528518;20.682433;3.863569;0.099778;7.928061;-0.556636
84.573772;66.379834;20.548915;3.882795;0.092644;7.914011;-0.559950
84.773710;66.233519;20.412545;3.900615;0.085554;7.899852;-0.553493
84.973648;66.089431;20.273566;3.917038;0.078527;7.885831;-0.538322
85.173586;65.947427;20.132219;3.932074;0.071576;7.872170;-0.515471
85.373524;65.807365;19.988746;3.945735;0.064708;7.859067;-0.485937
85.573462;65.669088;19.843369;3.958223;0.063673;7.846695;-0.450679
85.773400;65.532649;19.696147;3.972116;0.074781;7.835203;-0.410612
85.973338;65.398483;19.546948;3.988251;0.086077;7.824718;-0.366606
86.173276;65.267020;19.395577;4.006658;0.097581;7.815345;-0.319490
86.373214;65.138690;19.241841;4.027369;0.109295;7.807167;-0.270052
86.573152;65.013922;19.085548;4.050414;0.121196;7.800248;-0.208569
86.773090;64.893148;18.926503;4.075818;0.133237;7.794901;-0.119538
86.973028;64.776796;18.764513;4.103599;0.145338;7.791834;-0.003749
87.172966;64.665296;18.599385;4.133760;0.157385;7.791738;0.000000
87.372904;64.559079;18.430926;4.166289;0.169226;7.791738;0.000000
87.572842;64.458584;18.258972;4.200928;0.174762;7.791738;0.000000
87.772780;64.364057;18.083535;4.235265;0.169850;7.791738;0.000000
87.972718;64.275435;17.904816;4.268672;0.165098;7.791738;0.000000
88.172656;64.192663;17.723083;4.301185;0.160549;7.791738;0.000000
88.372594;64.115685;17.538601;4.332845;0.156240;7.791738;-0.000000
88.572532;64.044446;17.351638;4.363697;0.152201;7.791738;-0.147530
88.772470;63.978890;17.162460;4.393791;0.148456;7.787951;-0.371116
88.972408;63.918961;16.971333;4.423179;0.145023;7.778418;-0.555766
89.172346;63.864604;16.778525;4.451915;0.141919;7.764119;-0.620326
89.372284;63.815763;16.584301;4.480056;0.139156;7.748128;-0.688078
89.572222;63.772377;16.388926;4.507446;0.131362;7.730352;-0.760448
89.772160;63.734146;16.192613;4.532122;0.115351;7.710659;-0.839046
89.972098;63.700459;15.995507;4.553574;0.099196;7.688872;-0.925668
90.172036;63.670686;15.797751;4.571793;0.083007;7.664763;-1.022290
90.371974;63.644193;15.599484;4.586780;0.066848;7.638050;-1.132208
90.571912;63.620351;15.400848;4.598542;0.050745;7.608355;-1.244399
90.771850;63.598526;15.201982;4.607088;0.034693;7.575583;-1.347273
90.971788;63.578089;15.003028;4.612424;0.018663;7.539941;-1.448474
91.171726;63.558406;14.804125;4.614551;0.002609;7.501433;-1.545136
91.371664;63.538847;14.605415;4.613463;-0.013524;7.460137;-1.634320
91.571602;63.518724;14.406478;4.609202;-0.028205;7.416206;-1.713072
91.771540;63.497437;14.207239;4.602278;-0.040923;7.369878;-1.778489
91.971478;63.474552;14.008470;4.592812;-0.053709;7.321470;-1.827822
92.171416;63.449565;13.810208;4.580799;-0.066530;7.271384;-1.858607
92.371354;63.421973;13.612490;4.566238;-0.079338;7.220098;-1.891469
92.571292;63.391272;13.415351;4.549137;-0.092063;7.167528;-1.923243
92.771230;63.356960;13.218828;4.529515;-0.104615;7.113677;-1.945642
92.971168;63.318533;13.022958;4.507403;-0.116878;7.058781;-1.974932
93.171106;63.275487;12.827778;4.482850;-0.128711;7.002618;-2.012260
93.371044;63.227321;12.633322;4.455927;-0.139948;6.944926;-1.936612
93.570982;63.173731;12.440310;4.426872;-0.149727;6.888947;-1.848544
93.770920;63.114371;12.248980;4.395920;-0.159430;6.835087;-1.753529
93.970858;63.048816;12.059333;4.362874;-0.170095;6.783599;-1.653440
94.170796;62.976796;11.871967;4.327577;-0.181731;6.734689;-1.549931
94.370734;62.898044;11.687478;4.289874;-0.194317;6.688517;-1.444464
94.570672;62.812289;11.506463;4.249614;-0.207792;6.645198;-1.329034
94.770610;62.719265;11.329517;4.206660;-0.222037;6.605089;-1.072379
94.970548;62.618701;11.157239;4.160893;-0.236861;6.572548;-0.736035
95.170486;62.510331;10.990223;4.112227;-0.251986;6.550120;-0.403597
95.370424;62.393884;10.829068;4.060621;-0.267030;6.537788;-0.087988
95.570362;62.269225;10.674471;4.007031;-0.265613;6.535097;0.213017
95.770300;62.136563;10.526614;3.955637;-0.251749;6.541611;0.501462
95.970238;61.996425;10.385335;3.906913;-0.237960;6.556920;0.779283
96.170176;61.849423;10.250559;3.860796;-0.224571;6.580639;0.807537
96.370114;61.696170;10.122211;3.817188;-0.211821;6.605129;0.713468
96.570052;61.537278;10.000216;3.775963;-0.199878;6.626690;0.633442
96.769990;61.373358;9.884501;3.736978;-0.188850;6.645775;0.567750
96.969928;61.205024;9.774990;3.700077;-0.178800;6.662834;0.515528
97.169866;61.032887;9.671609;3.665098;-0.169759;6.678286;0.476135
97.369804;60.857560;9.574282;3.631876;-0.161736;6.692525;0.449104
97.569742;60.679493;9.482840;3.600603;-0.148076;6.705929;0.434072
97.769680;60.499136;9.396864;3.572878;-0.129311;6.718858;0.430694
97.969618;60.316854;9.315675;3.548997;-0.109961;6.731663;0.438531
98.169556;60.132903;9.238532;3.529021;-0.090283;6.744675;0.456902
98.369494;59.947539;9.164693;3.512983;-0.070464;6.758206;0.457613
98.569432;59.761019;9.093416;3.500894;-0.050630;6.771730;0.458323
98.769370;59.573600;9.023960;3.492752;-0.030857;6.785249;0.467171
98.969308;59.385538;8.955583;3.488548;-0.011184;6.799001;0.465731
99.169246;59.197090;8.887543;3.488269;0.008371;6.812683;0.454060
99.369184;59.008513;8.819098;3.491900;0.027798;6.825996;0.432403
99.569122;58.820090;8.749517;3.499426;0.047147;6.838649;0.401090
99.769060;58.632212;8.678107;3.510857;0.066634;6.850366;0.360478
99.968998;58.445360;8.604208;3.526227;0.086408;6.860879;0.310903
100.168936;58.260029;8.527164;3.545586;0.106577;6.869933;0.252661
100.368874;58.076711;8.446319;3.568997;0.127192;6.877282;0.185998
100.568812;57.895902;8.361017;3.596521;0.148229;6.882688;0.135411
100.768750;57.718096;8.270603;3.628214;0.169565;6.886620;0.104176
100.968688;57.543785;8.174421;3.664105;0.190961;6.889644;0.084156
101.168626;57.373465;8.071816;3.704183;0.212039;6.892086;0.073990
101.368564;57.207629;7.962131;3.748377;0.232275;6.894232;0.072447
101.568502;57.046960;7.844919;3.795335;0.233884;6.896333;0.070994
101.768440;56.891664;7.720157;3.841219;0.226863;6.898390;0.069623
101.968378;56.741851;7.588214;3.885871;0.220580;6.900408;0.068325
102.168316;56.597733;7.449540;3.929429;0.215104;6.902388;0.067096
102.368254;56.459526;7.304587;3.972037;0.210486;6.904331;0.317744
102.568191;56.327443;7.153804;4.013844;0.206764;6.913526;0.648253
102.768129;56.201698;6.997642;4.055006;0.203970;6.932248;0.852775
102.968067;56.082505;6.836551;4.095683;0.202129;6.956800;1.037821
103.168005;55.970077;6.670982;4.136035;0.201268;6.986563;1.203222
103.367943;55.864630;6.501385;4.176230;0.201412;7.020912;1.348203
103.567881;55.765980;6.327578;4.215499;0.186276;7.059201;1.471451
103.767819;55.673893;6.150291;4.250349;0.162442;7.100755;1.571206
103.967757;55.587667;5.970247;4.280340;0.137948;7.144859;1.645390
104.167695;55.506419;5.787870;4.305413;0.113190;7.190755;1.436079
104.367633;55.429265;5.603585;4.325551;0.088420;7.230575;1.188370
104.567571;55.355320;5.417816;4.340763;0.063766;7.263361;0.960658
104.767509;55.283701;5.230988;4.351067;0.039257;7.289757;0.755440
104.967447;55.213523;5.043524;4.356482;0.014855;7.310447;0.562409
105.167385;55.143901;4.855851;4.357016;-0.009520;7.325813;0.385019
105.367323;55.073953;4.668391;4.352668;-0.033964;7.336313;0.227110
105.567261;55.002919;4.481692;4.344931;-0.038264;7.342500;0.092840
105.767199;54.930534;4.295720;4.337576;-0.035439;7.345028;-0.013419
105.967137;54.856859;4.110323;4.330792;-0.032561;7.344662;-0.087214
106.167075;54.781979;3.925402;4.324586;-0.029641;7.342288;-0.124229
106.367013;54.705979;3.740859;4.318965;-0.026688;7.338904;-0.159686
106.566951;54.628943;3.556594;4.313932;-0.023711;7.334552;-0.175279
106.766889;54.550955;3.372509;4.309490;-0.020720;7.329773;-0.186676
106.966827;54.472100;3.188506;4.305642;-0.017724;7.324679;-0.207779
107.166765;54.392464;3.004485;4.302389;-0.014731;7.319005;-0.239338
107.366703;54.312130;2.820349;4.299729;-0.011750;7.312464;-0.282071
107.566641;54.231147;2.636115;4.296146;-0.027684;7.304748;-0.327873
107.766579;54.149046;2.452136;4.288477;-0.048462;7.295768;-0.352183
107.966517;54.065162;2.268988;4.276603;-0.069494;7.286110;-0.356266
108.166455;53.978833;2.087263;4.260470;-0.090973;7.276327;-0.348849
108.366393;53.889398;1.907555;4.240005;-0.113044;7.266735;-0.341833
108.566331;53.796195;1.730456;4.215119;-0.135782;7.257324;-0.335183
108.766269;53.698563;1.556559;4.185718;-0.159169;7.248084;-0.288831
108.966207;53.595840;1.386457;4.151721;-0.183063;7.240112;-0.134331
109.166145;53.487366;1.220743;4.113076;-0.207164;7.236402;0.000000
109.366083;53.372478;1.060009;4.069780;-0.230989;7.236402;0.000000
109.566021;53.250124;0.904122;4.024539;-0.220351;7.236402;-0.000000
109.765959;53.120931;0.753554;3.982530;-0.203018;7.236402;0.000000
109.965897;52.985564;0.608086;3.943937;-0.185386;7.236402;0.000000
110.165835;52.844602;0.467386;3.908768;-0.167796;7.236402;0.000000
110.365773;52.698623;0.331120;3.876994;-0.150488;7.236402;0.255927
110.565711;52.548207;0.198955;3.848559;-0.133610;7.243469;0.516924
110.765649;52.393931;0.070556;3.823393;-0.117235;7.257724;0.753885
110.965587;52.236375;-0.054409;3.801421;-0.101371;7.278462;0.967856
111.165525;52.076117;-0.176274;3.782568;-0.085978;7.305001;1.158974
111.365463;51.913736;-0.295372;3.766771;-0.070973;7.336653;1.326525
111.565401;51.750604;-0.411431;3.753389;-0.063034;7.372715;1.468992
111.765339;51.586170;-0.525319;3.741545;-0.055382;7.412445;1.584118
111.965277;51.420554;-0.637332;3.731242;-0.047676;7.455051;1.669007
112.165215;51.253918;-0.747736;3.722485;-0.039935;7.499679;1.720276
112.365153;51.086423;-0.856794;3.715278;-0.032175;7.545402;1.734325
112.565091;50.918232;-0.964772;3.709624;-0.024406;7.591219;1.748442
112.765029;50.749508;-1.071934;3.705522;-0.016634;7.637130;1.744957
112.964967;50.580412;-1.178545;3.702974;-0.008864;7.682677;1.714128
113.164905;50.411106;-1.284869;3.701978;-0.001097;7.727158;1.657090
113.364843;50.241754;-1.391170;3.702535;0.006664;7.769916;1.575156
113.564781;50.072613;-1.497567;3.703541;0.003371;7.810343;1.469679
113.764719;49.903519;-1.604093;3.703882;0.000040;7.847876;1.341951
113.964657;49.734403;-1.710635;3.703557;-0.003289;7.881990;1.193129
114.164595;49.565195;-1.817080;3.702567;-0.006616;7.912197;1.024181
114.364533;49.395826;-1.923314;3.700912;-0.009941;7.938036;0.844381
114.564471;49.226226;-2.029223;3.698592;-0.013264;7.959275;0.666769
114.764409;49.056328;-2.134693;3.695608;-0.016585;7.976007;0.491485
114.964347;48.886060;-2.239612;3.691959;-0.019905;7.988318;0.318663
115.164285;48.715354;-2.343866;3.687645;-0.023221;7.996289;0.148434
115.364223;48.544145;-2.447338;3.682670;-0.026202;8.000000;0.000000
115.564161;48.372486;-2.549924;3.678055;-0.019956;8.000000;0.000000
115.764099;48.200397;-2.651838;3.674687;-0.013718;8.000000;0.000000
115.964037;48.028017;-2.753286;3.672567;-0.007486;8.000000;0.000000
116.163975;47.855484;-2.854476;3.671693;-0.001256;8.000000;0.000000
116.363913;47.682938;-2.955616;3.672064;0.004975;8.000000;0.000000
116.563851;47.510517;-3.056913;3.673683;0.011213;8.000000;0.000000
116.763789;47.338360;-3.158575;3.676549;0.017460;8.000000;0.000000
116.963727;47.166606;-3.260810;3.680664;0.023719;8.000000;0.000000
117.163665;46.995392;-3.363824;3.686030;0.029993;8.000000;0.000000
117.363603;46.824840;-3.467838;3.692644;0.035535;8.000000;0.000000
117.563541;46.654787;-3.573142;3.699279;0.030802;8.000000;0.000000
117.763479;46.485429;-3.679464;3.704964;0.026053;8.000000;0.000000
117.963417;46.316657;-3.786649;3.709697;0.021293;8.000000;0.000000
118.163355;46.148359;-3.894540;3.713477;0.016526;8.000000;0.000000
118.363293;45.980428;-4.002981;3.716304;0.011754;8.000000;0.000000
118.563231;45.812751;-4.111816;3.718177;0.006980;8.000000;0.000000
118.763169;45.645221;-4.220889;3.719095;0.002206;8.000000;0.000000
118.963107;45.477726;-4.330044;3.719059;-0.002566;8.000000;0.000000
119.163045;45.310157;-4.439125;3.718069;-0.007336;8.000000;0.000000
119.362983;45.142422;-4.547964;3.716133;-0.011442;8.000000;0.000000
119.562921;44.974548;-4.656379;3.713930;-0.010609;8.000000;0.000000
119.762859;44.806417;-4.764455;3.711893;-0.009778;8.000000;0.000000
119.962797;44.638052;-4.872218;3.710021;-0.008947;8.000000;0.000000
120.162735;44.469473;-4.979693;3.708315;-0.008118;8.000000;0.000000
120.362673;44.300701;-5.086906;3.706775;-0.007290;8.000000;0.000000
120.562611;44.131757;-5.193883;3.705400;-0.006464;8.000000;0.000000
120.762549;43.962664;-5.300648;3.704190;-0.005637;8.000000;0.000000
120.962487;43.793442;-5.407229;3.703145;-0.004812;8.000000;0.000000
121.162425;43.624112;-5.513649;3.702265;-0.003987;8.000000;0.000000
121.362363;43.454697;-5.619935;3.701551;-0.003101;8.000000;0.000000
121.562301;43.285221;-5.726114;3.701052;-0.001893;8.000000;0.000000
121.762239;43.115710;-5.832226;3.700794;-0.000685;8.000000;0.000000
121.962177;42.946191;-5.938311;3.700778;0.000523;8.000000;0.000000
122.162115;42.776692;-6.044408;3.701003;0.001732;8.000000;0.000000
122.362053;42.607241;-6.150556;3.701471;0.002941;8.000000;0.000000
122.561991;42.437865;-6.256796;3.702179;0.004151;8.000000;0.000000
122.761929;42.268593;-6.363167;3.703130;0.005361;8.000000;0.000000
122.961867;42.099453;-6.469708;3.704323;0.006573;8.000000;0.000000
123.161805;41.930472;-6.576459;3.705758;0.007785;8.000000;0.000000
123.361743;41.761640;-6.683485;3.707471;0.010741;8.000000;0.000000
123.561681;41.592922;-6.790983;3.710610;0.020644;8.000000;0.000000
123.761619;41.424686;-6.899151;3.715730;0.030563;8.000000;0.000000
123.961557;41.257162;-7.008316;3.722834;0.040501;8.000000;0.000000
124.161495;41.090574;-7.118803;3.731925;0.050454;8.000000;0.000000
124.361433;40.925152;-7.230934;3.743003;0.060412;8.000000;0.000000
124.561371;40.761121;-7.345037;3.756068;0.070355;8.000000;0.000000
124.761309;40.598709;-7.461435;3.771116;0.080253;8.000000;0.000000
124.961247;40.438143;-7.580453;3.788139;0.090064;8.000000;0.000000
125.161185;40.279651;-7.702415;3.807120;0.099730;8.000000;0.000000
125.361123;40.123581;-7.827546;3.827975;0.107400;8.000000;0.000000
125.561061;39.970383;-7.955851;3.849680;0.109868;8.000000;0.000000
125.760999;39.819900;-8.087611;3.871920;0.112552;8.000000;0.000000
125.960937;39.672344;-8.222800;3.894731;0.115447;8.000000;0.000000
126.160875;39.527921;-8.361391;3.918147;0.118549;8.000000;0.000000
126.360813;39.386842;-8.503356;3.942202;0.121851;8.000000;0.000000
126.560751;39.249314;-8.648668;3.966928;0.125342;8.000000;0.000000
126.760689;39.115547;-8.797300;3.992356;0.129012;8.000000;0.000000
126.960627;38.985750;-8.949225;4.018517;0.132845;8.000000;0.000000
127.160565;38.860130;-9.104415;4.045436;0.136824;8.000000;0.000000
127.360503;38.738827;-9.262937;4.073089;0.138469;8.000000;0.000000
127.560441;38.621835;-9.424877;4.100269;0.133606;8.000000;-0.033736
127.760379;38.509242;-9.589828;4.126458;0.128639;7.999157;-0.056680
127.960317;38.400923;-9.757616;4.151649;0.123612;7.997740;-0.066169
128.160255;38.296755;-9.928068;4.175838;0.118564;7.996086;-0.070725
128.360193;38.196613;-10.101011;4.199029;0.113530;7.994317;-0.075280
128.560131;38.100373;-10.276270;4.221230;0.108537;7.992434;-0.070089
128.760069;38.007909;-10.453673;4.242449;0.103609;7.990681;-0.056400
128.960007;37.919099;-10.633046;4.262701;0.098763;7.989269;-0.035396
129.159945;37.833817;-10.814215;4.282000;0.094012;7.988383;-0.008197
129.359883;37.751955;-10.996977;4.300474;0.092946;7.988178;0.000000
129.559821;37.673555;-11.181182;4.319750;0.099653;7.988178;0.000000
129.759759;37.598862;-11.366873;4.340379;0.106499;7.988178;0.000000
129.959697;37.528173;-11.554035;4.362382;0.113470;7.988178;0.000000
130.159635;37.461785;-11.742654;4.385778;0.120544;7.988178;0.000000
130.359573;37.399994;-11.932718;4.410583;0.127686;7.988178;-0.000000
130.559511;37.343097;-12.124213;4.436807;0.134852;7.988178;0.000000
130.759449;37.291391;-12.317124;4.464454;0.141986;7.988178;0.000000
130.959387;37.245171;-12.511439;4.493519;0.149019;7.988178;-0.000000
131.159325;37.204736;-12.707143;4.523988;0.155869;7.988178;0.000000
131.359263;37.170416;-12.903976;4.555650;0.158414;7.988178;0.000000
131.559201;37.142344;-13.101630;4.586811;0.153797;7.988178;0.000000
131.759139;37.120330;-13.300304;4.617118;0.149482;7.988178;0.000000
131.959077;37.104250;-13.499750;4.646625;0.145492;7.988178;-0.000000
132.159015;37.093978;-13.699719;4.675387;0.141842;7.988178;0.000000
132.358953;37.089390;-13.899962;4.703462;0.138544;7.988178;0.000000
132.558891;37.090360;-14.100231;-1.552276;0.135609;7.988178;-0.000000
132.758829;37.096765;-14.300277;-1.525396;0.133044;7.988178;0.000000
132.958767;37.108478;-14.499852;-1.499022;0.130859;7.988178;0.000000
133.158705;37.125375;-14.698707;-1.473092;0.129060;7.988178;0.000000
133.358643;37.147412;-14.897259;-1.447513;0.126047;7.988178;0.000000
133.558581;37.174536;-15.095879;-1.422839;0.120063;7.988178;-0.000000
133.758519;37.206368;-15.293426;-1.399439;0.113775;7.988178;0.033689
133.958457;37.242641;-15.489957;-1.377349;0.107248;7.989021;0.056618
134.158395;37.283087;-15.685528;-1.356597;0.100543;7.990438;0.066122
134.358333;37.327438;-15.880193;-1.337203;0.093710;7.992093;0.070705
134.558271;37.375427;-16.074011;-1.319181;0.086795;7.993861;0.075293
134.758209;37.426787;-16.267036;-1.302539;0.079835;7.995744;0.070133
134.958147;37.481249;-16.459324;-1.287281;0.072860;7.997498;0.056458
135.158085;37.538546;-16.650931;-1.273407;0.065893;7.998909;0.035443
135.358023;37.598292;-16.841551;-1.260970;0.058223;7.999795;0.008209
135.557961;37.660158;-17.031185;-1.250205;0.049721;8.000000;0.000000
135.757899;37.723954;-17.220351;-1.241124;0.041262;8.000000;0.000000
135.957837;37.789358;-17.409131;-1.233722;0.032848;8.000000;0.000000
136.157775;37.856046;-17.597609;-1.227992;0.024478;8.000000;0.000000
136.357713;37.923695;-17.785866;-1.223930;0.016145;8.000000;0.000000
136.557651;37.991982;-17.973986;-1.221530;0.007840;8.000000;0.000000
136.757589;38.060583;-18.162051;-1.220790;-0.000449;8.000000;0.000000
136.957527;38.129175;-18.350145;-1.221710;-0.008733;8.000000;0.000000
137.157465;38.197435;-18.538349;-1.224288;-0.017024;8.000000;0.000000
137.357403;38.265035;-18.726703;-1.228210;-0.019169;8.000000;0.000000
137.557341;38.331891;-18.915224;-1.231669;-0.015407;8.000000;0.000000
137.757279;38.398152;-19.103914;-1.234373;-0.011639;8.000000;0.000000
137.957217;38.463964;-19.292728;-1.236323;-0.007866;8.000000;0.000000
138.157155;38.529471;-19.481622;-1.237518;-0.004090;8.000000;0.000000
138.357093;38.594817;-19.670552;-1.237958;-0.000311;8.000000;0.000000
138.557031;38.660147;-19.859475;-1.237643;0.003468;8.000000;0.000000
138.756969;38.725607;-20.048346;-1.236572;0.007248;8.000000;0.000000
138.956907;38.791339;-20.237122;-1.234745;0.011027;8.000000;0.000000
139.156845;38.857490;-20.425758;-1.232163;0.014803;8.000000;0.000000
139.356783;38.924141;-20.614056;-1.229005;0.015439;8.000000;0.000000
139.556721;38.991334;-20.802049;-1.226105;0.013613;8.000000;0.000000
139.756659;39.059052;-20.989899;-1.223569;0.011784;8.000000;0.000000
139.956597;39.127231;-21.177641;-1.221399;0.009954;8.000000;0.000000
140.156535;39.195807;-21.365312;-1.219592;0.008125;8.000000;0.000000
140.356473;39.264716;-21.552950;-1.218151;0.006298;8.000000;-0.220374
140.556411;39.333895;-21.740591;-1.217074;0.004474;7.994490;-0.534814
140.756349;39.403279;-21.928272;-1.216361;0.002653;7.981104;-0.858897
140.956287;39.472805;-22.116030;-1.216012;0.000837;7.959558;-1.171568
141.156225;39.542409;-22.303902;-1.216025;-0.000973;7.930075;-1.474757
141.356163;39.612072;-22.492048;-1.216438;-0.003393;7.892805;-1.770770
141.556101;39.681670;-22.680416;-1.217405;-0.006231;7.847820;-2.062253
141.756039;39.751033;-22.868873;-1.218942;-0.009081;7.795103;-2.352176
141.955977;39.820021;-23.057372;-1.221052;-0.011954;7.734536;-2.643814
142.155915;39.888495;-23.245864;-1.223741;-0.014862;7.665889;-2.938927
142.355853;39.956314;-23.434301;-1.227012;-0.017818;7.588850;-3.307565
142.555791;40.023339;-23.622636;-1.230874;-0.020832;7.501202;-3.645426
142.755729;40.089428;-23.810819;-1.235335;-0.023918;7.403399;-3.936313
142.955667;40.154444;-23.998804;-1.240407;-0.027089;7.296319;-4.180662
143.155605;40.218245;-24.186542;-1.246100;-0.030356;7.180845;-4.375241
143.355543;40.280722;-24.373992;-1.251810;-0.023918;7.057973;-4.513273
143.555480;40.342161;-24.561253;-1.255331;-0.011766;6.928941;-4.584855
143.755418;40.403119;-24.748511;-1.256439;0.000517;6.795355;-4.578777
143.955356;40.464159;-24.935958;-1.255130;0.012733;6.659272;-4.487930
144.155294;40.525844;-25.123782;-1.251424;0.024686;6.523135;-4.396972
144.355232;40.588737;-25.312173;-1.245369;0.036187;6.386944;-4.299971
144.555170;40.653401;-25.501320;-1.237036;0.047057;6.250888;-4.165334
144.755108;40.720397;-25.691412;-1.226520;0.057131;6.116206;-4.015485
144.955046;40.790290;-25.882639;-1.213939;0.066266;5.983501;-3.930272
145.154984;40.863641;-26.075189;-1.199433;0.074338;5.850697;-3.908169
145.354922;40.940303;-26.267935;-1.186607;0.035036;5.715582;-3.888582
145.554860;41.018849;-26.461314;-1.185350;-0.022639;5.577896;-3.848986
145.754798;41.096627;-26.655434;-1.196090;-0.080417;5.438181;-3.774917
145.954736;41.170741;-26.849820;-1.219117;-0.141975;5.297576;-3.677388
146.154674;41.238296;-27.043994;-1.255218;-0.210882;5.156919;-3.579750
146.354612;41.296396;-27.237484;-1.305630;-0.290411;5.016209;-3.427738
146.554550;41.342146;-27.429812;-1.371932;-0.382784;4.877672;-3.102977
146.754488;41.372652;-27.620504;-1.455776;-0.487440;4.748777;-2.706572
146.954426;41.385017;-27.809084;-1.558361;-0.598145;4.633421;-2.301346
147.154364;41.376347;-27.995078;4.603613;-0.699962;4.533027;-1.904556
147.354302;41.342065;-28.185531;4.465554;-0.692797;4.448230;-1.536284
147.554240;41.280521;-28.375010;4.332865;-0.640126;4.378633;-1.193076
147.754178;41.194577;-28.556449;4.208499;-0.600569;4.323811;-0.868242
147.954116;41.086668;-28.727181;4.089778;-0.577190;4.283474;-0.555446
148.154054;40.959227;-28.884540;3.973744;-0.571166;4.257469;-0.248474
148.353992;40.814690;-29.025861;3.857335;-0.582910;4.245784;0.057981
148.553930;40.655490;-29.148476;3.737466;-0.612387;4.248514;0.408167
148.753868;40.484062;-29.249719;3.611125;-0.658642;4.267679;0.749453
148.953806;40.302840;-29.326925;3.475577;-0.718443;4.302647;1.076332
149.153744;40.116424;-29.377023;3.331050;-0.754894;4.352376;1.391442
149.353682;39.933167;-29.399572;3.199945;-0.659896;4.415833;1.694073
149.553620;39.745977;-29.399565;3.086596;-0.550228;4.491881;1.979751
149.753558;39.555621;-29.379660;2.991607;-0.443995;4.579154;2.239782
149.953496;39.362865;-29.342517;2.913932;-0.349930;4.675926;2.461709
150.153434;39.168475;-29.290794;2.851831;-0.270027;4.780028;2.632770
150.353372;38.973219;-29.227152;2.803492;-0.202778;4.888911;2.809167
150.553310;38.777861;-29.154250;2.767354;-0.145303;5.002476;2.986294
150.753248;38.583169;-29.074748;2.742243;-0.094358;5.120441;3.136403
150.953186;38.389910;-28.991303;2.727426;-0.046658;5.241477;3.273723
151.153124;38.198831;-28.906563;2.722305;-0.012013;5.364901;3.470260
151.353062;38.010367;-28.822229;2.719129;-0.018814;5.492708;3.735390
151.553000;37.824448;-28.738170;2.714573;-0.025896;5.627036;3.922421
151.752938;37.640880;-28.654009;2.708613;-0.033169;5.764722;4.077171
151.952876;37.459469;-28.569368;2.701238;-0.040529;5.904437;4.201687
152.152814;37.280022;-28.483872;2.692452;-0.047861;6.045042;4.302186
152.352752;37.102345;-28.397142;2.682276;-0.055045;6.185699;4.402797
152.552690;36.926245;-28.308801;2.670746;-0.061951;6.326409;4.431568
152.752628;36.751528;-28.218472;2.657914;-0.068454;6.464946;4.391130
152.952566;36.578001;-28.125778;2.643849;-0.074430;6.599351;4.290858
153.152504;36.405384;-28.030294;2.628697;-0.077217;6.728094;4.140552
153.352442;36.233419;-27.931740;2.613806;-0.073073;6.850033;3.948010
153.552380;36.062356;-27.830378;2.599673;-0.069117;6.964314;3.750993
153.752318;35.892229;-27.726380;2.586271;-0.065339;7.071181;3.554751
153.952256;35.723072;-27.619919;2.573575;-0.061726;7.170987;3.359116
154.152194;35.554920;-27.511168;2.561563;-0.058269;7.264041;3.164029
154.352132;35.387806;-27.400299;2.550212;-0.054956;7.350613;2.969504
154.552070;35.221765;-27.287486;2.539501;-0.051775;7.430945;2.775606
154.752008;35.056831;-27.172899;2.529413;-0.048713;7.505254;2.582430
154.951946;34.893038;-27.056713;2.519929;-0.045760;7.573737;2.390096
155.151884;34.730479;-26.939144;2.511069;-0.041878;7.636572;2.198735
155.351822;34.569176;-26.820416;2.503283;-0.035860;7.693923;2.008490
155.551760;34.408851;-26.700624;2.496713;-0.029796;7.745941;1.819507
155.751698;34.249337;-26.579949;2.491362;-0.023698;7.792764;1.631936
155.951636;34.090469;-26.458575;2.487236;-0.017574;7.834523;1.445926
156.151574;33.932082;-26.336686;2.484337;-0.011433;7.871337;1.261628
156.351512;33.774012;-26.214464;2.482667;-0.005279;7.903318;1.079189
156.551450;33.616093;-26.092093;2.482228;0.000880;7.930572;0.898754
156.751388;33.458160;-25.969755;2.483019;0.007041;7.953198;0.720465
156.951326;33.300048;-25.847634;2.485041;0.013198;7.971290;0.544462
157.151264;33.141605;-25.725919;2.488162;0.015770;7.984935;0.370880
157.351202;32.982776;-25.604680;2.490950;0.012143;7.994216;0.199852
157.551140;32.823622;-25.483804;2.493015;0.008520;7.999213;0.031506
157.751078;32.664234;-25.363177;2.494356;0.004900;8.000000;0.000000
157.951016;32.504701;-25.242686;2.494974;0.001285;8.000000;0.000000
158.150954;32.345114;-25.122219;2.494870;-0.002329;8.000000;0.000000
158.350892;32.185564;-25.001662;2.494043;-0.005940;8.000000;0.000000
158.550830;32.026140;-24.880904;2.492494;-0.009549;8.000000;0.000000
158.750768;31.866934;-24.759831;2.490223;-0.013158;8.000000;0.000000
158.950706;31.708036;-24.638331;2.487230;-0.016766;8.000000;0.000000
159.150644;31.549559;-24.516314;2.483651;-0.017041;8.000000;0.000000
159.350582;31.391520;-24.393787;2.480706;-0.012413;8.000000;0.000000
159.550520;31.233779;-24.270864;2.478686;-0.007788;8.000000;0.000000
159.750458;31.076229;-24.147696;2.477591;-0.003163;8.000000;0.000000
159.950396;30.918762;-24.024430;2.477421;0.001461;8.000000;0.000000
160.150334;30.761268;-23.901218;2.478176;0.006088;8.000000;0.000000
160.350272;30.603638;-23.778210;2.479856;0.010717;8.000000;0.000000
160.550210;30.445765;-23.655554;2.482461;0.015350;8.000000;0.000000
160.750148;30.287540;-23.533402;2.485993;0.019988;8.000000;0.000000
160.950086;30.128854;-23.411903;2.490452;0.024631;8.000000;0.000000
161.150024;29.969550;-23.291162;2.495630;0.024506;8.000000;0.000000
161.349962;29.809620;-23.171160;2.499909;0.018298;8.000000;0.000000
161.549900;29.649265;-23.051754;2.502946;0.012084;8.000000;0.000000
161.749838;29.488631;-22.932741;2.504741;0.005866;8.000000;0.000000
161.949776;29.327861;-22.813920;2.505292;-0.000352;8.000000;0.000000
162.149714;29.167100;-22.695087;2.504600;-0.006571;8.000000;0.000000
162.349652;29.006490;-22.576041;2.502665;-0.012788;8.000000;0.000000
162.549590;28.846176;-22.456577;2.499487;-0.019002;8.000000;0.000000
162.749528;28.686303;-22.336495;2.495067;-0.025209;8.000000;0.000000
162.949466;28.527014;-22.215590;2.489405;-0.031407;8.000000;0.000000
163.149404;28.368506;-22.093715;2.482826;-0.030990;8.000000;0.000000
163.349342;28.210773;-21.970888;2.477380;-0.023490;8.000000;0.000000
163.549280;28.053585;-21.847297;2.473432;-0.016003;8.000000;0.000000
163.749218;27.896771;-21.723184;2.470979;-0.008527;8.000000;0.000000
163.949156;27.740156;-21.598795;2.470021;-0.001056;8.000000;0.000000
164.149094;27.583569;-21.474374;2.470557;0.006415;8.000000;0.000000
164.349032;27.426837;-21.350166;2.472587;0.013892;8.000000;0.000000
164.548970;27.269787;-21.226414;2.476113;0.021379;8.000000;0.000000
164.748908;27.112247;-21.103363;2.481136;0.028880;8.000000;0.000000
164.948846;26.954043;-20.981259;2.487659;0.036396;8.000000;0.000000
165.148784;26.794917;-20.860261;2.495273;0.035903;8.000000;0.000000
165.348722;26.634883;-20.740361;2.501652;0.027896;8.000000;0.000000
165.548660;26.474207;-20.621375;2.506428;0.019875;8.000000;0.000000
165.748598;26.313075;-20.503038;2.509598;0.011846;8.000000;0.000000
165.948536;26.151670;-20.385088;2.511164;0.003814;8.000000;0.000000
166.148474;25.990177;-20.267263;2.511123;-0.004220;8.000000;0.000000
166.348412;25.828781;-20.149300;2.509477;-0.012252;8.000000;0.000000
166.548350;25.667665;-20.030936;2.506225;-0.020280;8.000000;0.000000
166.748288;25.507016;-19.911908;2.501368;-0.028300;8.000000;0.000000
166.948226;25.347017;-19.791954;2.494908;-0.036306;8.000000;0.000000
167.148164;25.187944;-19.670903;2.487342;-0.035577;8.000000;0.000000
167.348102;25.029761;-19.548755;2.480980;-0.028092;8.000000;0.000000
167.548040;24.872223;-19.425687;2.476111;-0.020623;8.000000;0.000000
167.747978;24.715159;-19.301942;2.472733;-0.013167;8.000000;0.000000
167.947916;24.558396;-19.177764;2.470845;-0.005722;8.000000;0.000000
168.147854;24.401763;-19.053398;2.470444;0.001720;8.000000;0.000000
168.347792;24.245089;-18.929087;2.471532;0.009162;8.000000;0.000000
168.547730;24.088202;-18.805074;2.474109;0.016610;8.000000;0.000000
168.747668;23.930930;-18.681603;2.478176;0.024069;8.000000;0.000000
168.947606;23.773101;-18.558919;2.483734;0.031542;8.000000;0.000000
169.147544;23.614484;-18.437193;2.490308;0.030986;8.000000;0.000000
169.347482;23.455105;-18.316438;2.495907;0.025013;8.000000;0.000000
169.547420;23.295147;-18.196499;2.500310;0.019029;8.000000;0.000000
169.747358;23.134746;-18.077179;2.503515;0.013038;8.000000;0.000000
169.947296;22.974041;-17.958281;2.505523;0.007045;8.000000;0.000000
170.147234;22.813168;-17.839609;2.506332;0.001050;8.000000;0.000000
170.347172;22.652265;-17.720967;2.505943;-0.004943;8.000000;0.000000
170.547110;22.491468;-17.602158;2.504355;-0.010934;8.000000;0.000000
170.747048;22.330915;-17.482985;2.501571;-0.016920;8.000000;0.000000
170.946986;22.170742;-17.363253;2.497589;-0.022898;8.000000;0.000000
171.146924;22.011157;-17.242836;2.492777;-0.023204;8.000000;0.000000
171.346862;21.852142;-17.121691;2.488425;-0.020334;8.000000;0.000000
171.546800;21.693595;-16.999881;2.484646;-0.017470;8.000000;0.000000
171.746738;21.535453;-16.877501;2.481439;-0.014611;8.000000;0.000000
171.946676;21.377658;-16.754651;2.478802;-0.011756;8.000000;0.000000
172.146614;21.220148;-16.631427;2.476737;-0.008904;8.000000;0.000000
172.346552;21.062864;-16.507927;2.475241;-0.006053;8.000000;0.000000
172.546490;20.905743;-16.384249;2.474316;-0.003203;8.000000;0.000000
172.746428;20.748727;-16.260489;2.473960;-0.000352;8.000000;0.000000
172.946366;20.591753;-16.136745;2.474175;0.002503;8.000000;0.000000
173.146304;20.434621;-16.012999;2.474898;0.004419;8.000000;0.000000
173.346242;20.277355;-15.889373;2.475928;0.005883;8.000000;0.000000
173.546180;20.119981;-15.765962;2.477251;0.007347;8.000000;0.000000
173.746118;19.962457;-15.642807;2.478867;0.008812;8.000000;0.000000
173.946056;19.804742;-15.519949;2.480775;0.010277;8.000000;0.000000
174.145994;19.646793;-15.397429;2.482976;0.011741;8.000000;0.000000
174.345932;19.488567;-15.275289;2.485469;0.013203;8.000000;0.000000
174.545870;19.330024;-15.153569;2.488254;0.014663;8.000000;0.000000
174.745808;19.171121;-15.032312;2.491330;0.016120;8.000000;0.000000
174.945746;19.011816;-14.911558;2.494698;0.017573;8.000000;0.000000
175.145684;18.852135;-14.791382;2.498049;0.014789;8.000000;0.000000
175.345622;18.692100;-14.671677;2.500564;0.010388;8.000000;0.000000
175.545560;18.531793;-14.552288;2.502201;0.005991;8.000000;0.000000
175.745498;18.371322;-14.433075;2.502960;0.001598;8.000000;0.000000
175.945436;18.210794;-14.313899;2.502840;-0.002793;8.000000;0.000000
176.145374;18.050316;-14.194621;2.501843;-0.007182;8.000000;0.000000
176.345312;17.889994;-14.075101;2.499968;-0.011569;8.000000;0.000000
176.545250;17.729936;-13.955201;2.497216;-0.015955;8.000000;0.000000
176.745188;17.570248;-13.834780;2.493586;-0.020338;8.000000;0.000000
176.945126;17.411037;-13.713701;2.489080;-0.024720;8.000000;0.000000
177.145064;17.252474;-13.591910;2.484292;-0.021370;8.000000;0.000000
177.345002;17.094441;-13.469450;2.480590;-0.015668;8.000000;0.000000
177.544940;16.936778;-13.346485;2.478026;-0.009971;8.000000;0.000000
177.744878;16.779350;-13.223197;2.476602;-0.004277;8.000000;0.000000
177.944816;16.622023;-13.099772;2.476316;0.001416;8.000000;0.000000
178.144754;16.464663;-12.976392;2.477168;0.007109;8.000000;0.000000
178.344692;16.307133;-12.853240;2.479159;0.012804;8.000000;0.000000
178.544630;16.149301;-12.730502;2.482289;0.018503;8.000000;0.000000
178.744568;15.991030;-12.608359;2.486558;0.024206;8.000000;0.000000
178.944506;15.832186;-12.486997;2.491967;0.029912;8.000000;0.000000
179.144444;15.672627;-12.366536;2.497692;0.025324;8.000000;0.000000
179.344382;15.512460;-12.246884;2.502043;0.018203;8.000000;0.000000
179.544320;15.351861;-12.127818;2.504970;0.011079;8.000000;0.000000
179.744258;15.190999;-12.009108;2.506473;0.003955;8.000000;0.000000
179.944196;15.030041;-11.890523;2.506551;-0.003168;8.000000;0.000000
180.144134;14.869155;-11.771835;2.505206;-0.010291;8.000000;0.000000
180.344072;14.708510;-11.652812;2.502436;-0.017413;8.000000;0.000000
180.544010;14.548273;-11.533226;2.498243;-0.024532;8.000000;0.000000
180.743948;14.388613;-11.412847;2.492626;-0.031644;8.000000;0.000000
180.943886;14.229697;-11.291444;2.485588;-0.038744;8.000000;0.000000
181.143824;14.071735;-11.168899;2.478258;-0.032478;8.000000;0.000000
181.343762;13.914553;-11.045318;2.472640;-0.023715;8.000000;0.000000
181.543700;13.757933;-10.920971;2.468773;-0.014965;8.000000;0.000000
181.743638;13.601668;-10.796143;2.466654;-0.006224;8.000000;0.000000
181.943576;13.445555;-10.671117;2.466283;0.002514;8.000000;0.000000
182.143514;13.289389;-10.546178;2.467660;0.011255;8.000000;0.000000
182.343452;13.132965;-10.421608;2.470785;0.020006;8.000000;0.000000
182.543390;12.976079;-10.297693;2.475661;0.028773;8.000000;0.000000
182.743328;12.818526;-10.174716;2.482289;0.037556;8.000000;0.000000
182.943266;12.660102;-10.052961;2.490672;0.046355;8.000000;0.000000
183.143204;12.500490;-9.932528;2.499428;0.039234;8.000000;0.000000
183.343142;12.339944;-9.813354;2.506331;0.029817;8.000000;0.000000
183.543080;12.178704;-9.695150;2.511350;0.020389;8.000000;0.000000
183.743018;12.016989;-9.577608;2.514483;0.010956;8.000000;0.000000
183.942956;11.855019;-9.460421;2.515731;0.001523;8.000000;0.000000
184.142894;11.693012;-9.343283;2.515092;-0.007911;8.000000;0.000000
184.342832;11.531188;-9.225887;2.512568;-0.017343;8.000000;0.000000
184.542769;11.369765;-9.107926;2.508158;-0.026771;8.000000;0.000000
184.742707;11.208963;-8.989092;2.501863;-0.036190;8.000000;0.000000
184.942645;11.049000;-8.869080;2.493685;-0.045590;8.000000;0.000000
185.142583;10.890183;-8.747771;2.485200;-0.037960;8.000000;0.000000
185.342521;10.732260;-8.625235;2.478522;-0.028852;8.000000;0.000000
185.542459;10.575006;-8.501759;2.473663;-0.019762;8.000000;0.000000
185.742397;10.418210;-8.377638;2.470619;-0.010686;8.000000;0.000000
185.942335;10.261662;-8.253168;2.469388;-0.001619;8.000000;0.000000
186.142273;10.105150;-8.128644;2.469971;0.007446;8.000000;0.000000
186.342211;9.948463;-8.004362;2.472367;0.016517;8.000000;0.000000
186.542149;9.791391;-7.880617;2.476578;0.025600;8.000000;0.000000
186.742087;9.633723;-7.757705;2.482605;0.034700;8.000000;0.000000
186.942025;9.475247;-7.635922;2.490451;0.043815;8.000000;0.000000
187.141963;9.315691;-7.515384;2.498477;0.035655;8.000000;0.000000
187.341901;9.155299;-7.396003;2.504705;0.026640;8.000000;0.000000
187.541839;8.994287;-7.277487;2.509129;0.017616;8.000000;0.000000
187.741777;8.832866;-7.159544;2.511748;0.008587;8.000000;0.000000
187.941715;8.671245;-7.041880;2.512562;-0.000443;8.000000;0.000000
188.141653;8.509634;-6.924201;2.511571;-0.009473;8.000000;0.000000
188.341591;8.348242;-6.806214;2.508775;-0.018501;8.000000;0.000000
188.541529;8.187280;-6.687625;2.504174;-0.027525;8.000000;0.000000
188.741467;8.026958;-6.568141;2.497769;-0.036537;8.000000;0.000000
188.941405;7.867485;-6.447467;2.489562;-0.045530;8.000000;0.000000
189.141343;7.709131;-6.325511;2.481393;-0.036151;8.000000;0.000000
189.341281;7.551620;-6.202380;2.475108;-0.026724;8.000000;0.000000
189.541219;7.394732;-6.078380;2.470705;-0.017315;8.000000;0.000000
189.741157;7.238250;-5.953818;2.468182;-0.007919;8.000000;0.000000
189.941095;7.081956;-5.829002;2.467537;0.001470;8.000000;0.000000
190.141033;6.925634;-5.704237;2.468770;0.010863;8.000000;0.000000
190.340971;6.769064;-5.579831;2.471882;0.020266;8.000000;0.000000
190.540909;6.612030;-5.456090;2.476876;0.029688;8.000000;0.000000
190.740847;6.454313;-5.333323;2.483753;0.039132;8.000000;0.000000
190.940785;6.295691;-5.211829;2.492515;0.048008;8.000000;0.000000
191.140723;6.135830;-5.091659;2.501141;0.038249;8.000000;0.000000
191.340661;5.975088;-4.972739;2.507811;0.028464;8.000000;0.000000
191.540599;5.813691;-4.854749;2.512522;0.018667;8.000000;0.000000
191.740537;5.651865;-4.737370;2.515274;0.008863;8.000000;0.000000
191.940475;5.489835;-4.620281;2.516066;-0.000943;8.000000;0.000000
192.140413;5.327828;-4.503162;2.514897;-0.010749;8.000000;0.000000
192.340351;5.166068;-4.385692;2.511768;-0.020553;8.000000;0.000000
192.540289;5.004783;-4.267550;2.506680;-0.030350;8.000000;0.000000
192.740227;4.844198;-4.148418;2.499633;-0.040132;8.000000;0.000000
192.940165;4.684555;-4.027987;2.490643;-0.048389;8.000000;0.000000
193.140103;4.526177;-3.906216;2.481924;-0.038900;8.000000;0.000000
193.340041;4.368694;-3.783172;2.475096;-0.029433;8.000000;0.000000
193.539979;4.211886;-3.659164;2.470157;-0.019988;8.000000;0.000000
193.739917;4.055534;-3.534497;2.467102;-0.010562;8.000000;0.000000
193.939855;3.899418;-3.409479;2.465932;-0.001147;8.000000;0.000000
194.139793;3.743320;-3.284416;2.466643;0.008263;8.000000;0.000000
194.339731;3.587021;-3.159615;2.469237;0.017678;8.000000;0.000000
194.539669;3.430300;-3.035383;2.473715;0.027105;8.000000;0.000000
194.739607;3.272940;-2.912026;2.480078;0.036548;8.000000;0.000000
194.939545;3.114708;-2.789843;2.488309;0.044081;8.000000;0.000000
195.139483;2.955395;-2.668948;2.496334;0.036166;8.000000;0.000000
195.339421;2.795234;-2.549225;2.502773;0.028237;8.000000;0.000000
195.539359;2.634411;-2.430418;2.507625;0.020300;8.000000;0.000000
195.739297;2.473116;-2.312270;2.510890;0.012359;8.000000;0.000000
195.939235;2.311533;-2.194524;2.512567;0.004417;8.000000;0.000000
196.139173;2.149851;-2.076924;2.512656;-0.003526;8.000000;0.000000
196.339111;1.988256;-1.959214;2.511157;-0.011470;8.000000;0.000000
196.539049;1.826936;-1.841136;2.508070;-0.019415;8.000000;0.000000
196.738987;1.666077;-1.722434;2.503394;-0.027360;8.000000;0.000000
196.938925;1.505879;-1.602862;2.497158;-0.033574;8.000000;0.000000
197.138863;1.346514;-1.482295;2.490798;-0.030070;8.000000;0.000000
197.338801;1.187859;-1.360761;2.485139;-0.026565;8.000000;0.000000
197.538739;1.029832;-1.238370;2.480179;-0.023061;8.000000;0.000000
197.738677;0.872349;-1.115236;2.475919;-0.019560;8.000000;0.000000
197.938615;0.715327;-0.991469;2.472358;-0.016061;8.000000;0.000000
198.138553;0.558683;-0.867183;2.469496;-0.012566;8.000000;0.000000
198.338491;0.402333;-0.742488;2.467333;-0.009074;8.000000;0.000000
198.538429;0.246194;-0.617497;2.465867;-0.005584;8.000000;0.000000
198.738367;0.090183;-0.492323;2.465099;-0.002096;8.000000;0.000000
198.938305;-0.065780;-0.367079;2.465027;0.001332;8.000000;0.000000
199.138243;-0.221762;-0.241888;2.465611;0.004502;8.000000;0.000000
199.338181;-0.377855;-0.116838;2.466828;0.007673;8.000000;0.000000
199.538119;-0.534132;0.007966;2.468680;0.010845;8.000000;0.000000
199.738057;-0.690668;0.132421;2.471166;0.014020;8.000000;0.000000
199.937995;-0.847535;0.256424;2.474287;0.017198;8.000000;0.000000
200.137933;-1.004808;0.379872;2.478044;0.020379;8.000000;0.000000
200.337871;-1.162560;0.502660;2.482436;0.023564;8.000000;0.000000
200.537809;-1.320866;0.624685;2.487464;0.026753;8.000000;0.000000
200.737747;-1.479798;0.745845;2.493130;0.029943;8.000000;0.000000
200.937685;-1.639462;0.866060;2.499382;0.030790;8.000000;0.000000
201.137623;-1.799942;0.985390;2.504789;0.023288;8.000000;0.000000
201.337561;-1.960964;1.103963;2.508695;0.015780;8.000000;0.000000
201.537499;-2.122351;1.222021;2.511100;0.008270;8.000000;0.000000
201.737437;-2.283925;1.339806;2.512003;0.000759;8.000000;0.000000
201.937375;-2.445508;1.457560;2.511403;-0.006755;8.000000;0.000000
202.137313;-2.606922;1.575526;2.509301;-0.014271;8.000000;0.000000
202.337251;-2.767990;1.693945;2.505697;-0.021789;8.000000;0.000000
202.537189;-2.928534;1.813058;2.500590;-0.029307;8.000000;0.000000
202.737127;-3.088375;1.933110;2.493980;-0.036821;8.000000;0.000000
202.937065;-3.247299;2.054309;2.485979;-0.040192;8.000000;0.000000
203.137003;-3.405185;2.176682;2.478776;-0.031929;8.000000;0.000000
203.336941;-3.562317;2.300083;2.473222;-0.023669;8.000000;-0.037439
203.536879;-3.718900;2.424253;2.469316;-0.015417;7.999064;-0.360602
203.736817;-3.875136;2.548935;2.467059;-0.007176;7.990046;-0.680483
203.936755;-4.031228;2.673870;2.466447;0.001057;7.973000;-0.990787
204.136693;-4.187380;2.798797;2.467481;0.009280;7.948115;-1.292629
204.336631;-4.343794;2.923460;2.470159;0.017496;7.915532;-1.587486
204.536569;-4.500674;3.047598;2.474480;0.025704;7.875331;-1.877192
204.736507;-4.658222;3.170952;2.480444;0.033901;7.827528;-2.163935
204.936445;-4.816746;3.293348;2.487939;0.038224;7.772058;-2.450261
205.136383;-4.976470;3.414767;2.495121;0.033381;7.708767;-2.739087
205.336321;-5.136996;3.535106;2.501336;0.028575;7.637395;-3.033075
205.536259;-5.298155;3.654484;2.506587;0.023796;7.557575;-3.333203
205.736197;-5.459780;3.773017;2.510879;0.019031;7.468874;-3.635223
205.936135;-5.621702;3.890821;2.514213;0.014268;7.370918;-3.913033
206.136073;-5.783755;4.008013;2.516589;0.009493;7.264001;-4.166633
206.336011;-5.945768;4.124710;2.518006;0.004693;7.148397;-4.393474
206.535949;-6.107576;4.241029;2.518460;-0.000148;7.024438;-4.588455
206.735887;-6.269009;4.357085;2.517945;-0.005045;6.892599;-4.743611
206.935825;-6.429743;4.472886;2.516386;-0.012000;6.753596;-4.847801
207.135763;-6.589543;4.588603;2.512968;-0.022653;6.608520;-4.887273
207.335701;-6.748688;4.704932;2.507459;-0.033216;6.458966;-4.849615
207.535639;-6.907170;4.822376;2.499883;-0.043543;6.307059;-4.735658
207.735577;-7.064985;4.941440;2.490284;-0.053487;6.155105;-4.621593
207.935515;-7.222127;5.062628;2.478725;-0.062901;6.003104;-4.470031
208.135453;-7.378589;5.186443;2.465288;-0.071648;5.852332;-4.248950
208.335391;-7.534365;5.313390;2.450076;-0.079598;5.705326;-3.991872
208.535329;-7.689449;5.443971;2.433208;-0.086637;5.563676;-3.721449
208.735267;-7.843836;5.578691;2.414818;-0.092671;5.428293;-3.451933
208.935205;-7.998866;5.719319;2.394351;-0.110721;5.299625;-3.192113
209.135143;-8.154088;5.867013;2.366248;-0.152369;5.177796;-2.947492
209.335081;-8.304232;6.019548;2.328622;-0.200678;5.062701;-2.721764
209.535019;-8.446157;6.176671;2.280133;-0.259554;4.954046;-2.495144
209.734957;-8.576719;6.338128;2.218897;-0.333323;4.852301;-2.124491
209.934895;-8.692777;6.503665;2.142493;-0.426324;4.763958;-1.785749
210.134833;-8.791189;6.673028;2.048114;-0.541262;4.688413;-1.468088
210.334771;-8.868813;6.845965;1.933043;-0.675293;4.625383;-1.162199
210.534709;-8.922507;7.022221;1.795692;-0.813551;4.574869;-0.860101
210.734647;-8.949129;7.201542;1.637294;-0.924187;4.537124;-0.554666
210.934585;-8.946199;7.379585;1.473527;-0.864435;4.512615;-0.249724
211.134523;-8.915585;7.557003;1.330590;-0.723128;4.501537;0.052563
211.334461;-8.859974;7.734658;1.208271;-0.594390;4.503871;0.357601
211.534399;-8.781944;7.911148;1.104149;-0.489065;4.519718;0.670833
211.734337;-8.684077;8.085069;1.015037;-0.407944;4.549297;0.997040
211.934275;-8.568951;8.255018;0.937795;-0.347889;4.592907;1.338149
212.134213;-8.439146;8.419592;0.869630;-0.305110;4.650794;1.681986
212.334151;-8.297243;8.577389;0.808141;-0.276477;4.722550;2.031497
212.534089;-8.145820;8.727006;0.751242;-0.259934;4.807788;2.387557
212.734027;-7.987458;8.867039;0.697046;-0.254616;4.906073;2.748544
212.933965;-7.823536;8.997013;0.643897;-0.250014;5.016834;3.109471
213.133903;-7.655548;9.116586;0.593837;-0.234474;5.139263;3.460806
213.333841;-7.484749;9.226232;0.548278;-0.213557;5.272184;3.787672
213.533779;-7.311440;9.327235;0.507906;-0.188257;5.413919;4.071945
213.733717;-7.135921;9.420878;0.473251;-0.159629;5.562265;4.285096
213.933655;-6.958492;9.508446;0.444696;-0.128664;5.714219;4.401971
214.133593;-6.779453;9.591222;0.422498;-0.096208;5.866220;4.480504
214.333531;-6.599105;9.670489;0.406813;-0.062938;6.016992;4.478106
214.533469;-6.417748;9.747532;0.397718;-0.029371;6.163998;4.417182
214.733407;-6.235682;9.823635;0.395229;0.004089;6.305648;4.315524
214.933345;-6.053021;9.900111;0.398155;0.017037;6.441031;4.186475
215.133283;-5.869974;9.977459;0.401400;0.015624;6.569699;4.040244
215.333221;-5.686716;10.055569;0.404375;0.014250;6.691528;3.885132
215.533159;-5.503294;10.134365;0.407085;0.012911;6.806623;3.728532
215.733097;-5.319756;10.213773;0.409536;0.011601;6.915278;3.577801
215.933035;-5.136148;10.293717;0.411730;0.010317;7.017958;3.441171
216.132973;-4.952517;10.374124;0.413672;0.009055;7.115320;3.316535
216.332911;-4.768909;10.454919;0.415363;0.007810;7.207911;3.188736
216.532849;-4.585371;10.536026;0.416806;0.006578;7.295827;3.049506
216.732787;-4.401950;10.617371;0.418003;0.005355;7.378923;2.891854
216.932725;-4.218853;10.698809;0.418990;0.004698;7.456869;2.710009
217.132663;-4.036019;10.780337;0.419896;0.004359;7.529181;2.517104
217.332601;-3.853340;10.861987;0.420735;0.004019;7.595728;2.325083
217.532539;-3.670800;10.943750;0.421504;0.003677;7.656686;2.134083
217.732477;-3.488385;11.025619;0.422205;0.003334;7.712211;1.944247
217.932415;-3.306078;11.107586;0.422838;0.002990;7.762452;1.755725
218.132353;-3.123865;11.189641;0.423401;0.002645;7.807543;1.568666
218.332291;-2.941729;11.271777;0.423894;0.002298;7.847611;1.383219
218.532229;-2.759657;11.353986;0.424319;0.001951;7.882774;1.199534
218.732167;-2.577631;11.436258;0.424674;0.001604;7.913140;1.017757
218.932105;-2.395495;11.518653;0.425012;0.002035;7.938814;0.838033
219.132043;-2.213328;11.601152;0.425500;0.002841;7.959891;0.660503
219.331981;-2.031213;11.683753;0.426149;0.003647;7.976465;0.485305
219.531919;-1.849166;11.766482;0.426959;0.004454;7.988620;0.312574
219.731857;-1.667201;11.849370;0.427930;0.005260;7.996439;0.142440
219.931795;-1.485334;11.932444;0.429062;0.006068;8.000000;0.000000
220.131733;-1.303579;12.015734;0.430356;0.006875;8.000000;0.000000
220.331671;-1.121953;12.099267;0.431811;0.007683;8.000000;0.000000
220.531609;-0.940471;12.183072;0.433428;0.008492;8.000000;0.000000
220.731547;-0.759146;12.267177;0.435206;0.009302;8.000000;0.000000
220.931485;-0.577968;12.351612;0.436919;0.006969;8.000000;0.000000
221.131423;-0.396912;12.436297;0.437960;0.003446;8.000000;0.000000
221.331361;-0.215918;12.521105;0.438296;-0.000077;8.000000;0.000000
221.531299;-0.034921;12.605911;0.437929;-0.003601;8.000000;0.000000
221.731237;0.146146;12.690591;0.436857;-0.007123;8.000000;0.000000
221.931175;0.327350;12.775020;0.435081;-0.010642;8.000000;0.000000
222.131113;0.508757;12.859075;0.432602;-0.014157;8.000000;0.000000
222.331051;0.690434;12.942631;0.429420;-0.017666;8.000000;0.000000
222.530989;0.872447;13.025564;0.425536;-0.021167;8.000000;0.000000
222.730927;1.054863;13.107750;0.420952;-0.024658;8.000000;0.000000
222.930865;1.237521;13.188993;0.416199;-0.021389;8.000000;0.000000
223.130803;1.420523;13.269454;0.412442;-0.016199;8.000000;0.000000
223.330741;1.603831;13.349343;0.409721;-0.011021;8.000000;0.000000
223.530679;1.787347;13.428841;0.408034;-0.005851;8.000000;0.000000
223.730617;1.970971;13.508131;0.407380;-0.000685;8.000000;0.000000
223.930555;2.154604;13.587395;0.407760;0.004480;8.000000;0.000000
224.130493;2.338146;13.666815;0.409173;0.009650;8.000000;0.000000
224.330431;2.521499;13.746573;0.411620;0.014829;8.000000;0.000000
224.530369;2.704564;13.826852;0.415102;0.020019;8.000000;0.000000
224.730307;2.887240;13.907835;0.419623;0.025225;8.000000;0.000000
224.930245;3.069755;13.989812;0.424572;0.022840;8.000000;0.000000
225.130183;3.251896;14.072624;0.428729;0.018709;8.000000;0.000000
225.330120;3.433669;14.156091;0.432058;0.014568;8.000000;0.000000
225.530058;3.615152;14.240065;0.434556;0.010419;8.000000;0.000000
225.729996;3.796422;14.324400;0.436224;0.006263;8.000000;0.000000
225.929934;3.977555;14.408947;0.437060;0.002103;8.000000;0.000000
226.129872;4.158629;14.493559;0.437064;-0.002060;8.000000;0.000000
226.329810;4.339720;14.578089;0.436236;-0.006225;8.000000;0.000000
226.529748;4.520907;14.662389;0.434576;-0.010390;8.000000;0.000000
226.729686;4.702266;14.746311;0.432083;-0.014554;8.000000;0.000000
226.929624;4.883803;14.829715;0.429378;-0.011621;8.000000;0.000000
227.129562;5.065539;14.912701;0.427453;-0.007645;8.000000;-0.216404
227.329500;5.247423;14.995418;0.426323;-0.003671;7.994590;-0.430723
227.529438;5.429397;15.078015;0.425986;0.000302;7.983810;-0.634597
227.729376;5.611400;15.160639;0.426443;0.004270;7.967902;-0.831934
227.929314;5.793374;15.243436;0.427693;0.008233;7.946999;-1.023379
228.129252;5.975261;15.326556;0.429735;0.012189;7.921210;-1.209637
228.329190;6.156999;15.410144;0.432569;0.016138;7.890619;-1.391566
228.529128;6.338531;15.494348;0.436192;0.020076;7.855279;-1.570199
228.729066;6.519798;15.579316;0.440605;0.024002;7.815212;-1.746757
228.929004;6.700702;15.665097;0.444635;0.015335;7.770395;-1.922665
229.128942;6.881388;15.751455;0.446740;0.005688;7.720765;-2.099342
229.328880;7.061985;15.838024;0.446914;-0.003952;7.666208;-2.276735
229.528818;7.242618;15.924433;0.445157;-0.013604;7.606598;-2.456623
229.728756;7.423411;16.010316;0.441465;-0.023288;7.541749;-2.630341
229.928694;7.604489;16.095301;0.435835;-0.033022;7.471692;-2.792015
230.128632;7.785977;16.179021;0.428257;-0.042819;7.396602;-2.939421
230.328570;7.968000;16.261106;0.418723;-0.052687;7.316714;-3.069943
230.528508;8.150682;16.341188;0.407224;-0.062628;7.232338;-3.180541
230.728446;8.334147;16.418897;0.393750;-0.072633;7.143871;-3.267744
230.928384;8.518405;16.493832;0.378486;-0.080787;7.051822;-3.327685
231.128322;8.703721;16.565750;0.361629;-0.088789;6.956834;-3.356231
231.328260;8.890255;16.634378;0.343199;-0.096627;6.859698;-3.349279
231.528198;9.078162;16.699442;0.323223;-0.104234;6.761373;-3.303297
231.728136;9.267596;16.760667;0.301739;-0.111536;6.662977;-3.257212
231.928074;9.458714;16.817779;0.278793;-0.118453;6.564509;-3.177441
232.128012;9.651671;16.870502;0.254445;-0.124900;6.467008;-3.066628
232.327950;9.846623;16.918561;0.228764;-0.130787;6.371493;-2.929078
232.527888;10.043723;16.961683;0.201835;-0.136027;6.278906;-2.769504
232.727826;10.243104;16.999588;0.173756;-0.140741;6.190089;-2.592258
232.927764;10.443496;17.031716;0.143662;-0.156114;6.105785;-2.400925
233.127702;10.645481;17.057546;0.110129;-0.173600;6.026653;-2.198138
233.327640;10.848242;17.076212;0.072795;-0.193532;5.953281;-1.841310
233.527578;11.050963;17.086846;0.031253;-0.216220;5.891117;-1.501286
233.727516;11.252826;17.088580;-0.014938;-0.241912;5.839943;-1.181356
233.927454;11.453016;17.080546;-0.066241;-0.270723;5.799357;-0.876021
234.127392;11.650715;17.061877;-0.123116;-0.302536;5.769076;-0.582461
234.327330;11.845107;17.031705;-0.185977;-0.336856;5.748854;-0.298016
234.527268;12.035374;16.989163;-0.255138;-0.372645;5.738480;-0.020070
234.727206;12.220701;16.933382;-0.330734;-0.408170;5.737781;0.254007
234.927144;12.403411;16.862572;-0.407675;-0.375906;5.746625;0.526913
235.127082;12.580501;16.778475;-0.477828;-0.339163;5.764929;0.801483
235.327020;12.752300;16.682387;-0.540822;-0.300702;5.792659;1.080594
235.526958;12.919139;16.575605;-0.596591;-0.262523;5.829837;1.366079
235.726896;13.081348;16.459423;-0.645283;-0.225875;5.876501;1.661272
235.926834;13.239258;16.335137;-0.687167;-0.191369;5.932754;1.961346
236.126772;13.393200;16.204044;-0.722565;-0.159145;5.998488;2.263117
236.326710;13.543505;16.067438;-0.751795;-0.129012;6.073453;2.442664
236.526648;13.690501;15.926616;-0.775138;-0.100564;6.153340;2.614592
236.726586;13.834325;15.783071;-0.792833;-0.076390;6.237716;2.779593
236.926524;13.974330;15.638819;-0.807667;-0.071155;6.326183;2.933671
237.126462;14.111937;15.492925;-0.821396;-0.065724;6.418232;3.071800
237.326400;14.247359;15.345506;-0.833995;-0.060130;6.513220;3.187902
237.526338;14.380809;15.196680;-0.845444;-0.054400;6.610356;3.275012
237.726276;14.512501;15.046564;-0.855726;-0.048564;6.708681;3.325790
237.926214;14.642649;14.895276;-0.864829;-0.042645;6.807078;3.376675
238.126152;14.771464;14.742933;-0.872741;-0.036665;6.905545;3.391296
238.326090;14.899161;14.589653;-0.879456;-0.030645;7.003046;3.368336
238.526028;15.025953;14.435553;-0.884968;-0.024601;7.098561;3.308644
238.725966;15.152026;14.280784;-0.889288;-0.019222;7.191149;3.214197
238.925904;15.277469;14.125557;-0.892871;-0.016681;7.279966;3.087348
239.125842;15.402473;13.969814;-0.895950;-0.014154;7.364269;2.930335
239.325780;15.527105;13.813632;-0.898526;-0.011638;7.443402;2.744968
239.525718;15.651434;13.657085;-0.900602;-0.009131;7.516773;2.551910
239.725656;15.775524;13.500250;-0.902178;-0.006633;7.584347;2.359714
239.925594;15.899445;13.343203;-0.903256;-0.004141;7.646301;2.168513
240.125532;16.023262;13.186019;-0.903835;-0.001653;7.702795;1.978452
240.325470;16.147043;13.028774;-0.903917;0.000833;7.753979;1.789676
240.525408;16.270855;12.871544;-0.903502;0.003318;7.799989;1.602337
240.725346;16.394759;12.714411;-0.902617;0.004583;7.840955;1.416583
240.925284;16.518762;12.557422;-0.901985;0.001740;7.876994;1.232564
241.125222;16.642803;12.400497;-0.901921;-0.001105;7.908217;1.050427
241.325160;16.766793;12.243566;-0.902427;-0.003952;7.934730;0.870318
241.525098;16.890642;12.086559;-0.903502;-0.006801;7.956630;0.692377
241.725036;17.014259;11.929406;-0.905147;-0.009652;7.974009;0.516744
241.924974;17.137554;11.772038;-0.907362;-0.012505;7.986956;0.343553
242.124912;17.260438;11.614385;-0.910147;-0.015361;7.995551;0.172937
242.324850;17.382820;11.456378;-0.913502;-0.018217;7.999874;0.005024
242.524788;17.504611;11.297946;-0.917428;-0.021075;8.000000;0.000000
242.724726;17.625754;11.138977;-0.921881;-0.022234;8.000000;0.000000
242.924664;17.746287;10.979369;-0.925972;-0.018676;8.000000;0.000000
243.124602;17.866214;10.819325;-0.929351;-0.015116;8.000000;0.000000
243.324540;17.985648;10.658930;-0.932018;-0.011555;8.000000;0.000000
243.524478;18.104702;10.498271;-0.933972;-0.007992;8.000000;0.000000
243.724416;18.223491;10.337435;-0.935214;-0.004429;8.000000;0.000000
243.924354;18.342127;10.176507;-0.935743;-0.000864;8.000000;0.000000
244.124292;18.460723;10.015574;-0.935560;0.002702;8.000000;0.000000
244.324230;18.579394;9.854723;-0.934663;0.006270;8.000000;0.000000
244.524168;18.698253;9.694039;-0.933053;0.009841;8.000000;0.000000
244.724106;18.817433;9.533579;-0.930780;0.011780;8.000000;0.000000
244.924044;18.937018;9.373346;-0.928593;0.010099;8.000000;0.000000
245.123982;19.056916;9.213367;-0.926742;0.008417;8.000000;0.000000
245.323920;19.177077;9.053598;-0.925227;0.006733;8.000000;0.000000
245.523858;19.297451;8.893993;-0.924050;0.005049;8.000000;0.000000
245.723796;19.417989;8.734507;-0.923209;0.003363;8.000000;0.000000
245.923734;19.538639;8.575095;-0.922705;0.001678;8.000000;0.000000
246.123672;19.659352;8.415712;-0.922538;-0.000007;8.000000;0.000000
246.323610;19.780077;8.256312;-0.922707;-0.001690;8.000000;0.000000
246.523548;19.900763;8.096850;-0.923214;-0.003373;8.000000;0.000000
246.723486;20.021337;7.937313;-0.924088;-0.005925;8.000000;0.000000
246.923424;20.141695;7.777663;-0.925680;-0.010001;8.000000;0.000000
247.123362;20.261745;7.617756;-0.928088;-0.014078;8.000000;0.000000
247.323300;20.381349;7.457504;-0.931310;-0.018156;8.000000;0.000000
247.523238;20.500372;7.296819;-0.935349;-0.022238;8.000000;0.000000
247.723176;20.618674;7.135613;-0.940204;-0.026324;8.000000;0.000000
247.923114;20.736119;6.973796;-0.945876;-0.030414;8.000000;0.000000
248.123052;20.852569;6.811280;-0.952366;-0.034507;8.000000;0.000000
248.322990;20.967886;6.647977;-0.959674;-0.038602;8.000000;0.000000
248.522928;21.081933;6.483798;-0.967800;-0.042696;8.000000;0.000000
248.722866;21.194626;6.318594;-0.976381;-0.037856;8.000000;0.000000
248.922804;21.306154;6.152461;-0.982187;-0.020173;8.000000;0.000000
249.122742;21.417003;5.985891;-0.984454;-0.002492;8.000000;0.000000
249.322680;21.527749;5.819296;-0.983183;0.015204;8.000000;0.000000
249.522618;21.638969;5.653086;-0.978371;0.032933;8.000000;0.000000
249.722556;21.751239;5.487675;-0.970012;0.050702;8.000000;0.000000
249.922494;21.865136;5.323474;-0.958101;0.068502;8.000000;0.000000
250.122432;21.981234;5.160895;-0.942638;0.086295;8.000000;0.000000
250.322370;22.100112;5.000349;-0.923628;0.104004;8.000000;0.000000
250.522308;22.222345;4.842250;-0.901090;0.121502;8.000000;0.000000
250.722246;22.348303;4.687237;-0.875476;0.130675;8.000000;0.000000
250.922184;22.478190;4.535623;-0.849376;0.130818;8.000000;0.000000
251.122122;22.612130;4.387305;-0.823198;0.131198;8.000000;0.000000
251.322060;22.750015;4.242445;-0.796901;0.131810;8.000000;0.000000
251.521998;22.891739;4.101206;-0.770447;0.132649;8.000000;0.000000
251.721936;23.037192;3.963749;-0.743797;0.133712;8.000000;0.000000
251.921874;23.186268;3.830237;-0.716913;0.134994;8.000000;0.000000
252.121812;23.338858;3.700833;-0.689757;0.136488;8.000000;0.000000
252.321750;23.494855;3.575699;-0.662294;0.138190;8.000000;0.000000
252.521688;23.654151;3.454998;-0.634488;0.140092;8.000000;0.000000
252.721626;23.816683;3.338853;-0.606473;0.138541;8.000000;0.000000
252.921564;23.982312;3.227278;-0.579342;0.133138;8.000000;0.000000
253.121502;24.150815;3.120166;-0.553307;0.127630;8.000000;0.000000
253.321440;24.322014;3.017370;-0.528375;0.122066;8.000000;0.000000
253.521378;24.495732;2.918742;-0.504547;0.116489;8.000000;0.000000
253.721316;24.671789;2.824135;-0.481820;0.110933;8.000000;0.000000
253.921254;24.850007;2.733402;-0.460186;0.105429;8.000000;0.000000
254.121192;25.030209;2.646395;-0.439634;0.099999;8.000000;0.000000
254.321130;25.212216;2.562966;-0.420148;0.094660;8.000000;0.000000
254.521068;25.395849;2.482969;-0.401713;0.089423;8.000000;0.000000
254.721006;25.580920;2.406263;-0.384263;0.085264;8.000000;0.000000
254.920944;25.767278;2.332728;-0.367502;0.082069;8.000000;-0.107681
255.120882;25.954816;2.262270;-0.351375;0.078940;7.997308;-0.314885
255.320820;26.143412;2.194798;-0.335871;0.075879;7.989432;-0.530962
255.520758;26.332946;2.130222;-0.320978;0.072888;7.976134;-0.742714
255.720696;26.523295;2.068453;-0.306685;0.069968;7.957494;-0.934476
255.920634;26.714340;2.009401;-0.292980;0.067119;7.933980;-1.105784
256.120572;26.905959;1.952976;-0.279851;0.064339;7.906065;-1.255857
256.320510;27.098032;1.899089;-0.267288;0.061626;7.874241;-1.383635
256.520448;27.290438;1.847649;-0.255279;0.058979;7.839030;-1.487820
256.720386;27.483923;1.798356;-0.243659;0.058260;7.800990;-1.566933
256.920324;27.678322;1.751235;-0.231928;0.059015;7.760726;-1.619390
257.120262;27.872996;1.706472;-0.220073;0.059665;7.718893;-1.643610
257.320200;28.068018;1.664068;-0.208109;0.060206;7.676202;-1.638159
257.520138;28.263464;1.624024;-0.196053;0.060635;7.633414;-1.632649
257.720076;28.459408;1.586342;-0.183921;0.060948;7.590531;-1.616113
257.920014;28.655923;1.551023;-0.171730;0.061144;7.547842;-1.574289
258.119952;28.853084;1.518068;-0.159498;0.061223;7.506024;-1.509626
258.319890;29.050965;1.487479;-0.147241;0.061184;7.465704;-1.424508
258.519828;29.249642;1.459257;-0.134976;0.061029;7.427456;-1.321117
258.719766;29.448604;1.433505;-0.122088;0.070942;7.391808;-1.201357
258.919704;29.648009;1.410582;-0.106307;0.086351;7.359241;-1.066796
259.119642;29.847928;1.391107;-0.087384;0.102128;7.330201;-0.918642
259.319580;30.048134;1.375742;-0.065254;0.118376;7.305101;-0.757723
259.519518;30.248403;1.365153;-0.039841;0.135153;7.284333;-0.592094
259.719456;30.448510;1.360001;-0.011062;0.152465;7.268063;-0.430688
259.919394;30.648229;1.360950;0.021158;0.170252;7.256205;-0.273022
260.119332;30.847335;1.368663;0.056884;0.188371;7.248679;-0.118648
260.319270;31.045604;1.383804;0.096155;0.206582;7.245405;-0.000000
260.519208;31.242809;1.407036;0.138968;0.224534;7.245405;0.000000
260.719146;31.438498;1.438896;0.183506;0.217983;7.245405;0.000000
260.919084;31.632724;1.479198;0.225150;0.201822;7.245405;0.000000
261.119022;31.825544;1.527339;0.263643;0.185535;7.245405;0.097558
261.318960;32.016923;1.582700;0.298996;0.169407;7.248097;0.285681
261.518898;32.206825;1.644660;0.331254;0.153636;7.255973;0.449238
261.718836;32.395216;1.712602;0.360483;0.138342;7.268341;0.518958
261.918774;32.582060;1.785905;0.386759;0.123582;7.282603;0.505733
262.118712;32.767322;1.863949;0.410165;0.109361;7.296474;0.407464
262.318650;32.950968;1.946115;0.430779;0.095641;7.307631;0.281699
262.518588;33.132963;2.031783;0.448675;0.082352;7.315334;0.176732
262.718526;33.313188;2.120271;0.463522;0.064411;7.320163;0.090922
262.918464;33.491985;2.210942;0.474478;0.044861;7.322646;0.023185
263.118402;33.669770;2.303118;0.481493;0.025172;7.323279;-0.027099
263.318340;33.846927;2.396104;0.484551;0.005381;7.322539;-0.060248
263.518278;34.023840;2.489205;0.483642;-0.014492;7.320894;-0.115005
263.718216;34.200892;2.581725;0.478756;-0.034433;7.317752;-0.169059
263.918154;34.378468;2.672970;0.469888;-0.054414;7.313132;-0.231710
264.118092;34.556949;2.762243;0.457035;-0.074385;7.306794;-0.315672
264.318030;34.736721;2.848851;0.440206;-0.094257;7.298151;-0.417562
264.517968;34.918167;2.932097;0.419424;-0.113886;7.286703;-0.533895
264.717906;35.101386;3.011365;0.398126;-0.091783;7.272039;-0.661212
264.917844;35.286231;3.087347;0.382921;-0.060428;7.253836;-0.796191
265.117782;35.472192;3.161173;0.373946;-0.029337;7.231858;-0.935743
265.317720;35.658716;3.233957;0.371170;0.001587;7.205941;-1.077104
265.517658;35.845246;3.306812;0.374581;0.032489;7.175993;-1.230625
265.717596;36.031229;3.380851;0.384186;0.063513;7.141623;-1.359947
265.917534;36.216109;3.457188;0.400009;0.094745;7.103448;-1.453899
266.117472;36.399332;3.536936;0.422079;0.126163;7.062407;-1.515581
266.317409;36.580342;3.621208;0.450409;0.157578;7.019369;-1.548034
266.517347;36.758586;3.711117;0.484975;0.188578;6.975136;-1.522598
266.717285;36.934001;3.807936;0.523844;0.195781;6.931354;-1.363234
266.917223;37.105686;3.911690;0.563468;0.199383;6.891919;-1.187754
267.117161;37.273084;4.022229;0.603897;0.203803;6.857375;-1.018532
267.317099;37.435730;4.139451;0.645268;0.209002;6.827614;-0.854925
267.517037;37.593161;4.263254;0.687712;0.214932;6.802532;-0.696344
267.716975;37.744912;4.393537;0.731352;0.221527;6.782034;-0.510757
267.916913;37.890520;4.530196;0.776300;0.228703;6.766960;-0.244211
268.116851;38.029520;4.673130;0.822658;0.236351;6.759741;0.080198
268.316789;38.161447;4.822237;0.870508;0.244332;6.762113;0.465038
268.516727;38.285839;4.977415;0.919915;0.252471;6.775849;0.734841
268.716665;38.402038;5.138025;0.968351;0.233354;6.797497;0.708153
268.916603;38.510769;5.303968;1.012400;0.210613;6.818295;0.629148
269.116541;38.612693;5.474693;1.052004;0.187753;6.836719;0.495997
269.316479;38.708436;5.649605;1.087187;0.165203;6.851209;0.306278
269.516417;38.798620;5.828105;1.118017;0.143219;6.860141;0.096034
269.716355;38.883871;6.009595;1.144587;0.121912;6.862939;-0.094518
269.916293;38.964813;6.193478;1.166996;0.101279;6.860185;-0.260592
270.116231;39.042071;6.379156;1.185340;0.081231;6.852586;-0.403062
270.316169;39.116267;6.566032;1.199695;0.061608;6.840816;-0.522059
270.516107;39.188027;6.753506;1.210113;0.042201;6.825540;-0.617043
270.716045;39.258001;6.941315;1.218099;0.038547;6.807442;-0.686919
270.915983;39.326354;7.129192;1.225544;0.035910;6.787237;-0.730242
271.115921;39.393237;7.317215;1.232436;0.033139;6.765691;-0.745547
271.315859;39.458808;7.505481;1.238757;0.030253;6.743623;-0.731993
271.515797;39.523225;7.694086;1.244491;0.027274;6.721885;-0.729308
271.715735;39.586645;7.883125;1.249626;0.024222;6.700157;-0.697899
271.915673;39.649226;8.072695;1.254152;0.021118;6.679299;-0.666837
272.115611;39.711126;8.262893;1.258063;0.017983;6.659308;-0.641331
272.315549;39.772501;8.453814;1.261354;0.014838;6.640025;-0.621989
272.515487;39.833510;8.645555;1.264024;0.011704;6.621270;-0.609274
272.715425;39.894014;8.837912;1.269002;0.038417;6.602846;-0.603567
272.915363;39.953136;9.031095;1.279545;0.066006;6.584544;-0.605233
273.115301;40.009667;9.225026;1.295706;0.094131;6.566141;-0.613212
273.315239;40.062400;9.419619;1.317594;0.123187;6.547442;-0.607213
273.515177;40.110126;9.614790;1.345362;0.153452;6.528873;-0.591754
273.715115;40.151635;9.810454;1.379191;0.185033;6.510727;-0.577271
273.915053;40.185719;10.006526;1.419258;0.217798;6.492975;-0.563666
274.114991;40.211169;10.202921;1.465702;0.251284;6.475595;-0.550852
274.314929;40.226777;10.399553;1.518571;0.284611;6.458564;-0.538757
274.514867;40.231333;10.596337;1.577770;0.316334;6.441865;-0.527314
274.714805;40.223990;10.792923;1.637719;0.292848;6.425477;-0.400230
274.914743;40.205273;10.989318;1.693115;0.268633;6.413011;-0.030956
275.114681;40.176033;11.185260;1.743947;0.244585;6.412046;0.349532
275.314619;40.137125;11.380492;1.790307;0.221327;6.422936;0.744350
275.514557;40.089400;11.574754;1.832352;0.199241;6.446065;1.087407
275.714495;40.033712;11.767787;1.870276;0.178516;6.479705;1.350515
275.914433;39.970914;11.959330;1.904290;0.159193;6.521244;1.593794
276.114371;39.901858;12.149126;1.934605;0.141205;6.569927;1.818274
276.314309;39.827397;12.336915;1.961416;0.124414;6.625030;2.023780
276.514247;39.748382;12.522444;1.984900;0.108744;6.685827;2.208992
276.714185;39.665389;12.705938;2.005897;0.099696;6.751563;2.371510
276.914123;39.579013;12.887154;2.024966;0.090211;6.821431;2.507950
277.114061;39.489591;13.066341;2.042053;0.080381;6.894548;2.614135
277.313999;39.397465;13.243750;2.057117;0.070289;6.969944;2.685473
277.513937;39.302975;13.419631;2.070127;0.060004;7.046558;2.717712
277.713875;39.206460;13.594232;2.081060;0.049584;7.123252;2.750045
277.913813;39.108260;13.767805;2.089902;0.039077;7.200028;2.751177
278.113751;39.008715;13.940599;2.096643;0.028523;7.276024;2.722691
278.313689;38.908166;14.112864;2.101278;0.017951;7.350460;2.666690
278.513627;38.806954;14.284846;2.103809;0.007924;7.422642;2.585483
278.713565;38.705398;14.456687;2.105291;0.006932;7.491961;2.481362
278.913503;38.603542;14.628490;2.106577;0.005946;7.557891;2.356467
279.113441;38.501430;14.800260;2.107667;0.004964;7.619975;2.212698
279.313379;38.399104;14.972003;2.108562;0.003986;7.677814;2.051662
279.513317;38.296605;15.143723;2.109261;0.003012;7.731056;1.874640
279.713255;38.193977;15.315426;2.109767;0.002039;7.779387;1.686645
279.913193;38.091261;15.487116;2.110077;0.001068;7.822615;1.500168
280.113131;37.988500;15.658799;2.110194;0.000098;7.860864;1.315358
280.313069;37.885735;15.830479;2.110117;-0.000872;7.894249;1.132364
280.513007;37.783010;16.002162;2.109846;-0.001748;7.922876;0.951332
280.712945;37.680354;16.173854;2.109504;-0.001672;7.946848;0.772405
280.912883;37.577772;16.345554;2.109177;-0.001596;7.966257;0.595724
281.112821;37.475259;16.517263;2.108866;-0.001519;7.981195;0.421424
281.312759;37.372811;16.688981;2.108569;-0.001443;7.991745;0.249639
281.512697;37.270424;16.860710;2.108289;-0.001366;7.997988;0.080499
281.712635;37.168093;17.032450;2.108023;-0.001289;8.000000;0.000000
281.912573;37.065816;17.204202;2.107773;-0.001212;8.000000;0.000000
282.112511;36.963587;17.375966;2.107539;-0.001135;8.000000;0.000000
282.312449;36.861403;17.547744;2.107320;-0.001058;8.000000;0.000000
282.512387;36.759260;17.719536;2.107117;-0.000906;8.000000;0.000000
282.712325;36.657148;17.891341;2.107003;-0.000233;8.000000;0.000000
282.912263;36.555044;18.063152;2.107024;0.000441;8.000000;0.000000
283.112201;36.452921;18.234960;2.107179;0.001114;8.000000;0.000000
283.312139;36.350752;18.406757;2.107469;0.001787;8.000000;0.000000
283.512077;36.248512;18.578536;2.107894;0.002459;8.000000;0.000000
283.712015;36.146173;18.750287;2.108453;0.003131;8.000000;0.000000
283.911953;36.043710;18.922003;2.109146;0.003801;8.000000;-0.165128
284.111891;35.941095;19.093675;2.109973;0.004471;7.995872;-0.482343
284.311829;35.838303;19.265296;2.110934;0.005139;7.983802;-0.797620
284.511767;35.735307;19.436857;2.112022;0.005340;7.963802;-1.111731
284.711705;35.632112;19.608357;2.112866;0.003097;7.935842;-1.425621
284.911643;35.528797;19.779815;2.113262;0.000858;7.899843;-1.740423
285.111581;35.425454;19.951252;2.113210;-0.001382;7.855671;-2.057487
285.311519;35.322176;20.122690;2.112709;-0.003624;7.803129;-2.381469
285.511457;35.219054;20.294150;2.111759;-0.005871;7.741869;-2.729764
285.711395;35.116179;20.465653;2.110359;-0.008127;7.671047;-3.054193
285.911333;35.013645;20.637221;2.108509;-0.010394;7.591025;-3.329859
286.111271;34.911543;20.808874;2.106205;-0.012676;7.502809;-3.559393
286.311209;34.809965;20.980635;2.103447;-0.014975;7.407349;-3.744146
286.511147;34.708999;21.152529;2.100263;-0.015603;7.305589;-3.884936
286.711085;34.608627;21.324575;2.097792;-0.009199;7.198481;-3.983111
286.911023;34.508619;21.496721;2.096602;-0.002759;7.086987;-4.042053
287.110961;34.408703;21.668927;2.096694;0.003685;6.972020;-4.069054
287.310899;34.308605;21.841155;2.098068;0.010103;6.854338;-4.092279
287.510837;34.208052;22.013366;2.100719;0.016466;6.733910;-4.104292
287.710775;34.106772;22.185521;2.104636;0.022744;6.610925;-4.153341
287.910713;34.004492;22.357581;2.109808;0.028905;6.484097;-4.226919
288.110651;33.900939;22.529508;2.116216;0.034919;6.352422;-4.314066
288.310589;33.795840;22.701263;2.123838;0.040755;6.215157;-4.397736
288.510527;33.689053;22.872609;2.132341;0.033569;6.072037;-4.458772
288.710465;33.581297;23.043244;2.134105;-0.015946;5.923400;-4.480707
288.910403;33.473980;23.214402;2.125900;-0.065370;5.770177;-4.442884
289.110341;33.369092;23.386703;2.107655;-0.115796;5.614120;-4.322318
289.310279;33.268622;23.560765;2.079170;-0.168053;5.458017;-4.201646
289.510217;33.174560;23.737207;2.040165;-0.222473;5.301869;-4.071617
289.710155;33.088895;23.916649;1.990369;-0.278570;5.146035;-3.855286
289.910093;33.013617;24.099710;1.929651;-0.334665;4.994000;-3.586834
290.110031;32.950716;24.287009;1.858200;-0.387564;4.848273;-3.196014
290.309969;32.902180;24.479165;1.776726;-0.432573;4.714630;-2.722580
290.509907;32.869823;24.678277;1.686260;-0.450761;4.597722;-2.291577
290.709845;32.855310;24.887880;1.594437;-0.426439;4.496965;-1.894736
290.909783;32.859787;25.099433;1.505010;-0.421695;4.411920;-1.524918
291.109721;32.883105;25.309293;1.414763;-0.436074;4.342264;-1.175708
291.309659;32.925116;25.513819;1.320436;-0.470797;4.287787;-0.841123
291.509597;32.985675;25.709366;1.218548;-0.528559;4.248385;-0.513694
291.709535;33.064633;25.892294;1.105295;-0.612770;4.224141;-0.179016
291.909473;33.161843;26.058960;0.976627;-0.725315;4.215659;0.141525
292.109411;33.277158;26.205720;0.828753;-0.861373;4.222366;0.438160
292.309349;33.410431;26.328933;0.659391;-1.000926;4.243063;0.546972
292.509287;33.558924;26.423824;0.478386;-0.984158;4.268759;0.591584
292.709225;33.721039;26.491763;0.320621;-0.804093;4.296378;0.646461
292.909163;33.896777;26.537275;0.191883;-0.616994;4.326357;0.713104
293.109101;34.084133;26.563468;0.091011;-0.455529;4.359188;0.793045
293.309039;34.281102;26.573446;0.014456;-0.326706;4.395411;0.858039
293.508977;34.485677;26.570318;-0.041605;-0.225818;4.434270;0.928635
293.708915;34.695853;26.557188;-0.080345;-0.145126;4.475945;1.021481
293.908853;34.909625;26.537164;-0.104026;-0.077172;4.521344;1.167266
294.108791;35.124987;26.513351;-0.113995;-0.015411;4.572670;1.358411
294.308729;35.339933;26.488856;-0.110727;0.046167;4.631685;1.588551
294.508667;35.552719;26.466631;-0.097088;0.057453;4.699759;1.846563
294.708605;35.762391;26.447243;-0.088524;0.023298;4.777670;2.118187
294.908543;35.968786;26.429166;-0.087483;-0.013841;4.865505;2.388730
295.108481;36.171935;26.410786;-0.094335;-0.053930;4.962695;2.636285
295.308419;36.371870;26.390491;-0.109430;-0.096849;5.067793;2.826468
295.508357;36.568620;26.366667;-0.133077;-0.142249;5.178104;3.021909
295.708295;36.762217;26.337699;-0.165508;-0.189369;5.293501;3.213212
295.908233;36.952693;26.301976;-0.206813;-0.236844;5.413505;3.313219
296.108171;37.140078;26.257884;-0.256857;-0.282550;5.534520;3.341195
296.308109;37.324403;26.203808;-0.315185;-0.323605;5.653935;3.315863
296.508047;37.505892;26.138149;-0.378845;-0.319671;5.770001;3.257435
296.707985;37.684451;26.060766;-0.438038;-0.288762;5.881792;3.206269
296.907923;37.859877;25.972668;-0.491792;-0.259161;5.989791;3.160833
297.107861;38.032107;25.874849;-0.540350;-0.231498;6.094385;3.120029
297.307799;38.201072;25.768302;-0.584014;-0.206063;6.195898;3.081376
297.507737;38.366708;25.654021;-0.623113;-0.182903;6.294547;2.915767
297.707675;38.528949;25.532998;-0.657974;-0.161905;6.386491;2.599337
297.907613;38.687730;25.406229;-0.688904;-0.142859;6.467355;2.251982
298.107551;38.842983;25.274706;-0.716181;-0.125498;6.536604;1.923868
298.307489;38.994644;25.139423;-0.740043;-0.109524;6.595188;1.617903
298.507427;39.142484;25.001516;-0.760876;-0.097711;6.644055;1.600096
298.707365;39.286834;24.861444;-0.779486;-0.087229;6.692033;1.681782
298.907303;39.428217;24.719362;-0.795878;-0.076246;6.742092;1.748048
299.107241;39.567058;24.575509;-0.809990;-0.064874;6.793733;1.798530
299.307179;39.703782;24.430128;-0.821778;-0.053211;6.846459;1.800154
299.507117;39.838813;24.283458;-0.831207;-0.041348;6.898829;1.795598
299.707055;39.972576;24.135742;-0.838254;-0.029362;6.950673;1.763567
299.906993;40.105495;23.987221;-0.842906;-0.017321;7.001219;1.667360
300.106931;40.237995;23.838135;-0.845160;-0.005286;7.048674;1.509423
300.306869;40.370500;23.688725;-0.845018;0.006686;7.091360;1.292313
300.506807;40.503677;23.538859;-0.843964;-0.002880;7.127703;1.018593
300.706745;40.637066;23.388571;-0.846482;-0.022169;7.156218;0.690794
300.906683;40.769824;23.237644;-0.852879;-0.041510;7.175492;0.311401
301.106621;40.901241;23.085705;-0.863176;-0.061051;7.184164;-0.117160
301.306559;41.030606;22.932377;-0.877410;-0.080914;7.180903;-0.591542
301.506497;41.157209;22.777288;-0.895630;-0.101180;7.164413;-1.141769
301.706435;41.280340;22.620061;-0.917895;-0.121877;7.132479;-1.643548
301.906373;41.399289;22.460324;-0.944262;-0.142962;7.086257;-2.097317
302.106311;41.513344;22.297700;-0.974775;-0.164295;7.026832;-2.501331
302.306249;41.621798;22.131816;-1.009455;-0.185627;6.955296;-2.851890
302.506187;41.723634;21.963005;-1.046298;-0.181991;6.872827;-3.143692
302.706125;41.819252;21.790843;-1.080928;-0.169549;6.780757;-3.370640
302.906063;41.909219;21.615288;-1.113091;-0.156446;6.680630;-3.527576
303.106001;41.993970;21.436507;-1.142714;-0.142951;6.574209;-3.613512
303.305939;42.073942;21.254667;-1.169755;-0.129291;6.463379;-3.689633
303.505877;42.149573;21.069936;-1.194200;-0.115651;6.348218;-3.729356
303.705815;42.221299;20.882480;-1.216055;-0.102172;6.229655;-3.596909
303.905753;42.289557;20.692468;-1.235343;-0.088957;6.113123;-3.299067
304.105691;42.354785;20.500068;-1.252099;-0.076073;6.004254;-2.969895
304.305629;42.417417;20.305445;-1.266366;-0.063560;5.904530;-2.661805
304.505567;42.477974;20.108948;-1.275756;-0.021198;5.813698;-2.379156
304.705505;42.537846;19.911618;-1.274947;0.029019;5.731292;-2.125520
304.905443;42.598814;19.714922;-1.263747;0.080089;5.656657;-1.904051
305.105381;42.662657;19.520353;-1.241904;0.133921;5.588952;-1.717792
305.305319;42.731149;19.329403;-1.208921;0.192213;5.527158;-1.569897
305.505257;42.806069;19.143563;-1.164110;0.256177;5.470075;-1.414852
305.705195;42.889193;18.964327;-1.106696;0.326023;5.418113;-1.236762
305.905133;42.982297;18.793187;-1.036002;0.400135;5.372281;-1.039473
306.105071;43.087159;18.631634;-0.951746;0.474075;5.333455;-0.832413
306.305009;43.205555;18.481161;-0.854425;0.539944;5.302158;-0.613023
306.504947;43.338487;18.343569;-0.752054;0.511492;5.278991;-0.465652
306.704885;43.485510;18.218626;-0.658411;0.459077;5.261325;-0.526442
306.904823;43.645052;18.105877;-0.573636;0.409374;5.241281;-0.535025
307.104761;43.815419;18.004996;-0.497072;0.364928;5.220832;-0.494992
307.304698;43.994917;17.915658;-0.427827;0.326826;5.201841;-0.428819
307.504636;44.181851;17.837539;-0.364913;0.295262;5.185333;-0.406463
307.704574;44.374529;17.770314;-0.307336;0.269983;5.169636;-0.419608
307.904512;44.571255;17.713658;-0.254140;0.250595;5.153382;-0.441496
308.104450;44.770336;17.667245;-0.204415;0.236747;5.136225;-0.457589
308.304388;44.970078;17.630752;-0.157291;0.228256;5.118381;-0.466860
308.504326;45.170230;17.603605;-0.113300;0.201682;5.100112;-0.466739
308.704264;45.369606;17.584742;-0.076619;0.163842;5.081781;-0.453389
308.904202;45.568147;17.572483;-0.048092;0.122477;5.063912;-0.423090
309.104140;45.766213;17.565077;-0.028098;0.079011;5.047179;-0.376145
309.304078;45.964162;17.560773;-0.016844;0.034589;5.032257;-0.374866
309.504016;46.162354;17.557822;-0.014402;-0.009873;5.017341;-0.353879
309.703954;46.361150;17.554474;-0.020732;-0.053580;5.003219;-0.328195
309.903892;46.560908;17.548977;-0.035689;-0.095740;4.990086;-0.413272
310.103830;46.761989;17.539583;-0.059015;-0.135462;4.973500;-0.554729
310.303768;46.964753;17.524540;-0.090317;-0.171686;4.951150;-0.726490
310.503706;47.168074;17.502714;-0.121241;-0.114521;4.921725;-0.904567
310.703644;47.372440;17.475891;-0.137273;-0.041825;4.884840;-1.066400
310.903582;47.577283;17.447198;-0.138637;0.028586;4.840995;-1.190923
311.103520;47.781723;17.419795;-0.125373;0.100700;4.791556;-1.289728
311.303458;47.984877;17.396843;-0.096982;0.178424;4.737434;-1.381755
311.503396;48.185866;17.381502;-0.052466;0.265207;4.678755;-1.403946
311.703334;48.383807;17.376932;0.009527;0.363103;4.618370;-1.383791
311.903272;48.577819;17.386292;0.090388;0.470857;4.558070;-1.345010
312.103210;48.767023;17.412744;0.190943;0.580964;4.498685;-1.285817
312.303148;48.950535;17.459448;0.310522;0.677161;4.441171;-1.217583
312.503086;49.134262;17.532361;0.443564;0.645887;4.386013;-1.157176
312.703024;49.310540;17.630263;0.568750;0.597768;4.332942;-1.032557
312.902962;49.474939;17.749708;0.686865;0.567154;4.285031;-0.732843
313.102900;49.624986;17.887867;0.801079;0.555356;4.250699;-0.468786
313.302838;49.758211;18.041913;0.914686;0.562965;4.228592;-0.233662
313.502776;49.872139;18.209017;1.031050;0.590523;4.217529;-0.006188
313.702714;49.964299;18.386352;1.153574;0.638318;4.217236;0.273172
313.902652;50.032218;18.571087;1.285582;0.705170;4.230167;0.625609
314.102590;50.073424;18.760396;1.429982;0.785931;4.259634;0.966983
314.302528;50.085495;18.949236;1.585783;0.827253;4.304783;1.289787
314.502466;50.069611;19.130932;1.726637;0.710567;4.364276;1.594686
314.702404;50.029539;19.312112;1.846138;0.576866;4.436731;1.878172
314.902342;49.968471;19.492649;1.943780;0.450416;4.520577;2.132586
315.102280;49.889598;19.672419;2.021152;0.341345;4.613934;2.347419
315.302218;49.796112;19.851295;2.080571;0.250613;4.714559;2.514039
315.502156;49.691203;20.029151;2.124273;0.175054;4.819997;2.685788
315.702094;49.578063;20.205862;2.154044;0.110236;4.930147;2.843059
315.902032;49.459883;20.381302;2.171087;0.051598;5.044128;2.978862
316.101970;49.339855;20.555344;2.175991;-0.005359;5.160853;3.200425
316.301908;49.220986;20.728124;2.169020;-0.050522;5.283386;3.466322
316.501846;49.104940;20.900258;2.159121;-0.044683;5.412973;3.760374
316.701784;48.992123;21.070970;2.150650;-0.037961;5.550131;4.005006
316.901722;48.881994;21.240440;2.143723;-0.030442;5.692579;4.178145
317.101660;48.774012;21.408852;2.138442;-0.022240;5.837482;4.311782
317.301598;48.667636;21.576386;2.134887;-0.013493;5.983342;4.419723
317.501536;48.562325;21.743224;2.133120;-0.004363;6.129251;4.527774
317.701474;48.457538;21.909547;2.133178;0.004974;6.275211;4.552356
317.901412;48.352735;22.075537;2.135074;0.014331;6.418617;4.498696
318.101350;48.247374;22.241375;2.138797;0.023518;6.557253;4.379302
318.301288;48.140925;22.407230;2.144238;0.029597;6.689450;4.205824
318.501226;48.033075;22.573176;2.149926;0.027902;6.813997;4.007268
318.701164;47.923871;22.739186;2.155310;0.026308;6.930582;3.809969
318.901102;47.813425;22.905184;2.160404;0.024804;7.039636;3.613526
319.101040;47.701850;23.071091;2.165220;0.023381;7.141529;3.417725
319.300978;47.589258;23.236831;2.169768;0.022030;7.236581;3.222481
319.500916;47.475761;23.402324;2.174059;0.020744;7.325073;3.027789
319.700854;47.361472;23.567494;2.178101;0.019516;7.407256;2.833700
319.900792;47.246502;23.732262;2.181903;0.018338;7.483353;2.640302
320.100730;47.130964;23.896552;2.185472;0.017204;7.553566;2.447707
320.300668;47.014944;24.060320;2.188804;0.015772;7.618080;2.256045
320.500606;46.898503;24.223591;2.191747;0.013574;7.677062;2.065455
320.700544;46.781754;24.386356;2.194244;0.011353;7.730666;1.876082
320.900482;46.664750;24.548695;2.196292;0.009113;7.779036;1.688076
321.100420;46.547546;24.710688;2.197889;0.006858;7.822303;1.501587
321.300358;46.430196;24.872417;2.199033;0.004591;7.860590;1.316764
321.500296;46.312753;25.033961;2.199723;0.002316;7.894011;1.133756
321.700234;46.195271;25.195401;2.199957;0.000035;7.922675;0.952708
321.900172;46.077805;25.356818;2.199737;-0.002247;7.946681;0.773765
322.100110;45.960407;25.518293;2.199060;-0.004528;7.966125;0.597065
322.300048;45.843153;25.679873;2.198024;-0.004132;7.981097;0.422747
322.499986;45.726026;25.841536;2.197722;0.001104;7.991680;0.250942
322.699924;45.608827;26.003224;2.198464;0.006331;7.997956;0.065660
322.899862;45.491385;26.164816;2.200250;0.011549;7.999597;-0.338115
323.099800;45.373531;26.326191;2.203079;0.016758;7.991142;-0.664924
323.299738;45.255094;26.487228;2.206948;0.021956;7.974488;-0.978656
323.499676;45.135906;26.647805;2.211858;0.027141;7.949913;-1.280506
323.699614;45.015797;26.807802;2.217805;0.032310;7.917643;-1.572085
323.899552;44.894596;26.967097;2.224788;0.037459;7.877845;-1.855415
324.099490;44.772134;27.125569;2.232804;0.042581;7.830613;-2.132912
324.299428;44.648240;27.283105;2.241687;0.043648;7.775963;-2.407383
324.499366;44.522902;27.439662;2.249944;0.038711;7.713815;-2.682023
324.699304;44.396318;27.595283;2.257220;0.033839;7.643983;-2.960435
324.899242;44.268693;27.750024;2.263524;0.029018;7.566153;-3.243293
325.099180;44.140235;27.903944;2.268861;0.024232;7.479956;-3.525415
325.299118;44.011147;28.057099;2.273237;0.019465;7.385122;-3.787926
325.499056;43.881636;28.209546;2.276655;0.014701;7.281849;-4.029935
325.698994;43.751907;28.361345;2.279113;0.009919;7.170345;-4.248602
325.898932;43.622165;28.512551;2.280611;0.005103;7.050882;-4.439038
326.098870;43.492617;28.663222;2.281142;0.000230;6.923862;-4.593955
326.298808;43.363571;28.813302;2.280554;-0.008040;6.789908;-4.703200
326.498746;43.235235;28.963049;2.277736;-0.020545;6.649974;-4.753608
326.698684;43.107641;29.113156;2.272461;-0.032981;6.505483;-4.730500
326.898622;42.980948;29.264179;2.264753;-0.045159;6.358435;-4.623888
327.098560;42.855316;29.416677;2.254662;-0.056891;6.211337;-4.517168
327.298498;42.730905;29.571204;2.242262;-0.067986;6.064190;-4.397942
327.498436;42.607873;29.728318;2.227653;-0.078263;5.917412;-4.221171
327.698374;42.486381;29.888576;2.210961;-0.087554;5.773026;-4.010497
327.898312;42.366589;30.052534;2.192332;-0.095709;5.632417;-3.785123
328.098250;42.248655;30.220748;2.171937;-0.102605;5.496412;-3.558941
328.298188;42.132122;30.394760;2.149203;-0.121072;5.365390;-3.341664
328.498126;42.018297;30.574589;2.119750;-0.156449;5.239385;-3.140207
328.698064;41.910521;30.758155;2.082170;-0.197897;5.118151;-2.959826
328.898002;41.811441;30.944443;2.035278;-0.248438;5.001190;-2.795115
329.097940;41.723703;31.132436;1.977461;-0.311468;4.888170;-2.477863
329.297878;41.649954;31.321118;1.906674;-0.390527;4.785746;-2.156034
329.497816;41.592841;31.509472;1.820527;-0.488306;4.694808;-1.834064
329.697754;41.555011;31.696483;1.716563;-0.604222;4.616039;-1.508361
329.897692;41.539111;31.881133;1.592927;-0.730045;4.550238;-1.175951
330.097630;41.547787;32.062406;1.449516;-0.845062;4.498269;-0.853624
330.297568;41.584142;32.241596;1.292597;-0.826904;4.460166;-0.544793
330.497506;41.648438;32.416476;1.147404;-0.729375;4.435677;-0.243920
330.697444;41.737890;32.584310;1.017854;-0.634009;4.424669;0.054608
330.897382;41.849840;32.743824;0.902510;-0.552184;4.427136;0.356674
331.097320;41.981630;32.893747;0.798984;-0.487853;4.443215;0.666667
331.297258;42.130601;33.032806;0.704599;-0.441072;4.473113;0.985677
331.497196;42.294097;33.159730;0.616713;-0.410525;4.516956;1.306125
331.697134;42.469459;33.273246;0.532817;-0.394889;4.574405;1.630532
331.897072;42.654028;33.372083;0.450514;-0.393454;4.645125;1.959796
332.097010;42.845148;33.454968;0.367437;-0.406394;4.728728;2.292811
332.296948;43.034048;33.519261;0.290099;-0.365171;4.824697;2.625726
332.496886;43.225902;33.569379;0.222637;-0.314124;4.932309;2.950861
332.696824;43.420435;33.607458;0.165777;-0.259146;5.050510;3.255546
332.896762;43.617196;33.635562;0.119823;-0.203305;5.177786;3.522064
333.096700;43.815735;33.655758;0.084761;-0.148324;5.312048;3.732051
333.296638;44.015600;33.670114;0.060429;-0.094816;5.450707;3.948998
333.496576;44.216341;33.680694;0.046634;-0.042629;5.593686;4.160289
333.696514;44.417507;33.689566;0.043239;0.008841;5.740463;4.197656
333.896452;44.618648;33.698795;0.050199;0.060382;5.884850;4.188023
334.096390;44.819313;33.710449;0.067578;0.112746;6.025459;4.145000
334.296328;45.019689;33.726204;0.088847;0.098274;6.161464;4.080618
334.496266;45.219258;33.745862;0.107014;0.082845;6.292486;4.005348
334.696204;45.418140;33.768792;0.122030;0.067120;6.418490;3.928683
334.896142;45.616458;33.794358;0.133863;0.051201;6.539725;3.859844
335.096080;45.814338;33.821930;0.142491;0.035156;6.656686;3.808461
335.296018;46.011903;33.850873;0.147902;0.019035;6.770109;3.785218
335.495956;46.209279;33.880555;0.150089;0.002869;6.880988;3.731796
335.695894;46.406590;33.910343;0.149047;-0.013319;6.988580;3.638934
335.895832;46.603961;33.939604;0.144774;-0.029506;7.091923;3.502712
336.095770;46.801520;33.967704;0.137277;-0.044793;7.189995;3.321097
336.295708;46.999484;33.994193;0.128966;-0.038422;7.281761;3.126107
336.495646;47.197710;34.019170;0.121926;-0.032061;7.367096;2.931689
336.695584;47.396154;34.042883;0.116153;-0.025713;7.446235;2.737915
336.895522;47.594777;34.065584;0.111646;-0.019378;7.519391;2.544885
337.095460;47.793537;34.087519;0.108403;-0.013055;7.586757;2.352721
337.295398;47.992392;34.108941;0.106424;-0.006743;7.648508;2.161559
337.495336;48.191301;34.130096;0.105706;-0.000436;7.704806;1.971540
337.695274;48.390222;34.151235;0.106249;0.005870;7.755798;1.782814
337.895212;48.589114;34.172608;0.108054;0.012177;7.801622;1.595528
338.095150;48.787944;34.194464;0.111113;0.017601;7.842406;1.409834
338.295088;48.986747;34.216976;0.114298;0.014234;7.878266;1.225880
338.495026;49.185458;34.240052;0.116808;0.010864;7.909316;1.043814
338.694964;49.384090;34.263556;0.118644;0.007493;7.935659;0.863780
338.894902;49.582658;34.287355;0.119805;0.004119;7.957392;0.685920
339.094840;49.781175;34.311313;0.120291;0.000743;7.974608;0.510373
339.294778;49.979656;34.335296;0.120102;-0.002636;7.987393;0.337273
339.494716;50.178114;34.359171;0.119237;-0.006019;7.995831;0.166752
339.694654;50.376564;34.382803;0.117696;-0.009404;8.000000;0.000000
339.894592;50.575020;34.406057;0.115479;-0.012793;8.000000;0.000000
340.094530;50.773524;34.428803;0.112600;-0.015113;8.000000;0.000000
340.294468;50.972212;34.450992;0.109958;-0.011310;8.000000;0.000000
340.494406;51.170925;34.472728;0.108078;-0.007502;8.000000;0.000000
340.694344;51.369658;34.494166;0.106959;-0.003691;8.000000;0.000000
340.894282;51.568403;34.515456;0.106603;0.000121;8.000000;0.000000
341.094220;51.767155;34.536752;0.107008;0.003932;8.000000;0.000000
341.294158;51.965907;34.558206;0.108174;0.007741;8.000000;0.000000
341.494096;52.164655;34.579971;0.110102;0.011545;8.000000;0.000000
341.694034;52.363391;34.602199;0.112791;0.015343;8.000000;0.000000
341.893972;52.562110;34.625043;0.116239;0.019132;8.000000;0.000000
342.093910;52.760730;34.648645;0.120412;0.021452;8.000000;0.000000
342.293848;52.959047;34.673052;0.124401;0.018474;8.000000;0.000000
342.493786;53.157337;34.698200;0.127797;0.015506;8.000000;0.000000
342.693724;53.355600;34.723968;0.130601;0.012545;8.000000;0.000000
342.893662;53.553836;34.750240;0.132814;0.009591;8.000000;0.000000
343.093600;53.752046;34.776894;0.134437;0.006641;8.000000;0.000000
343.293538;53.950231;34.803813;0.135470;0.003694;8.000000;0.000000
343.493476;54.148390;34.830878;0.135915;0.000748;8.000000;0.000000
343.693414;54.346524;34.857970;0.135770;-0.002199;8.000000;0.000000
343.893352;54.544634;34.884969;0.135035;-0.005150;8.000000;0.000000
344.093290;54.742789;34.911768;0.133736;-0.007098;8.000000;0.000000
344.293228;54.941114;34.938313;0.132402;-0.006240;8.000000;0.000000
344.493166;55.139418;34.964603;0.131239;-0.005381;8.000000;0.000000
344.693104;55.337702;34.990673;0.130249;-0.004520;8.000000;0.000000
344.893042;55.535970;35.016559;0.129432;-0.003657;8.000000;0.000000
345.092980;55.734224;35.042296;0.128787;-0.002793;8.000000;0.000000
345.292918;55.932464;35.067918;0.128315;-0.001928;8.000000;0.000000
345.492856;56.130694;35.093462;0.128016;-0.001062;8.000000;0.000000
345.692794;56.328916;35.118961;0.127891;-0.000196;8.000000;0.000000
345.892732;56.527131;35.144452;0.127938;0.000670;8.000000;0.000000
346.092670;56.725343;35.169969;0.128144;0.001093;8.000000;0.000000
346.292608;56.923553;35.195527;0.128313;0.000601;8.000000;0.000000
346.492546;57.121770;35.221111;0.128384;0.000109;8.000000;0.000000
346.692484;57.320001;35.246700;0.128357;-0.000383;8.000000;0.000000
346.892422;57.518251;35.272276;0.128231;-0.000874;8.000000;0.000000
347.092360;57.716529;35.297821;0.128007;-0.001365;8.000000;0.000000
347.292298;57.914841;35.323315;0.127685;-0.001856;8.000000;0.000000
347.492236;58.113193;35.348740;0.127265;-0.002346;8.000000;0.000000
347.692174;58.311593;35.374076;0.126747;-0.002835;8.000000;0.000000
347.892112;58.510048;35.399304;0.126131;-0.003324;8.000000;0.000000
348.092050;58.708454;35.424393;0.125424;-0.003636;8.000000;0.000000
348.291987;58.906751;35.449322;0.124694;-0.003674;8.000000;0.000000
348.491925;59.105103;35.474110;0.123956;-0.003711;8.000000;0.000000
348.691863;59.303504;35.498755;0.123210;-0.003749;8.000000;0.000000
348.891801;59.501947;35.523254;0.122456;-0.003788;8.000000;0.000000
349.091739;59.700425;35.547604;0.121695;-0.003827;8.000000;0.000000
349.291677;59.898930;35.571804;0.120926;-0.003867;8.000000;0.000000
349.491615;60.097457;35.595850;0.120148;-0.003908;8.000000;0.000000
349.691553;60.295997;35.619741;0.119363;-0.003949;8.000000;0.000000
349.891491;60.494545;35.643474;0.118569;-0.003990;8.000000;0.000000
350.091429;60.693145;35.667052;0.117789;-0.003531;8.000000;0.000000
350.291367;60.891805;35.690498;0.117193;-0.002423;8.000000;0.000000
350.491305;61.090454;35.713844;0.116819;-0.001315;8.000000;0.000000
350.691243;61.289084;35.737135;0.116667;-0.000206;8.000000;0.000000
350.891181;61.487691;35.760415;0.116737;0.000903;8.000000;0.000000
351.091119;61.686268;35.783727;0.117028;0.002013;8.000000;0.000000
351.291057;61.884811;35.807117;0.117542;0.003124;8.000000;0.000000
351.490995;62.083312;35.830628;0.118277;0.004236;8.000000;0.000000
351.690933;62.281766;35.854303;0.119235;0.005348;8.000000;0.000000
351.890871;62.480168;35.878187;0.120415;0.006461;8.000000;0.000000
352.090809;62.678623;35.902335;0.121742;0.006032;8.000000;0.000000
352.290747;62.877138;35.926731;0.122745;0.003995;8.000000;0.000000
352.490685;63.075609;35.951282;0.123340;0.001958;8.000000;0.000000
352.690623;63.274050;35.975909;0.123528;-0.000081;8.000000;0.000000
352.890561;63.472473;36.000530;0.123308;-0.002121;8.000000;0.000000
353.090499;63.670890;36.025064;0.122680;-0.004162;8.000000;0.000000
353.290437;63.869312;36.049432;0.121644;-0.006203;8.000000;0.000000
353.490375;64.067753;36.073552;0.120200;-0.008244;8.000000;0.000000
353.690313;64.266224;36.097345;0.118348;-0.010286;8.000000;0.000000
353.890251;64.464739;36.120728;0.116088;-0.012327;8.000000;0.000000
354.090189;64.663299;36.143630;0.113671;-0.009858;8.000000;0.000000
354.290127;64.861899;36.166146;0.112308;-0.003778;8.000000;0.000000
354.490065;65.060521;36.188512;0.112160;0.002301;8.000000;0.000000
354.690003;65.259141;36.210970;0.113228;0.008379;8.000000;0.000000
354.889941;65.457734;36.233762;0.115510;0.014455;8.000000;0.000000
355.089879;65.656274;36.257129;0.119007;0.020527;8.000000;0.000000
355.289817;65.854738;36.281314;0.123717;0.026593;8.000000;0.000000
355.489755;66.053100;36.306557;0.129641;0.032650;8.000000;0.000000
355.689693;66.251337;36.333101;0.136775;0.038691;8.000000;0.000000
355.889631;66.449422;36.361186;0.145119;0.044709;8.000000;0.000000
356.089569;66.647058;36.390987;0.154044;0.040848;8.000000;0.000000
356.289507;66.844366;36.422382;0.161216;0.030960;8.000000;0.000000
356.489445;67.041561;36.455012;0.166419;0.021101;8.000000;0.000000
356.689383;67.238686;36.488485;0.169654;0.011268;8.000000;0.000000
356.889321;67.435785;36.522410;0.170926;0.001452;8.000000;0.000000
357.089259;67.632901;36.556397;0.170235;-0.008357;8.000000;0.000000
357.289197;67.830078;36.590056;0.167583;-0.018168;8.000000;0.000000
357.489135;68.027359;36.622995;0.162967;-0.027991;8.000000;0.000000
357.689073;68.224789;36.654823;0.156386;-0.037830;8.000000;0.000000
357.889011;68.422410;36.685151;0.147837;-0.047686;8.000000;0.000000
358.088949;68.620321;36.713634;0.138209;-0.044041;8.000000;0.000000
358.288887;68.818477;36.740379;0.130460;-0.033466;8.000000;0.000000
358.488825;69.016796;36.765796;0.124827;-0.022882;8.000000;0.000000
358.688763;69.215225;36.790305;0.121310;-0.012295;8.000000;0.000000
358.888701;69.413712;36.814326;0.119910;-0.001707;8.000000;0.000000
359.088639;69.612203;36.838279;0.120628;0.008881;8.000000;0.000000
359.288577;69.810648;36.862583;0.123462;0.019471;8.000000;0.000000
359.488515;70.008992;36.887659;0.128413;0.030061;8.000000;0.000000
359.688453;70.207183;36.913927;0.135481;0.040646;8.000000;0.000000
359.888391;70.405168;36.941807;0.144665;0.051215;8.000000;0.000000
360.088329;70.602731;36.971646;0.154975;0.047949;8.000000;0.000000
360.288267;70.799983;37.003370;0.163659;0.038991;8.000000;0.000000
360.488205;70.997044;37.036641;0.170558;0.030047;8.000000;0.000000
360.688143;71.193960;37.071105;0.175672;0.021122;8.000000;0.000000
360.888081;71.390780;37.106409;0.179004;0.012212;8.000000;0.000000
361.088019;71.587551;37.142201;0.180557;0.003315;8.000000;0.000000
361.287957;71.784320;37.178128;0.180331;-0.005576;8.000000;0.000000
361.487895;71.981135;37.213835;0.178326;-0.014468;8.000000;0.000000
361.687833;72.178043;37.248972;0.174543;-0.023365;8.000000;0.000000
361.887771;72.375091;37.283184;0.168979;-0.032273;8.000000;0.000000
362.087709;72.572333;37.316157;0.162374;-0.031215;8.000000;0.000000
362.287647;72.769759;37.347897;0.156585;-0.026685;8.000000;0.000000
362.487585;72.967338;37.378580;0.151702;-0.022150;8.000000;0.000000
362.687523;73.165044;37.408388;0.147727;-0.017612;8.000000;0.000000
362.887461;73.362850;37.437498;0.144660;-0.013074;8.000000;0.000000
363.087399;73.560728;37.466091;0.142500;-0.008535;8.000000;0.000000
363.287337;73.758653;37.494346;0.141247;-0.003996;8.000000;0.000000
363.487275;73.956596;37.522442;0.140902;0.000544;8.000000;0.000000
363.687213;74.154532;37.550559;0.141464;0.005084;8.000000;0.000000
363.887151;74.352433;37.578877;0.142934;0.009624;8.000000;0.000000
364.087089;74.550283;37.607560;0.145017;0.010356;8.000000;0.000000
364.287027;74.748071;37.636652;0.147051;0.009992;8.000000;0.000000
364.486965;74.945799;37.666139;0.149012;0.009628;8.000000;0.000000
364.686903;75.143472;37.696006;0.150900;0.009263;8.000000;0.000000
364.886841;75.341094;37.726241;0.152716;0.008898;8.000000;0.000000
365.086779;75.538670;37.756828;0.154458;0.008533;8.000000;0.000000
365.286717;75.736203;37.787753;0.156128;0.008167;8.000000;0.000000
365.486655;75.933698;37.819004;0.157724;0.007801;8.000000;0.000000
365.686593;76.131160;37.850564;0.159247;0.007435;8.000000;0.000000
365.886531;76.328593;37.882422;0.160698;0.007068;8.000000;0.000000
366.086469;76.525981;37.914563;0.162163;0.007793;8.000000;0.000000
366.286407;76.723328;37.947013;0.163819;0.008771;8.000000;0.000000
366.486345;76.920622;37.979811;0.165671;0.009750;8.000000;0.000000
366.686283;77.117848;38.012992;0.167719;0.010731;8.000000;0.000000
366.886221;77.314990;38.046594;0.169964;0.011714;8.000000;0.000000
367.086159;77.512031;38.080655;0.172405;0.012700;8.000000;0.000000
367.286097;77.708957;38.115210;0.175043;0.013689;8.000000;0.000000
367.486035;77.905750;38.150298;0.177878;0.014681;8.000000;0.000000
367.685973;78.102396;38.185956;0.180912;0.015676;8.000000;0.000000
367.885911;78.298878;38.222219;0.184143;0.016675;8.000000;0.000000
368.085849;78.495439;38.259162;0.187349;0.014967;8.000000;0.000000
368.285787;78.691886;38.296693;0.190122;0.012762;8.000000;0.000000
368.485725;78.888198;38.334717;0.192453;0.010552;8.000000;0.000000
368.685663;79.084400;38.373150;0.194342;0.008339;8.000000;0.000000
368.885601;79.280517;38.411906;0.195787;0.006123;8.000000;0.000000
369.085539;79.476576;38.450899;0.196790;0.003906;8.000000;0.000000
369.285477;79.672601;38.490045;0.197349;0.001687;8.000000;0.000000
369.485415;79.868618;38.529258;0.197464;-0.000531;8.000000;0.000000
369.685353;80.064654;38.568454;0.197136;-0.002748;8.000000;0.000000
369.885291;80.260732;38.607545;0.196365;-0.004964;8.000000;0.000000
370.085229;80.456794;38.646445;0.195375;-0.004690;8.000000;0.000000
370.285167;80.652909;38.685164;0.194493;-0.004127;8.000000;0.000000
370.485105;80.849078;38.723726;0.193724;-0.003565;8.000000;0.000000
370.685043;81.045292;38.762151;0.193068;-0.003004;8.000000;0.000000
370.884981;81.241541;38.800461;0.192523;-0.002443;8.000000;0.000000
371.084919;81.437816;38.838677;0.192091;-0.001882;8.000000;0.000000
371.284857;81.634108;38.876819;0.191770;-0.001322;8.000000;0.000000
371.484795;81.830408;38.914909;0.191562;-0.000762;8.000000;0.000000
371.684733;82.026706;38.952967;0.191466;-0.000202;8.000000;0.000000
371.884671;82.222994;38.991015;0.191481;0.000359;8.000000;0.000000
372.084609;82.419298;39.029077;0.191543;0.000219;8.000000;0.000000
372.284547;82.615589;39.067145;0.191569;0.000036;8.000000;0.000000
372.484485;82.811868;39.105212;0.191557;-0.000148;8.000000;0.000000
372.684423;83.008141;39.143272;0.191509;-0.000332;8.000000;0.000000
372.884361;83.204412;39.181318;0.191425;-0.000515;8.000000;0.000000
373.084299;83.400687;39.219344;0.191303;-0.000699;8.000000;0.000000
373.284237;83.596969;39.257343;0.191145;-0.000882;8.000000;0.000000
373.484175;83.793264;39.295308;0.190951;-0.001066;8.000000;0.000000
373.684113;83.989576;39.333234;0.190719;-0.001249;8.000000;0.000000
373.884051;84.185911;39.371113;0.190451;-0.001432;8.000000;0.000000
374.083989;84.382196;39.408937;0.190341;0.000349;8.000000;0.000000
374.283927;84.578493;39.446777;0.190591;0.002153;8.000000;0.000000
374.483865;84.774785;39.484704;0.191202;0.003957;8.000000;0.000000
374.683803;84.971057;39.522789;0.192173;0.005761;8.000000;0.000000
374.883741;85.167292;39.561101;0.193505;0.007565;8.000000;0.000000
375.083679;85.363476;39.599711;0.195198;0.009368;8.000000;0.000000
375.283617;85.559592;39.638689;0.197252;0.011172;8.000000;0.000000
375.483555;85.755625;39.678106;0.199666;0.012976;8.000000;0.000000
375.683493;85.951558;39.718033;0.202441;0.014779;8.000000;0.000000
375.883431;86.147374;39.758538;0.205576;0.016466;8.000000;0.000000
376.083369;86.343036;39.799661;0.208670;0.014481;8.000000;0.000000
376.283307;86.538583;39.841351;0.211367;0.012496;8.000000;0.000000
376.483245;86.734028;39.883530;0.213667;0.010512;8.000000;0.000000
376.683183;86.929386;39.926120;0.215570;0.008528;8.000000;0.000000
376.883121;87.124672;39.969043;0.217077;0.006544;8.000000;0.000000
377.083059;87.319900;40.012221;0.218188;0.004561;8.000000;0.000000
377.282997;87.515084;40.055577;0.218901;0.002578;8.000000;0.000000
377.482935;87.710240;40.099032;0.219218;0.000595;8.000000;0.000000
377.682873;87.905381;40.142508;0.219139;-0.001389;8.000000;0.000000
377.882811;88.100524;40.185927;0.218664;-0.003265;8.000000;0.000000
378.082749;88.295710;40.229231;0.217964;-0.003738;8.000000;0.000000
378.282687;88.490918;40.272386;0.217169;-0.004212;8.000000;0.000000
378.482625;88.686157;40.315376;0.216280;-0.004685;8.000000;0.000000
378.682563;88.881434;40.358182;0.215296;-0.005158;8.000000;0.000000
378.882501;89.076758;40.400788;0.214217;-0.005630;8.000000;0.000000
379.082439;89.272137;40.443175;0.213045;-0.006102;8.000000;0.000000
379.282377;89.467580;40.485327;0.211778;-0.006573;8.000000;0.000000
379.482315;89.663094;40.527225;0.210416;-0.007043;8.000000;0.000000
379.682253;89.858688;40.568852;0.208961;-0.007513;8.000000;0.000000
379.882191;90.054363;40.610190;0.207417;-0.007488;8.000000;0.000000
380.082129;90.250073;40.651249;0.206300;-0.003683;8.000000;0.000000
380.282067;90.445831;40.692167;0.205944;0.000119;8.000000;0.000000
380.482005;90.641597;40.733092;0.206348;0.003920;8.000000;0.000000
380.681943;90.837327;40.774170;0.207512;0.007722;8.000000;0.000000
380.881881;91.032982;40.815547;0.209436;0.011527;8.000000;0.000000
381.081819;91.228518;40.857370;0.212122;0.015336;8.000000;0.000000
381.281757;91.423895;40.899787;0.215569;0.019151;8.000000;0.000000
381.481695;91.619070;40.942942;0.219779;0.022972;8.000000;0.000000
381.681633;91.814002;40.986983;0.224752;0.026800;8.000000;0.000000
381.881571;92.008694;41.032068;0.230470;0.029268;8.000000;0.000000
382.081509;92.203330;41.078305;0.235830;0.024321;8.000000;0.000000
382.281447;92.397703;41.125479;0.240199;0.019366;8.000000;0.000000
382.481385;92.591861;41.173399;0.243576;0.014405;8.000000;0.000000
382.681323;92.785856;41.221871;0.245960;0.009440;8.000000;0.000000
382.881261;92.979737;41.270704;0.247351;0.004471;8.000000;0.000000
383.081199;93.173553;41.319705;0.247748;-0.000500;8.000000;0.000000
383.281137;93.367355;41.368682;0.247151;-0.005473;8.000000;0.000000
383.481075;93.561192;41.417442;0.245560;-0.010449;8.000000;0.000000
383.681013;93.755115;41.465793;0.242974;-0.015426;8.000000;0.000000
383.880951;93.949179;41.513545;0.239433;-0.018516;8.000000;0.000000
384.080889;94.143433;41.560612;0.236130;-0.014537;8.000000;0.000000
384.280827;94.337822;41.607114;0.233623;-0.010555;8.000000;0.000000
384.480765;94.532315;41.653208;0.231911;-0.006573;8.000000;0.000000
384.680703;94.726882;41.699049;0.230995;-0.002592;8.000000;0.000000
384.880641;94.921488;41.744793;0.230874;0.001388;8.000000;0.000000
385.080579;95.116105;41.790596;0.231550;0.005365;8.000000;0.000000
385.280517;95.310698;41.836615;0.233020;0.009339;8.000000;0.000000
385.480455;95.505238;41.883004;0.235285;0.013309;8.000000;0.000000
385.680393;95.699692;41.929920;0.238344;0.017273;8.000000;0.000000
385.880331;95.893967;41.977504;0.242138;0.019145;8.000000;0.000000
386.080269;96.087948;42.025782;0.245583;0.015319;8.000000;0.000000
386.280207;96.281819;42.074663;0.248264;0.011501;8.000000;0.000000
386.480145;96.475607;42.123998;0.250183;0.007688;8.000000;0.000000
386.680083;96.669336;42.173636;0.251339;0.003879;8.000000;0.000000
386.880021;96.863031;42.223424;0.251734;0.000072;8.000000;0.000000
387.079959;97.056717;42.273214;0.251368;-0.003737;8.000000;0.000000
387.279897;97.250419;42.322853;0.250240;-0.007548;8.000000;0.000000
387.479835;97.444162;42.372191;0.248349;-0.011365;8.000000;0.000000
387.679773;97.637970;42.421078;0.245696;-0.015189;8.000000;0.000000
387.879711;97.831976;42.469389;0.242342;-0.016923;8.000000;0.000000
388.079649;98.026312;42.517099;0.239242;-0.014056;8.000000;0.000000
388.279587;98.220727;42.564250;0.236717;-0.011184;8.000000;0.000000
388.479525;98.415201;42.610955;0.234768;-0.008307;8.000000;0.000000
388.679463;98.609709;42.657326;0.233395;-0.005426;8.000000;0.000000
388.879401;98.804232;42.703477;0.232599;-0.002541;8.000000;0.000000
389.079339;98.998746;42.749523;0.232379;0.000346;8.000000;0.000000
389.279276;99.193230;42.795575;0.232737;0.003235;8.000000;0.000000
389.479214;99.387662;42.841748;0.233672;0.006125;8.000000;0.000000
389.679152;99.582020;42.888154;0.235185;0.009016;8.000000;0.000000
389.879090;99.776274;42.934905;0.237228;0.010660;8.000000;0.000000
390.079028;99.970412;42.982060;0.239315;0.010232;8.000000;0.000000
390.278966;100.164461;43.029613;0.241317;0.009802;8.000000;0.000000
390.478904;100.358435;43.077551;0.243232;0.009370;8.000000;0.000000
390.678842;100.552350;43.125860;0.245061;0.008936;8.000000;0.000000
390.878780;100.746221;43.174526;0.246804;0.008500;8.000000;0.000000
391.078718;100.940063;43.223535;0.248460;0.008063;8.000000;0.000000
391.278656;101.133890;43.272872;0.250028;0.007625;8.000000;0.000000
391.478594;101.327717;43.322525;0.251510;0.007186;8.000000;0.000000
391.678532;101.521560;43.372479;0.252904;0.006746;8.000000;0.000000
391.878470;101.715230;43.422667;0.254202;0.006126;8.000000;0.000000
392.078408;101.908672;43.473048;0.255342;0.005280;8.000000;0.000000
392.278346;102.102130;43.523651;0.256314;0.004437;8.000000;0.000000
392.478284;102.295590;43.574439;0.257117;0.003598;8.000000;0.000000
392.678222;102.489036;43.625372;0.257753;0.002761;8.000000;0.000000
392.878160;102.682453;43.676412;0.258222;0.001925;8.000000;0.000000
393.078098;102.875827;43.727519;0.258524;0.001090;8.000000;0.000000
393.278036;103.069142;43.778656;0.258658;0.000254;8.000000;0.000000
393.477974;103.262383;43.829785;0.258625;-0.000583;8.000000;0.000000
393.677912;103.455535;43.880865;0.258425;-0.001422;8.000000;0.000000
393.877850;103.648875;43.931939;0.258125;-0.000814;8.000000;0.000000
394.077788;103.842424;43.983037;0.258184;0.001398;8.000000;0.000000
394.277726;104.035853;44.034162;0.258685;0.003615;8.000000;0.000000
394.477664;104.229157;44.085403;0.259630;0.005837;8.000000;0.000000
394.677602;104.422333;44.136851;0.261019;0.008059;8.000000;0.000000
394.877540;104.615375;44.188597;0.262852;0.010282;8.000000;0.000000
395.077478;104.808278;44.240731;0.265129;0.012503;8.000000;0.000000
395.277416;105.001040;44.293344;0.267848;0.014719;8.000000;0.000000
395.477354;105.193653;44.346525;0.271010;0.016928;8.000000;0.000000
395.677292;105.386115;44.400366;0.274613;0.019129;8.000000;0.000000
395.877230;105.578346;44.454929;0.278478;0.018068;8.000000;0.000000
396.077168;105.770376;44.510180;0.281711;0.014298;8.000000;0.000000
396.277106;105.962297;44.565995;0.284193;0.010536;8.000000;0.000000
396.477044;106.154143;44.622227;0.285924;0.006780;8.000000;0.000000
396.676982;106.345947;44.678728;0.286904;0.003029;8.000000;0.000000
396.876920;106.537742;44.735353;0.287135;-0.000720;8.000000;0.000000
397.076858;106.729560;44.791955;0.286617;-0.004467;8.000000;0.000000
397.276796;106.921434;44.848387;0.285348;-0.008214;8.000000;0.000000
397.476734;107.113397;44.904503;0.283331;-0.011964;8.000000;0.000000
397.676672;107.305481;44.960156;0.280563;-0.015716;8.000000;0.000000
397.876610;107.497680;45.015197;0.277258;-0.015974;8.000000;0.000000
398.076548;107.690013;45.069615;0.274265;-0.013970;8.000000;0.000000
398.276486;107.882491;45.123494;0.271674;-0.011964;8.000000;0.000000
398.476424;108.075099;45.176912;0.269483;-0.009955;8.000000;0.000000
398.676362;108.267824;45.229951;0.267694;-0.007946;8.000000;0.000000
398.876300;108.460651;45.282688;0.266306;-0.005936;8.000000;0.000000
399.076238;108.653567;45.335204;0.265320;-0.003927;8.000000;0.000000
399.276176;108.846556;45.387577;0.264736;-0.001919;8.000000;0.000000
399.476114;109.039607;45.439886;0.264553;0.000087;8.000000;0.000000
399.676052;109.232703;45.492212;0.264771;0.002091;8.000000;0.000000
399.875990;109.425685;45.544596;0.265424;0.004614;8.000000;0.000000
400.075928;109.618593;45.597150;0.266624;0.007395;8.000000;0.000000
400.275866;109.811455;45.649998;0.268381;0.010176;8.000000;0.000000
400.475804;110.004226;45.703244;0.270694;0.012959;8.000000;0.000000
400.675742;110.196863;45.756990;0.273564;0.015745;8.000000;0.000000
400.875680;110.389321;45.811339;0.276992;0.018535;8.000000;0.000000
401.075618;110.581555;45.866396;0.280978;0.021332;8.000000;0.000000
401.275556;110.773523;45.922264;0.285523;0.024136;8.000000;0.000000
401.475494;110.965179;45.979045;0.290629;0.026947;8.000000;0.000000
401.675432;111.156479;46.036844;0.296295;0.029767;8.000000;0.000000
401.875370;111.347554;46.095792;0.302010;0.025321;8.000000;0.000000
402.075308;111.538352;46.155712;0.306339;0.017967;8.000000;0.000000
402.275246;111.728901;46.216307;0.309195;0.010603;8.000000;0.000000
402.475184;111.919298;46.277299;0.310578;0.003232;8.000000;0.000000
402.675122;112.109640;46.338408;0.310488;-0.004141;8.000000;0.000000
402.875060;112.300023;46.399357;0.308923;-0.011517;8.000000;0.000000
403.074998;112.490543;46.459866;0.305883;-0.018890;8.000000;0.000000
403.274936;112.681297;46.519658;0.301371;-0.026259;8.000000;0.000000
403.474874;112.872381;46.578453;0.295385;-0.033617;8.000000;0.000000
403.674812;113.063891;46.635974;0.287929;-0.040955;8.000000;0.000000
403.874750;113.255715;46.691933;0.279984;-0.035755;8.000000;0.000000
404.074688;113.447942;46.746523;0.273719;-0.026943;8.000000;0.000000
404.274626;113.640520;46.800095;0.269213;-0.018150;8.000000;0.000000
404.474564;113.833342;46.852981;0.266462;-0.009372;8.000000;0.000000
404.674502;114.026298;46.905515;0.265464;-0.000606;8.000000;0.000000
404.874440;114.219282;46.958031;0.266219;0.008156;8.000000;0.000000
405.074378;114.412184;47.010864;0.268727;0.016919;8.000000;0.000000
405.274316;114.604897;47.064347;0.272987;0.025689;8.000000;0.000000
405.474254;114.797313;47.118813;0.279002;0.034468;8.000000;0.000000
405.674192;114.989324;47.174597;0.286772;0.043256;8.000000;0.000000
405.874130;115.180826;47.231976;0.295308;0.040005;8.000000;0.000000
406.074068;115.371850;47.290881;0.302720;0.034148;8.000000;0.000000
406.274006;115.562471;47.351090;0.308961;0.028287;8.000000;0.000000
406.473944;115.752758;47.412378;0.314030;0.022425;8.000000;0.000000
406.673882;115.942782;47.474524;0.317927;0.016565;8.000000;0.000000
406.873820;116.132613;47.537303;0.320654;0.010707;8.000000;0.000000
407.073758;116.322322;47.600493;0.322209;0.004852;8.000000;0.000000
407.273696;116.511980;47.663870;0.322594;-0.001002;8.000000;0.000000
407.473634;116.701657;47.727211;0.321809;-0.006854;8.000000;0.000000
407.673572;116.891422;47.790293;0.319853;-0.012707;8.000000;0.000000
407.873510;117.081296;47.852911;0.317316;-0.011782;8.000000;0.000000
408.073448;117.271311;47.915081;0.315155;-0.009837;8.000000;0.000000
408.273386;117.461451;47.976877;0.313383;-0.007891;8.000000;0.000000
408.473324;117.651691;48.038374;0.312000;-0.005947;8.000000;0.000000
408.673262;117.842006;48.099646;0.311005;-0.004002;8.000000;0.000000
408.873200;118.032374;48.160767;0.310400;-0.002057;8.000000;0.000000
409.073138;118.222770;48.221811;0.310183;-0.000113;8.000000;0.000000
409.273076;118.413170;48.282851;0.310355;0.001832;8.000000;0.000000
409.473014;118.603551;48.343961;0.310915;0.003776;8.000000;0.000000
409.672952;118.793888;48.405216;0.311865;0.005720;8.000000;0.000000
409.872890;118.984120;48.466663;0.312966;0.005079;8.000000;0.000000
410.072828;119.174290;48.528303;0.313893;0.004192;8.000000;0.000000
410.272766;119.364412;48.590103;0.314643;0.003306;8.000000;0.000000
410.472704;119.554500;48.652031;0.315215;0.002420;8.000000;0.000000
410.672642;119.744565;48.714054;0.315610;0.001533;8.000000;0.000000
410.872580;119.934620;48.776137;0.315828;0.000647;8.000000;0.000000
411.072518;120.124675;48.838248;0.315869;-0.000239;8.000000;0.000000
411.272456;120.314744;48.900353;0.315733;-0.001124;8.000000;0.000000
411.472394;120.504837;48.962420;0.315419;-0.002010;8.000000;0.000000
411.672332;120.694968;49.024413;0.314929;-0.002895;8.000000;0.000000
411.872270;120.885161;49.086315;0.314396;-0.002373;8.000000;0.000000
412.072208;121.075389;49.148128;0.313980;-0.001785;8.000000;0.000000
412.272146;121.265637;49.209872;0.313682;-0.001198;8.000000;0.000000
412.472084;121.455890;49.271567;0.313501;-0.000610;8.000000;0.000000
412.672022;121.646131;49.333233;0.313438;-0.000022;8.000000;0.000000
412.871960;121.836346;49.394890;0.313492;0.000566;8.000000;0.000000
413.071898;122.026520;49.456557;0.313664;0.001154;8.000000;0.000000
413.271836;122.216636;49.518254;0.313954;0.001744;8.000000;0.000000
413.471774;122.406680;49.580000;0.314361;0.002334;8.000000;0.000000
413.671712;122.596637;49.641816;0.314886;0.002926;8.000000;0.000000
413.871650;122.786458;49.703700;0.315365;0.001864;8.000000;0.000000
414.071588;122.976224;49.765643;0.315630;0.000795;8.000000;0.000000
414.271526;123.165983;49.827617;0.315682;-0.000274;8.000000;0.000000
414.471464;123.355783;49.889594;0.315521;-0.001342;8.000000;0.000000
414.671402;123.545672;49.951543;0.315146;-0.002407;8.000000;-0.132349
414.871340;123.735697;50.013435;0.314559;-0.003468;7.996692;-0.435719
415.071278;123.925908;50.075242;0.313760;-0.004521;7.985790;-0.764150
415.271216;124.116351;50.136934;0.312750;-0.005567;7.966635;-1.107067
415.471154;124.307075;50.198482;0.311531;-0.006602;7.938803;-1.447945
415.671092;124.498128;50.259858;0.310103;-0.007474;7.902252;-1.788489
415.871030;124.689550;50.321060;0.308901;-0.004496;7.856871;-2.130771
416.070968;124.881167;50.382133;0.308294;-0.001541;7.802459;-2.477209
416.270906;125.072806;50.443148;0.308281;0.001409;7.738721;-2.830582
416.470844;125.264293;50.504175;0.308862;0.004373;7.665241;-3.186705
416.670782;125.455457;50.565284;0.310039;0.007371;7.581664;-3.506156
416.870720;125.646123;50.626544;0.311820;0.010422;7.488631;-3.793450
417.070658;125.836118;50.688026;0.314212;0.013547;7.386656;-4.049467
417.270596;126.025270;50.749800;0.317225;0.016766;7.276222;-4.271995
417.470534;126.213405;50.811937;0.320875;0.020103;7.157872;-4.455738
417.670472;126.400372;50.874512;0.325172;0.022747;7.032311;-4.591927
417.870410;126.586388;50.937642;0.328952;0.015671;6.900521;-4.667810
418.070348;126.771679;51.001160;0.331306;0.008327;6.763922;-4.666783
418.270286;126.956824;51.064966;0.332208;0.000887;6.624539;-4.571329
418.470224;127.142405;51.128958;0.331657;-0.006473;6.485102;-4.691141
418.670162;127.329002;51.193035;0.329672;-0.013584;6.338823;-4.585664
418.870100;127.517196;51.257095;0.326296;-0.020288;6.192494;-4.422838
419.070038;127.707568;51.321039;0.321592;-0.026449;6.048007;-4.226956
419.269976;127.900699;51.384764;0.315640;-0.031957;5.906618;-4.018173
419.469914;128.097169;51.448169;0.308535;-0.036730;5.769000;-3.811500
419.669852;128.297028;51.510987;0.300330;-0.046219;5.635356;-3.617864
419.869790;128.497457;51.571666;0.286107;-0.089517;5.505500;-3.445414
420.069728;128.700524;51.628985;0.262524;-0.134576;5.378922;-3.336521
420.269666;128.904804;51.680417;0.229003;-0.184882;5.253437;-3.283295
420.469604;129.108875;51.723436;0.184480;-0.243930;5.126957;-3.204751
420.669542;129.311314;51.755519;0.127428;-0.315276;5.000419;-3.126097
420.869480;129.510699;51.774138;0.055903;-0.402063;4.873822;-2.936890
421.069418;129.705607;51.776769;-0.032277;-0.505577;4.751815;-2.622955
421.269356;129.894616;51.760885;-0.139101;-0.622264;4.640139;-2.280792
421.469294;130.076303;51.723961;-0.265531;-0.739441;4.540799;-1.921872
421.669232;130.249244;51.663472;-0.410272;-0.832737;4.455373;-1.558776
