# s_m;x_m;y_m;psi_rad;kappa_radpm;vx_mps;ax_mps2
0.000000;129.763904;51.016352;-0.403748;-1.321845;4.210005;-1.295087
0.199950;129.919136;50.927578;-0.631587;-1.201744;4.148040;-0.961671
0.399901;130.053695;50.805874;-0.833268;-1.014931;4.101422;-0.632513
0.599851;130.167006;50.656211;-1.006644;-0.836357;4.070470;-0.302411
0.799802;130.258495;50.483561;-1.155862;-0.698085;4.055587;0.034269
0.999752;130.327588;50.292896;-1.287239;-0.604189;4.057277;0.383924
1.199702;130.373711;50.089186;-1.407121;-0.549231;4.076153;0.725835
1.399653;130.396290;49.877404;-1.521270;-0.527264;4.111604;1.065216
1.599603;130.394750;49.662521;4.648269;-0.534588;4.163084;1.408314
1.799554;130.368518;49.449507;4.530182;-0.569860;4.230184;1.758804
1.999504;130.322978;49.260608;4.423287;-0.519471;4.312517;2.117350
2.199454;130.259188;49.078534;4.329837;-0.447539;4.409595;2.479913
2.399405;130.179231;48.901214;4.250184;-0.371333;4.520647;2.833654
2.599355;130.085465;48.728057;4.184416;-0.297439;4.644290;3.147477
2.799306;129.980245;48.558470;4.131997;-0.228962;4.777877;3.350596
2.999256;129.865926;48.391861;4.092150;-0.166505;4.916098;3.822465
3.199206;129.744867;48.227637;4.064108;-0.109180;5.069184;4.055992
3.399157;129.619422;48.065206;4.047274;-0.055323;5.226721;4.240558
3.599107;129.491948;47.903976;4.041296;-0.002887;5.386503;4.365403
3.799058;129.364802;47.743353;4.046121;0.050370;5.546183;4.421855
3.999008;129.239431;47.582093;4.056720;0.047253;5.703372;4.360772
4.198959;129.116500;47.420796;4.065251;0.036770;5.854257;4.287457
4.398909;128.995570;47.259655;4.071559;0.025761;5.998907;4.217147
4.598859;128.876133;47.098779;4.075582;0.014328;6.137860;4.164273
4.798810;128.757684;46.938275;4.077274;0.002575;6.272051;4.143756
4.998760;128.639715;46.778250;4.076599;-0.009388;6.402789;4.171603
5.198711;128.521719;46.618812;4.073542;-0.021449;6.531764;4.167364
5.398661;128.403189;46.460070;4.068099;-0.033487;6.658113;4.115128
5.598611;128.283620;46.302129;4.060284;-0.045378;6.780569;4.013522
5.798562;128.162503;46.145098;4.050127;-0.056990;6.897907;3.864401
5.998512;128.039505;45.989128;4.039483;-0.048510;7.009030;3.670217
6.198463;127.914735;45.834011;4.030843;-0.038324;7.112962;3.474233
6.398413;127.788530;45.679541;4.024202;-0.028281;7.209964;3.278822
6.598363;127.661237;45.525523;4.019545;-0.018359;7.300327;3.083958
6.798314;127.533200;45.371757;4.016856;-0.008529;7.384311;2.889679
6.998264;127.404764;45.218049;4.016127;0.001236;7.462147;2.696062
7.198215;127.276276;45.064199;4.017351;0.010969;7.534043;2.503216
7.398165;127.148080;44.910011;4.020525;0.020699;7.600187;2.311263
7.598115;127.020521;44.755288;4.025654;0.030455;7.660751;2.120343
7.798066;126.893945;44.599832;4.032741;0.040261;7.715895;1.930597
7.998016;126.768649;44.443544;4.040225;0.033256;7.765764;1.742176
8.197967;126.644461;44.286505;4.046050;0.024924;7.810492;1.555228
8.397917;126.521111;44.128915;4.050202;0.016569;7.850205;1.369904
8.597867;126.398331;43.970979;4.052680;0.008197;7.885020;1.186353
8.797818;126.275855;43.812900;4.053480;-0.000192;7.915047;1.004720
8.997768;126.153417;43.654882;4.052602;-0.008595;7.940388;0.825151
9.197719;126.030750;43.497128;4.050044;-0.017013;7.961139;0.647786
9.397669;125.907586;43.339843;4.045804;-0.025442;7.977392;0.472763
9.597619;125.783660;43.183230;4.039880;-0.033878;7.989233;0.300216
9.797570;125.658704;43.027493;4.032274;-0.042314;7.996743;0.130277
9.997520;125.532368;42.872585;4.024466;-0.034841;8.000000;0.000000
10.197471;125.404949;42.718554;4.018351;-0.026330;8.000000;0.000000
10.397421;125.276718;42.565191;4.013939;-0.017815;8.000000;0.000000
10.597372;125.147935;42.412278;4.011228;-0.009302;8.000000;0.000000
10.797322;125.018858;42.259593;4.010219;-0.000792;8.000000;0.000000
10.997272;124.889748;42.106918;4.010911;0.007715;8.000000;0.000000
11.197223;124.760864;41.954033;4.013304;0.016219;8.000000;0.000000
11.397173;124.632465;41.800718;4.017398;0.024719;8.000000;0.000000
11.597124;124.504813;41.646752;4.023191;0.033210;8.000000;0.000000
11.797074;124.378165;41.491918;4.030682;0.041687;8.000000;0.000000
11.997024;124.252860;41.336251;4.038316;0.034126;8.000000;0.000000
12.196975;124.128594;41.179700;4.044321;0.025966;8.000000;0.000000
12.396925;124.005112;41.022468;4.048698;0.017820;8.000000;0.000000
12.596876;123.882166;40.864766;4.051448;0.009686;8.000000;0.000000
12.796826;123.759509;40.706803;4.052572;0.001560;8.000000;0.000000
12.996776;123.636893;40.548791;4.052072;-0.006563;8.000000;0.000000
13.196727;123.514069;40.390940;4.049947;-0.014688;8.000000;0.000000
13.396677;123.390790;40.233461;4.046196;-0.022819;8.000000;0.000000
13.596628;123.266808;40.076565;4.040820;-0.030958;8.000000;0.000000
13.796578;123.141875;39.920461;4.033816;-0.039106;8.000000;0.000000
13.996528;123.015776;39.765253;4.026613;-0.032549;8.000000;0.000000
14.196479;122.888678;39.610880;4.020799;-0.025598;8.000000;0.000000
14.396429;122.760796;39.457165;4.016376;-0.018643;8.000000;0.000000
14.596380;122.632343;39.303930;4.013344;-0.011687;8.000000;0.000000
14.796330;122.503534;39.150996;4.011703;-0.004730;8.000000;0.000000
14.996280;122.374581;38.998186;4.011452;0.002226;8.000000;0.000000
15.196231;122.245699;38.845322;4.012593;0.009184;8.000000;0.000000
15.396181;122.117101;38.692224;4.015125;0.016142;8.000000;0.000000
15.596132;121.989001;38.538717;4.019048;0.023101;8.000000;0.000000
15.796082;121.861612;38.384620;4.024362;0.030058;8.000000;0.000000
15.996032;121.735152;38.229859;4.030133;0.027584;8.000000;0.000000
16.195983;121.609540;38.074394;4.035388;0.025002;8.000000;0.000000
16.395933;121.484696;37.918289;4.040128;0.022420;8.000000;0.000000
16.595884;121.360539;37.761610;4.044352;0.019838;8.000000;0.000000
16.795834;121.236989;37.604420;4.048060;0.017256;8.000000;0.000000
16.995784;121.113966;37.446784;4.051252;0.014677;8.000000;0.000000
17.195735;120.991390;37.288767;4.053930;0.012099;8.000000;0.000000
17.395685;120.869182;37.130434;4.056092;0.009523;8.000000;0.000000
17.595636;120.747261;36.971849;4.057739;0.006949;8.000000;0.000000
17.795586;120.625546;36.813077;4.058872;0.004377;8.000000;0.000000
17.995537;120.503967;36.654212;4.059324;0.000132;8.000000;0.000000
18.195487;120.382388;36.495338;4.058925;-0.004114;8.000000;0.000000
18.395437;120.260681;36.336568;4.057677;-0.008362;8.000000;0.000000
18.595388;120.138719;36.178016;4.055580;-0.012613;8.000000;0.000000
18.795338;120.016375;36.019795;4.052631;-0.016870;8.000000;0.000000
18.995289;119.893522;35.862018;4.048832;-0.021135;8.000000;0.000000
19.195239;119.770033;35.704799;4.044180;-0.025408;8.000000;0.000000
19.395189;119.645780;35.548251;4.038674;-0.029690;8.000000;0.000000
19.595140;119.520637;35.392488;4.032313;-0.033980;8.000000;0.000000
19.795090;119.394473;35.237621;4.025096;-0.038177;8.000000;0.000000
19.995041;119.267025;35.083465;4.018273;-0.030048;8.000000;0.000000
20.194991;119.138676;34.930105;4.013078;-0.021902;8.000000;0.000000
20.394941;119.009672;34.777329;4.009514;-0.013748;8.000000;0.000000
20.594892;118.880260;34.624920;4.007580;-0.005588;8.000000;0.000000
20.794842;118.750686;34.472664;4.007279;0.002574;8.000000;0.000000
20.994793;118.621193;34.320347;4.008610;0.010738;8.000000;0.000000
21.194743;118.492030;34.167754;4.011573;0.018901;8.000000;0.000000
21.394693;118.363440;34.014670;4.016167;0.027059;8.000000;0.000000
21.594644;118.235671;33.860880;4.022392;0.035208;8.000000;0.000000
21.794594;118.108973;33.706178;4.030244;0.042803;8.000000;0.000000
21.994545;117.983666;33.550630;4.037986;0.034722;8.000000;0.000000
22.194495;117.859403;33.394170;4.044118;0.026652;8.000000;0.000000
22.394445;117.735938;33.237003;4.048639;0.018597;8.000000;0.000000
22.594396;117.613023;33.079333;4.051553;0.010555;8.000000;0.000000
22.794346;117.490412;32.921366;4.052860;0.002524;8.000000;0.000000
22.994297;117.367857;32.763307;4.052563;-0.005498;8.000000;0.000000
23.194247;117.245112;32.605361;4.050661;-0.013516;8.000000;0.000000
23.394197;117.121929;32.447734;4.047155;-0.021532;8.000000;0.000000
23.594148;116.998061;32.290630;4.042046;-0.029549;8.000000;0.000000
23.794098;116.873261;32.134253;4.035334;-0.036966;8.000000;0.000000
23.994049;116.747326;31.978701;4.028497;-0.031358;8.000000;-0.139889
24.193999;116.620416;31.823941;4.022782;-0.025758;7.996503;-0.389277
24.393949;116.492717;31.669846;4.018187;-0.020165;7.986763;-0.643308
24.593900;116.364415;31.516288;4.014711;-0.014575;7.970642;-0.902593
24.793850;116.235693;31.363138;4.012354;-0.008984;7.947967;-1.170439
24.993801;116.106739;31.210270;4.011117;-0.003389;7.918467;-1.506784
25.193751;115.977737;31.057555;4.010999;0.002218;7.880327;-1.800910
25.393702;115.848873;30.904866;4.012004;0.007840;7.834499;-2.054000
25.593652;115.720332;30.752076;4.014132;0.013485;7.781900;-2.266022
25.793602;115.592303;30.599061;4.017387;0.019017;7.723457;-2.435816
25.993553;115.465002;30.445757;4.021504;0.022300;7.660137;-2.561218
26.193503;115.338434;30.291952;4.026270;0.025551;7.592988;-2.639248
26.393454;115.212648;30.137502;4.031680;0.028759;7.523167;-2.666454
26.593404;115.087693;29.982264;4.037726;0.031910;7.451961;-2.644171
26.793354;114.963615;29.826093;4.044400;0.034990;7.380671;-2.621800
26.993305;114.840464;29.668846;4.051689;0.037986;7.309299;-2.577469
27.193255;114.718287;29.510379;4.059582;0.040885;7.238447;-2.512848
27.393206;114.597133;29.350548;4.068063;0.043673;7.168698;-2.430115
27.593156;114.477049;29.189211;4.077117;0.046336;7.100593;-2.331661
27.793106;114.358099;29.026244;4.086708;0.046529;7.034628;-2.219870
27.993057;114.240345;28.862018;4.092867;0.014551;6.971246;-2.096982
28.193007;114.122870;28.697158;4.092613;-0.017038;6.910838;-1.964997
28.392958;114.004849;28.532736;4.085959;-0.048787;6.853749;-1.825638
28.592908;113.885457;28.369823;4.072847;-0.081218;6.800280;-1.680334
28.792858;113.763869;28.209492;4.053152;-0.114783;6.750691;-1.528350
28.992809;113.639259;28.052814;4.026697;-0.149806;6.705270;-1.362193
29.192759;113.510804;27.900861;3.993276;-0.186403;6.664526;-1.190791
29.392710;113.377678;27.754705;3.952691;-0.224373;6.628703;-1.025694
29.592660;113.239055;27.615418;3.904800;-0.263073;6.597691;-0.866253
29.792610;113.093977;27.483958;3.849543;-0.298289;6.571386;-0.711872
29.992561;112.939711;27.359490;3.791960;-0.282352;6.549690;-0.562003
30.192511;112.778747;27.243860;3.737685;-0.265134;6.532510;-0.302076
30.392462;112.611678;27.136688;3.686817;-0.247328;6.523258;0.043630
30.592412;112.439098;27.037599;3.639371;-0.229497;6.524595;0.391548
30.792362;112.261598;26.946214;3.595301;-0.212063;6.536583;0.742541
30.992313;112.079773;26.862157;3.554511;-0.195316;6.559258;0.969906
31.192263;111.894215;26.785049;3.516873;-0.179437;6.588758;1.260421
31.392214;111.705517;26.714515;3.482243;-0.164519;6.626898;1.524129
31.592164;111.514272;26.650175;3.450469;-0.150582;6.672726;1.762224
31.792115;111.321506;26.591778;3.421486;-0.136234;6.725324;1.974279
31.992065;111.128989;26.539130;3.396241;-0.116686;6.783768;2.158290
32.192015;110.935266;26.490971;3.374914;-0.096971;6.847087;2.310723
32.391966;110.740537;26.446547;3.357518;-0.077238;6.914236;2.426612
32.591916;110.545004;26.405103;3.344046;-0.057573;6.984058;2.499825
32.791867;110.348866;26.365885;3.334489;-0.038004;7.055264;2.528152
32.991817;110.152326;26.328139;3.328834;-0.018522;7.126553;2.556569
33.191767;109.955585;26.291110;3.327072;0.000910;7.197926;2.563110
33.391718;109.758842;26.254043;3.329199;0.020339;7.268777;2.547759
33.591668;109.562301;26.216185;3.335218;0.039814;7.338527;2.511157
33.791619;109.366146;26.176780;3.344990;0.053165;7.406631;2.454387
33.991569;109.170464;26.135379;3.354975;0.046668;7.472597;2.378794
34.191519;108.975248;26.092170;3.363653;0.040132;7.535979;2.285845
34.391470;108.780426;26.047405;3.371020;0.033569;7.596387;2.177031
34.591420;108.585924;26.001337;3.377072;0.026990;7.653476;2.053795
34.791371;108.391673;25.954221;3.381809;0.020402;7.706945;1.917487
34.991321;108.197598;25.906309;3.385229;0.013813;7.756533;1.767158
35.191271;108.003627;25.857853;3.387332;0.007225;7.801955;1.593969
35.391222;107.809690;25.809109;3.388118;0.000643;7.842699;1.408287
35.591172;107.615712;25.760327;3.387589;-0.005932;7.878522;1.224348
35.791123;107.421663;25.711771;3.385800;-0.010540;7.909533;1.042297
35.991073;107.227564;25.663619;3.383743;-0.010029;7.935839;0.862281
36.191023;107.033330;25.615847;3.381788;-0.009521;7.957535;0.684439
36.390974;106.838985;25.568441;3.379934;-0.009017;7.974714;0.508911
36.590924;106.644553;25.521383;3.378180;-0.008517;7.987464;0.335833
36.790875;106.450054;25.474661;3.376526;-0.008020;7.995867;0.165334
36.990825;106.255514;25.428259;3.374972;-0.007525;8.000000;0.000000
37.190775;106.060955;25.382161;3.373516;-0.007032;8.000000;0.000000
37.390726;105.866400;25.336354;3.372160;-0.006541;8.000000;0.000000
37.590676;105.671872;25.290820;3.370902;-0.006052;8.000000;0.000000
37.790627;105.477335;25.245534;3.369731;-0.005910;8.000000;0.000000
37.990577;105.282716;25.200472;3.368487;-0.006544;8.000000;0.000000
38.190527;105.088103;25.155680;3.367118;-0.007174;8.000000;0.000000
38.390478;104.893448;25.111172;3.365623;-0.007799;8.000000;0.000000
38.590428;104.698705;25.066962;3.364003;-0.008416;8.000000;0.000000
38.790379;104.503828;25.023067;3.362261;-0.009025;8.000000;-0.070259
38.990329;104.308769;24.979500;3.360397;-0.009625;7.998244;-0.364823
39.190280;104.113482;24.936276;3.358413;-0.010215;7.989118;-0.682673
39.390230;103.917921;24.893411;3.356310;-0.010793;7.972014;-1.023730
39.590180;103.722038;24.850919;3.354089;-0.011358;7.946296;-1.373553
39.790131;103.525924;24.808843;3.351809;-0.010374;7.911658;-1.723708
39.990081;103.329724;24.767167;3.350113;-0.006550;7.867974;-2.075864
40.190032;103.133324;24.725718;3.349179;-0.002756;7.815042;-2.432030
40.389982;102.936871;24.684372;3.349006;0.001030;7.752568;-2.794596
40.589932;102.740512;24.643003;3.349593;0.004825;7.680153;-3.146672
40.789883;102.544392;24.601486;3.350943;0.008652;7.597789;-3.464545
40.989833;102.348658;24.559696;3.353062;0.012529;7.506059;-3.751450
41.189784;102.153456;24.517508;3.355957;0.016478;7.405451;-4.007660
41.389734;101.958932;24.474797;3.359639;0.020520;7.296441;-4.230798
41.589684;101.765233;24.431438;3.364122;0.024677;7.179564;-4.415762
41.789635;101.572443;24.387294;3.369284;0.025118;7.055514;-4.554360
41.989585;101.380435;24.342344;3.373625;0.018856;6.925243;-4.634872
42.189536;101.188901;24.296754;3.376703;0.012395;6.790103;-4.642158
42.389486;100.997408;24.250679;3.378500;0.005850;6.651999;-4.560062
42.589436;100.805524;24.204277;3.379010;-0.000665;6.513488;-4.465810
42.789387;100.612819;24.157703;3.378243;-0.007039;6.374923;-4.371448
42.989337;100.418861;24.111113;3.376222;-0.013165;6.236305;-4.195929
43.189288;100.223217;24.064662;3.372986;-0.018950;6.100290;-3.959586
43.389238;100.025457;24.018507;3.368585;-0.024309;5.969095;-3.682801
43.589188;99.825147;23.972804;3.363080;-0.029176;5.844428;-3.380634
43.789139;99.621697;23.927691;3.355927;-0.048090;5.727602;-3.100562
43.989089;99.415360;23.884178;3.341505;-0.088811;5.618319;-2.843086
44.189040;99.207756;23.844458;3.318237;-0.132023;5.516208;-2.605319
44.388990;99.000304;23.810739;3.285504;-0.180689;5.420949;-2.384881
44.588940;98.794423;23.785228;3.242274;-0.237874;5.332257;-2.179772
44.788891;98.591533;23.770132;3.187117;-0.306727;5.249883;-1.988286
44.988841;98.393052;23.767657;3.118246;-0.390022;5.173602;-1.764120
45.188792;98.200401;23.780012;3.033674;-0.488884;5.104967;-1.410807
45.388742;98.014998;23.809403;2.931590;-0.600240;5.049406;-1.066741
45.588692;97.838262;23.858037;2.811064;-0.713176;5.006986;-0.739038
45.788643;97.670140;23.928767;2.675055;-0.728691;4.977386;-0.431531
45.988593;97.510755;24.022291;2.550312;-0.616904;4.960020;-0.144290
46.188544;97.360660;24.135313;2.445866;-0.494933;4.954200;0.128877
46.388494;97.218472;24.265031;2.361860;-0.380302;4.959399;0.394476
46.588445;97.082806;24.408647;2.296922;-0.279944;4.975278;0.651417
46.788395;96.952279;24.563357;2.249198;-0.194116;5.001389;0.887356
46.988345;96.825508;24.726361;2.216957;-0.119997;5.036740;1.111307
47.188296;96.701108;24.894857;2.198877;-0.053748;5.080665;1.327141
47.388246;96.577696;25.066046;2.194153;0.008621;5.132629;1.537369
47.588197;96.453889;25.237125;2.202524;0.071015;5.192175;1.741903
47.788147;96.330184;25.403034;2.221299;0.099741;5.258827;1.937897
47.988097;96.204919;25.564061;2.243005;0.113126;5.332001;2.119185
48.188048;96.076948;25.720985;2.267294;0.126835;5.410887;2.275206
48.387998;95.945918;25.873516;2.294194;0.140749;5.494320;2.390152
48.587949;95.811480;26.021366;2.323715;0.154699;5.580625;2.436359
48.787899;95.673281;26.164243;2.355840;0.168470;5.667246;2.478617
48.987849;95.530971;26.301859;2.390521;0.181798;5.754032;2.530189
49.187800;95.384199;26.433924;2.427674;0.194371;5.841293;2.511638
49.387750;95.232613;26.560148;2.467170;0.205843;5.926644;2.430952
49.587701;95.075863;26.680242;2.508836;0.215850;6.008099;2.299272
49.787651;94.913619;26.793930;2.551944;0.217382;6.084138;2.125629
49.987601;94.746037;26.900886;2.595115;0.217052;6.153598;1.957846
50.187552;94.573512;27.000776;2.638436;0.217675;6.216890;1.713169
50.387502;94.396428;27.093276;2.682067;0.219212;6.271747;1.451577
50.587453;94.215173;27.178059;2.726162;0.221619;6.317856;1.182978
50.787403;94.030133;27.254798;2.770871;0.224847;6.355185;0.920578
50.987353;93.841693;27.323169;2.816336;0.228837;6.384083;0.666063
51.187304;93.650241;27.382845;2.862689;0.233518;6.404910;0.421015
51.387254;93.456162;27.433501;2.910053;0.238802;6.418040;0.186996
51.587205;93.259842;27.474811;2.958538;0.244580;6.423863;-0.022445
51.787155;93.062932;27.506320;3.007094;0.239870;6.423164;-0.192259
51.987105;92.864964;27.528359;3.054096;0.232047;6.417177;-0.323220
52.187056;92.665954;27.541235;3.099617;0.224501;6.407098;-0.416791
52.387006;92.466297;27.545189;3.143733;0.217370;6.394077;-0.475205
52.586957;92.266385;27.540460;3.186533;0.210765;6.379200;-0.513108
52.786907;92.066610;27.527289;3.228122;0.204769;6.363097;-0.496127
52.986858;91.867366;27.505915;3.268613;0.199448;6.347487;-0.412479
53.186808;91.669046;27.476580;3.308127;0.194853;6.334481;-0.294894
53.386758;91.472042;27.439523;3.346793;0.191024;6.325165;-0.147277
53.586709;91.276747;27.394984;3.384742;0.187995;6.320508;0.026220
53.786659;91.081860;27.342692;3.422889;0.191894;6.321337;0.211837
53.986610;90.888921;27.282816;3.462352;0.198900;6.328035;0.390827
54.186560;90.699044;27.215425;3.503198;0.206648;6.340372;0.562582
54.386510;90.512692;27.140423;3.545548;0.215078;6.358089;0.726357
54.586461;90.330327;27.057715;3.589513;0.224100;6.380890;0.881282
54.786411;90.152411;26.967205;3.635191;0.233594;6.408446;1.035107
54.986362;89.979408;26.868799;3.682660;0.243398;6.440662;1.181691
55.186312;89.811780;26.762401;3.731974;0.253308;6.477244;1.317749
55.386262;89.649988;26.647917;3.783157;0.263072;6.517795;1.444696
55.586213;89.494496;26.525251;3.836198;0.272390;6.561965;1.563920
55.786163;89.346440;26.395107;3.888337;0.250256;6.609448;1.613331
55.986114;89.204816;26.257659;3.934722;0.219733;6.658076;1.582824
56.186064;89.068767;26.113627;3.975235;0.189290;6.705442;1.547649
56.386014;88.937631;25.963904;4.009932;0.159522;6.751433;1.601101
56.585965;88.810750;25.809379;4.038930;0.130722;6.798686;1.677273
56.785915;88.687463;25.650942;4.062367;0.102950;6.847837;1.765631
56.985866;88.567109;25.489485;4.080381;0.076093;6.899200;1.852313
57.185816;88.449029;25.325898;4.093082;0.049917;6.952675;1.935939
57.385766;88.332563;25.161070;4.100549;0.024106;7.008130;2.015183
57.585717;88.217049;24.995893;4.102811;-0.001708;7.065391;2.088631
57.785667;88.101555;24.830756;4.100999;-0.013646;7.124254;2.154810
57.985618;87.985893;24.666341;4.097375;-0.022437;7.184477;2.212216
58.185568;87.869802;24.502885;4.091988;-0.031310;7.245783;2.259378
58.385518;87.752951;24.340525;4.084834;-0.040226;7.307866;2.166253
58.585469;87.635009;24.179397;4.075911;-0.049146;7.366898;1.957779
58.785419;87.515645;24.019638;4.065224;-0.058022;7.419845;1.745233
58.985370;87.394528;23.861383;4.052784;-0.066801;7.466728;1.495101
59.185320;87.271328;23.704770;4.038611;-0.075420;7.506658;1.196966
59.385270;87.145713;23.549934;4.022732;-0.083811;7.538474;0.852998
59.585221;87.017353;23.397011;4.005186;-0.091898;7.561065;0.465290
59.785171;86.886437;23.246637;3.987101;-0.087803;7.573359;0.036109
59.985122;86.752714;23.098366;3.970164;-0.081883;7.574313;-0.418828
60.185072;86.616358;22.952063;3.954363;-0.076167;7.563248;-0.878516
60.385023;86.477622;22.807683;3.939668;-0.070644;7.539987;-1.344024
60.584973;86.336756;22.665180;3.926051;-0.065300;7.504260;-1.793359
60.784923;86.194013;22.524508;3.913486;-0.060116;7.456323;-2.215425
60.984874;86.049644;22.385623;3.901950;-0.055074;7.396676;-2.608384
61.184824;85.903901;22.248478;3.891423;-0.050152;7.325825;-2.969286
61.384775;85.757034;22.113028;3.881886;-0.045327;7.244328;-3.294126
61.584725;85.609296;21.979227;3.873326;-0.040574;7.152830;-3.577890
61.784675;85.460829;21.846993;3.864942;-0.045059;7.052104;-3.814676
61.984626;85.311502;21.716370;3.855417;-0.050930;6.943103;-3.933007
62.184576;85.161014;21.587390;3.844758;-0.056588;6.828899;-3.921839
62.384527;85.009053;21.460076;3.833002;-0.061965;6.713086;-3.856851
62.584477;84.855311;21.334452;3.820193;-0.066996;6.597208;-3.791753
62.784427;84.699476;21.210540;3.806387;-0.071617;6.481268;-3.693559
62.984378;84.541238;21.088365;3.791646;-0.075771;6.366300;-3.547199
63.184328;84.380287;20.967951;3.776040;-0.079407;6.253899;-3.362858
63.384279;84.216312;20.849320;3.759647;-0.082486;6.145441;-3.150140
63.584229;84.049003;20.732497;3.742550;-0.084976;6.042077;-2.916706
63.784179;83.878993;20.618267;3.722968;-0.109340;5.944771;-2.674754
63.984130;83.705732;20.507422;3.697489;-0.138759;5.854115;-2.449347
64.184080;83.529381;20.401580;3.665696;-0.170959;5.769850;-2.238629
64.384031;83.350239;20.302452;3.627081;-0.206992;5.691743;-2.041005
64.583981;83.168601;20.211749;3.581006;-0.247775;5.619586;-1.758085
64.783931;82.984766;20.131180;3.526736;-0.293938;5.556679;-1.414865
64.983882;82.799030;20.062458;3.463502;-0.345538;5.505532;-1.085566
65.183832;82.611690;20.007293;3.390600;-0.401600;5.465964;-0.766714
65.383783;82.423043;19.967396;3.307563;-0.459547;5.437844;-0.454861
65.583733;82.233387;19.944477;3.214384;-0.514700;5.421093;-0.146524
65.783683;82.042145;19.939941;3.117685;-0.478585;5.415686;0.161885
65.983634;81.850217;19.953005;3.031604;-0.415446;5.421660;0.473742
66.183584;81.658025;19.981710;2.957153;-0.350980;5.439103;0.792116
66.383535;81.465789;20.024079;2.894191;-0.289474;5.468145;1.121202
66.583485;81.273729;20.078134;2.842173;-0.232910;5.508991;1.465653
66.783435;81.082066;20.141898;2.800397;-0.181647;5.561933;1.813152
66.983386;80.891020;20.213394;2.768171;-0.135065;5.626738;2.158485
67.183336;80.700812;20.290645;2.744913;-0.092016;5.702925;2.502619
67.383287;80.511662;20.371673;2.730213;-0.051075;5.790005;2.823380
67.583237;80.323791;20.454502;2.723868;-0.010645;5.886699;3.038086
67.783188;80.137195;20.537419;2.723145;-0.002448;5.989003;3.240215
67.983138;79.951938;20.619854;2.722734;-0.001600;6.096222;3.423085
68.183088;79.767862;20.701834;2.722500;-0.000718;6.207481;3.578078
68.383039;79.584768;20.783409;2.722447;0.000191;6.321685;3.695135
68.582989;79.402455;20.864627;2.722577;0.001118;6.437498;3.764294
68.782940;79.220724;20.945538;2.722893;0.002056;6.553375;3.833564
68.982890;79.039376;21.026189;2.723394;0.002997;6.669316;3.867788
69.182840;78.858211;21.106630;2.724081;0.003931;6.784284;3.845353
69.382791;78.677029;21.186910;2.724952;0.004851;6.896685;3.770352
69.582741;78.495631;21.267076;2.726003;0.005747;7.005143;3.647993
69.782692;78.313648;21.347274;2.726908;0.002693;7.108507;3.483039
69.982642;78.131261;21.427532;2.727063;-0.001127;7.205813;3.287601
70.182592;77.948615;21.507953;2.726459;-0.004918;7.296468;3.092710
70.382543;77.765817;21.588656;2.725099;-0.008691;7.380734;2.898402
70.582493;77.582969;21.669760;2.722985;-0.012452;7.458841;2.704752
70.782444;77.400179;21.751385;2.720116;-0.016210;7.530998;2.511866
70.982394;77.217550;21.833650;2.716492;-0.019971;7.597396;2.319870
71.182344;77.035188;21.916673;2.712113;-0.023744;7.658208;2.060017
71.382295;76.853197;22.000576;2.706975;-0.027534;7.711806;1.790537
71.582245;76.671683;22.085476;2.701076;-0.031347;7.758092;1.534773
71.782196;76.490901;22.171350;2.695548;-0.022057;7.797547;1.294215
71.982146;76.310572;22.257986;2.692279;-0.010616;7.830664;1.070242
72.182096;76.130467;22.344985;2.691301;0.000838;7.857945;0.864087
72.382047;75.950387;22.431935;2.692615;0.012304;7.879901;0.676795
72.581997;75.770133;22.518422;2.696222;0.023782;7.897056;0.492096
72.781948;75.589505;22.604035;2.702124;0.035269;7.909506;0.314259
72.981898;75.408304;22.688361;2.710320;0.046754;7.917446;0.144947
73.181848;75.226331;22.770986;2.720811;0.058222;7.921106;-0.016629
73.381799;75.043387;22.851498;2.733590;0.069642;7.920686;-0.171251
73.581749;74.859272;22.929484;2.748650;0.080973;7.916362;-0.290532
73.781700;74.673716;23.004575;2.765734;0.089376;7.909020;-0.271110
73.981650;74.486772;23.076362;2.784447;0.097546;7.902163;-0.250291
74.181601;74.298477;23.144477;2.804812;0.105897;7.895828;-0.228811
74.381551;74.108857;23.208559;2.826859;0.114423;7.890031;-0.207376
74.581501;73.917934;23.268247;2.850614;0.123103;7.884774;-0.186662
74.781452;73.725735;23.323178;2.876100;0.131902;7.880039;-0.153998
74.981402;73.532282;23.372991;2.903335;0.140766;7.876131;-0.108257
75.181353;73.337601;23.417326;2.932327;0.149623;7.873382;-0.049783
75.381303;73.141716;23.455819;2.963075;0.158383;7.872117;0.000000
75.581253;72.944651;23.488110;2.995562;0.166933;7.872117;0.000000
75.781204;72.746747;23.513857;3.028786;0.164995;7.872117;-0.000000
75.981154;72.547946;23.533086;3.061453;0.162149;7.872117;0.000000
76.181105;72.348460;23.545875;3.093605;0.159574;7.872117;-0.000000
76.381055;72.148533;23.552296;3.125292;0.157286;7.872117;-0.000000
76.581005;71.948408;23.552422;3.156566;0.155300;7.872117;0.000000
76.780956;71.748331;23.546326;3.187481;0.153627;7.872117;0.000000
76.980906;71.548545;23.534081;3.218092;0.152277;7.872117;0.000000
77.180857;71.349295;23.515759;3.248455;0.151258;7.872117;0.000000
77.380807;71.150825;23.491433;3.278627;0.150578;7.872117;0.070313
77.580757;70.953379;23.461175;3.308667;0.150246;7.873903;0.150322
77.780708;70.756783;23.425013;3.338099;0.143573;7.877719;0.216783
77.980658;70.561429;23.383253;3.366027;0.135988;7.883220;0.268952
78.180609;70.367342;23.336218;3.392414;0.128240;7.890039;0.306053
78.380559;70.174508;23.284223;3.417245;0.120405;7.897791;0.327326
78.580509;69.982909;23.227586;3.440517;0.112545;7.906073;0.332076
78.780460;69.792531;23.166621;3.462231;0.104712;7.914467;0.336843
78.980410;69.603358;23.101645;3.482398;0.096940;7.922973;0.337489
79.180361;69.415376;23.032973;3.501028;0.089256;7.931485;0.332479
79.380311;69.228567;22.960921;3.518139;0.081676;7.939863;0.322702
79.580261;69.042918;22.885805;3.533746;0.074204;7.947985;0.309015
79.780212;68.858577;22.807955;3.548702;0.075865;7.955755;0.292248
79.980162;68.675471;22.727330;3.564112;0.078193;7.963097;0.273200
80.180113;68.493681;22.643865;3.579990;0.080557;7.969954;0.252639
80.380063;68.313297;22.557500;3.596340;0.082951;7.976290;0.231312
80.580013;68.134409;22.468174;3.613167;0.085369;7.982086;0.209934
80.779964;67.957109;22.375827;3.630477;0.087807;7.987343;0.189203
80.979914;67.781486;22.280398;3.648272;0.090255;7.992078;0.156264
81.179865;67.607631;22.181827;3.666555;0.092707;7.995987;0.109943
81.379815;67.435634;22.080053;3.685328;0.095152;7.998736;0.050584
81.579766;67.265587;21.975017;3.704589;0.097581;8.000000;0.000000
81.779716;67.097638;21.866721;3.723996;0.096492;8.000000;0.000000
81.979666;66.931772;21.755181;3.743162;0.095278;8.000000;0.000000
82.179617;66.768023;21.640477;3.762093;0.094111;8.000000;0.000000
82.379567;66.606432;21.522691;3.780800;0.092995;8.000000;0.000000
82.579518;66.447037;21.401902;3.799291;0.091930;8.000000;0.000000
82.779468;66.289876;21.278193;3.817576;0.090922;8.000000;-0.046363
82.979418;66.134990;21.151645;3.835665;0.089970;7.998841;-0.107522
83.179369;65.982417;21.022340;3.853569;0.089079;7.996153;-0.163072
83.379319;65.832196;20.890358;3.871298;0.088250;7.992074;-0.212183
83.579270;65.684366;20.755782;3.888863;0.087484;7.986764;-0.254010
83.779220;65.538837;20.618534;3.906674;0.090712;7.980402;-0.287695
83.979170;65.395870;20.478717;3.925151;0.094092;7.973191;-0.312372
84.179121;65.255608;20.336285;3.944300;0.097492;7.965353;-0.327179
84.379071;65.118186;20.191186;3.964124;0.100899;7.957136;-0.331269
84.579022;64.983740;20.043371;3.984625;0.104298;7.948807;-0.335347
84.778972;64.852405;19.892789;4.005803;0.107671;7.940367;-0.312859
84.978922;64.724318;19.739389;4.027654;0.110999;7.932485;-0.265039
85.178873;64.599614;19.583122;4.050174;0.114261;7.925801;-0.193271
85.378823;64.478430;19.423936;4.073353;0.117432;7.920924;-0.098805
85.578774;64.360901;19.261781;4.097179;0.120487;7.918430;0.000000
85.778724;64.247477;19.097071;4.121616;0.123939;7.918430;-0.000000
85.978674;64.138080;18.929454;4.146795;0.127696;7.918430;0.000000
86.178625;64.032960;18.759025;4.172766;0.131747;7.918430;0.000000
86.378575;63.932373;18.585880;4.199578;0.136083;7.918430;0.000000
86.578526;63.836571;18.410115;4.227276;0.140688;7.918430;0.000000
86.778476;63.745809;18.231826;4.255905;0.145544;7.918430;0.000000
86.978426;63.660341;18.051109;4.285506;0.150623;7.918430;0.000000
87.178377;63.580419;17.868060;4.316116;0.155895;7.918430;-0.000000
87.378327;63.506298;17.682774;4.347766;0.161319;7.918430;-0.169355
87.578278;63.438231;17.495348;4.380485;0.166846;7.914152;-0.462030
87.778228;63.376267;17.305630;4.412475;0.153574;7.902470;-0.747273
87.978179;63.320142;17.114085;4.441777;0.140001;7.883540;-1.026010
88.178129;63.269363;16.920939;4.468376;0.126374;7.857474;-1.299335
88.378079;63.223440;16.726419;4.492277;0.112809;7.824340;-1.567347
88.578030;63.181882;16.530749;4.513497;0.099380;7.784183;-1.808323
88.777980;63.144198;16.334154;4.532061;0.086123;7.737594;-2.022781
88.977931;63.109896;16.136861;4.547995;0.073043;7.685145;-2.166376
89.177881;63.078485;15.939093;4.561326;0.060120;7.628572;-2.269680
89.377831;63.049473;15.741077;4.572074;0.047311;7.568848;-2.351269
89.577782;63.022370;15.543033;4.580257;0.034588;7.506477;-2.410388
89.777732;62.996640;15.344648;4.586265;0.025460;7.441994;-2.446081
89.977683;62.971955;15.146414;4.590430;0.016216;7.375980;-2.457456
90.177633;62.947934;14.948282;4.592737;0.006897;7.309059;-2.444054
90.377583;62.924195;14.750200;4.593181;-0.002454;7.241890;-2.410789
90.577534;62.900358;14.552121;4.591759;-0.011799;7.175019;-2.387368
90.777484;62.876042;14.353994;4.588474;-0.021096;7.108177;-2.343011
90.977435;62.850866;14.155769;4.583337;-0.030303;7.041961;-2.305213
91.177385;62.824450;13.957396;4.576362;-0.039378;6.976199;-2.275977
91.377335;62.796411;13.758827;4.567569;-0.048272;6.910658;-2.256853
91.577286;62.766372;13.560023;4.556985;-0.057610;6.845047;-2.249164
91.777236;62.733894;13.361263;4.543085;-0.080463;6.779029;-2.239382
91.977187;62.698154;13.162822;4.524519;-0.103798;6.712652;-2.143239
92.177137;62.658289;12.965282;4.501187;-0.127908;6.648505;-2.048341
92.377087;62.613439;12.769229;4.472958;-0.152991;6.586614;-1.956676
92.577038;62.562741;12.575246;4.439681;-0.179126;6.526945;-1.869061
92.776988;62.505335;12.383916;4.401206;-0.206224;6.469433;-1.765799
92.976939;62.440357;12.195823;4.357412;-0.233979;6.414626;-1.646594
93.176889;62.366947;12.011551;4.308231;-0.261808;6.363093;-1.511474
93.376839;62.284244;11.831684;4.253699;-0.288815;6.315418;-1.360573
93.576790;62.191422;11.656872;4.194032;-0.310805;6.272194;-1.062638
93.776740;62.088437;11.488341;4.134227;-0.294787;6.238226;-0.675800
93.976691;61.975387;11.325507;4.077322;-0.279421;6.216527;-0.301117
94.176641;61.852993;11.168580;4.023153;-0.265100;6.206834;0.065177
94.376591;61.721977;11.017768;3.971510;-0.252098;6.208934;0.426804
94.576542;61.583060;10.873282;3.922156;-0.240592;6.222663;0.786585
94.776492;61.436964;10.735330;3.874830;-0.230693;6.247887;1.129533
94.976443;61.284410;10.604121;3.829263;-0.222467;6.283931;1.320896
95.176393;61.126120;10.479866;3.785176;-0.215958;6.325822;1.341403
95.376344;60.962815;10.362773;3.742284;-0.211203;6.368081;1.364677
95.576294;60.795180;10.253029;3.700294;-0.207447;6.410787;1.389826
95.776244;60.623200;10.150281;3.660592;-0.188604;6.453989;1.415675
95.976195;60.447962;10.054361;3.624909;-0.168422;6.497700;1.440801
96.176145;60.269830;9.964501;3.593391;-0.147409;6.541887;1.463641
96.376096;60.089167;9.879932;3.566121;-0.125960;6.586471;1.479847
96.576046;59.906336;9.799886;3.543135;-0.104361;6.631243;1.469837
96.775996;59.721701;9.723594;3.524442;-0.082794;6.675416;1.456850
96.975947;59.535624;9.650287;3.510031;-0.061356;6.718912;1.421602
97.175897;59.348470;9.579198;3.499880;-0.040072;6.761085;1.368268
97.375848;59.160600;9.509558;3.493973;-0.018919;6.801430;1.301400
97.575798;58.972369;9.440595;3.492292;0.001981;6.839581;1.224981
97.775748;58.784002;9.371511;3.494548;0.020511;6.875300;1.142982
97.975699;58.595987;9.301678;3.500525;0.039107;6.908460;1.059351
98.175649;58.408666;9.230426;3.510236;0.057832;6.939053;0.978011
98.375600;58.222382;9.157086;3.523702;0.076721;6.967178;0.899576
98.575550;58.037476;9.080990;3.540944;0.095774;6.992947;0.821449
98.775500;57.854290;9.001470;3.561983;0.114943;7.016396;0.770356
98.975451;57.673166;8.917855;3.586828;0.134117;7.038315;0.724024
99.175401;57.494447;8.829478;3.615467;0.153108;7.058853;0.680335
99.375352;57.318474;8.735670;3.647859;0.171645;7.078098;0.637539
99.575302;57.145640;8.635793;3.683893;0.187634;7.096085;0.594183
99.775252;56.976700;8.529641;3.721273;0.187157;7.112808;0.551421
99.975203;56.811530;8.417032;3.758701;0.187404;7.128293;0.531491
100.175153;56.650488;8.298155;3.796299;0.188360;7.143186;0.521761
100.375104;56.493932;8.173197;3.834186;0.190007;7.157776;0.512575
100.575054;56.342220;8.042347;3.872476;0.192329;7.172080;0.503885
100.775004;56.195711;7.905794;3.911286;0.195306;7.186114;0.495647
100.974955;56.054762;7.763726;3.950725;0.198915;7.199892;0.379988
101.174905;55.919733;7.616333;3.990900;0.203127;7.210437;0.381045
101.374856;55.790981;7.463801;4.031916;0.207903;7.220996;0.559378
101.574806;55.668848;7.306299;4.073857;0.211249;7.236469;0.714153
101.774756;55.553374;7.143869;4.114357;0.195019;7.256175;0.845014
101.974707;55.444329;6.977124;4.151543;0.178176;7.279422;0.951247
102.174657;55.341205;6.806504;4.185363;0.161070;7.305504;1.031904
102.374608;55.243497;6.632446;4.215805;0.143964;7.333693;1.085963
102.574558;55.150696;6.455388;4.242889;0.127035;7.363242;1.115673
102.774509;55.062298;6.275768;4.266649;0.110386;7.393476;1.145556
102.974459;54.977794;6.094024;4.287132;0.094058;7.424392;1.178619
103.174409;54.896678;5.910595;4.304385;0.078038;7.456067;1.213913
103.374360;54.818444;5.725918;4.318452;0.062272;7.488550;1.166114
103.574310;54.742579;5.540415;4.329376;0.047468;7.519621;1.103132
103.774261;54.668569;5.354320;4.338098;0.039616;7.548897;1.058774
103.974211;54.596125;5.167872;4.345228;0.031657;7.576889;1.033212
104.174161;54.524925;4.981130;4.350753;0.023621;7.604106;1.026598
104.374112;54.454643;4.794154;4.354664;0.015534;7.631053;1.035132
104.574062;54.384957;4.607002;4.356957;0.007419;7.658128;1.038331
104.774013;54.315544;4.419732;4.357627;-0.000702;7.685190;1.043939
104.973963;54.246079;4.232405;4.356677;-0.008806;7.712303;1.023308
105.173913;54.176239;4.045078;4.354109;-0.016875;7.738788;0.976844
105.373864;54.105700;3.857810;4.349929;-0.024884;7.763986;0.905201
105.573814;54.034152;3.670693;4.344141;-0.033426;7.787264;0.809142
105.773765;53.961325;3.484052;4.336146;-0.046389;7.808012;0.689423
105.973715;53.886710;3.297960;4.325539;-0.059437;7.825647;0.546716
106.173665;53.809878;3.112758;4.312302;-0.072634;7.839604;0.381545
106.373616;53.730396;2.928784;4.296407;-0.086025;7.849329;0.207485
106.573566;53.647832;2.746379;4.277824;-0.099633;7.854613;0.042445
106.773517;53.561755;2.565880;4.256521;-0.113457;7.855693;-0.079038
106.973467;53.471733;2.387629;4.232469;-0.127460;7.853681;-0.158988
107.173417;53.377335;2.211963;4.205644;-0.141568;7.849632;-0.082000
107.373368;53.278129;2.039223;4.176038;-0.155660;7.847543;0.000000
107.573318;53.173618;1.869644;4.143663;-0.167676;7.847543;-0.000000
107.773269;53.063088;1.702933;4.110235;-0.166571;7.847543;0.000000
107.973219;52.947067;1.539998;4.077011;-0.165652;7.847543;0.000000
108.173169;52.825714;1.381000;4.043952;-0.164927;7.847543;0.000000
108.373120;52.699187;1.226098;4.011020;-0.164403;7.847543;0.000000
108.573070;52.567647;1.075452;3.978174;-0.164087;7.847543;0.000000
108.773021;52.431253;0.929224;3.945375;-0.163982;7.847543;0.000000
108.972971;52.290164;0.787573;3.912582;-0.164088;7.847543;0.000000
109.172922;52.144540;0.650659;3.879754;-0.164407;7.847543;0.000000
109.372872;51.994541;0.518643;3.846851;-0.164937;7.847543;0.000000
109.572822;51.840416;0.391755;3.813921;-0.161814;7.847543;0.087442
109.772773;51.682759;0.270175;3.783784;-0.140859;7.849771;0.188391
109.972723;51.521645;0.152985;3.757828;-0.119691;7.854568;0.266343
110.172674;51.357583;0.039535;3.736065;-0.098538;7.861345;0.320020
110.372624;51.191083;-0.070823;3.718483;-0.077532;7.869481;0.347992
110.572574;51.022656;-0.178740;3.705059;-0.056726;7.878318;0.352764
110.772525;50.852811;-0.284864;3.695765;-0.036116;7.887266;0.357554
110.972475;50.682058;-0.389844;3.690579;-0.015650;7.896325;0.359886
111.172426;50.510907;-0.494331;3.689486;0.004745;7.905433;0.360283
111.372376;50.339868;-0.598973;3.692483;0.025156;7.914540;0.359251
111.572326;50.169450;-0.704417;3.699459;0.039810;7.923611;0.357278
111.772277;49.999960;-0.811048;3.706562;0.031121;7.932621;0.354831
111.972227;49.831249;-0.918662;3.711916;0.022385;7.941560;0.352356
112.172178;49.663108;-1.026974;3.715517;0.013614;7.950427;0.350276
112.372128;49.495330;-1.135700;3.717360;0.004820;7.959231;0.348985
112.572078;49.327704;-1.244557;3.717443;-0.003989;7.967994;0.348855
112.772029;49.160022;-1.353260;3.715765;-0.012804;7.976743;0.342541
112.971979;48.992077;-1.461525;3.712326;-0.021617;7.985325;0.294976
113.171930;48.823658;-1.569068;3.707127;-0.030417;7.992708;0.208066
113.371880;48.654558;-1.675605;3.700171;-0.039191;7.997911;0.083571
113.571830;48.484611;-1.780826;3.691551;-0.043982;8.000000;0.000000
113.771781;48.313839;-1.884559;3.683669;-0.034916;8.000000;0.000000
113.971731;48.142268;-1.987144;3.677593;-0.025881;8.000000;0.000000
114.171682;47.970104;-2.088879;3.673319;-0.016875;8.000000;0.000000
114.371632;47.797552;-2.190058;3.670842;-0.007889;8.000000;0.000000
114.571582;47.624817;-2.290979;3.670162;0.001087;8.000000;0.000000
114.771533;47.452107;-2.391936;3.671277;0.010064;8.000000;0.000000
114.971483;47.279625;-2.493225;3.674189;0.019053;8.000000;0.000000
115.171434;47.107579;-2.595143;3.678900;0.028064;8.000000;0.000000
115.371384;46.936173;-2.697985;3.685412;0.037104;8.000000;0.000000
115.571334;46.765547;-2.802086;3.693649;0.042453;8.000000;0.000000
115.771285;46.595645;-2.907678;3.701437;0.035409;8.000000;0.000000
115.971235;46.426549;-3.014435;3.707811;0.028337;8.000000;0.000000
116.171186;46.258097;-3.122127;3.712768;0.021247;8.000000;0.000000
116.371136;46.090124;-3.230520;3.716306;0.014147;8.000000;0.000000
116.571087;45.922466;-3.339382;3.718424;0.007041;8.000000;0.000000
116.771037;45.754961;-3.448480;3.719121;-0.000066;8.000000;0.000000
116.970987;45.587445;-3.557582;3.718398;-0.007171;8.000000;0.000000
117.170938;45.419754;-3.666457;3.716254;-0.014271;8.000000;0.000000
117.370888;45.251725;-3.774870;3.712692;-0.021361;8.000000;0.000000
117.570839;45.083256;-3.882553;3.707781;-0.025814;8.000000;0.000000
117.770789;44.914373;-3.989309;3.702934;-0.022699;8.000000;0.000000
117.970739;44.744961;-4.095328;3.698708;-0.019591;8.000000;0.000000
118.170690;44.575093;-4.200709;3.695102;-0.016490;8.000000;0.000000
118.370640;44.404841;-4.305552;3.692115;-0.013394;8.000000;0.000000
118.570591;44.234278;-4.409957;3.689745;-0.010303;8.000000;0.000000
118.770541;44.063478;-4.514025;3.687993;-0.007217;8.000000;0.000000
118.970491;43.892514;-4.617854;3.686858;-0.004133;8.000000;0.000000
119.170442;43.721459;-4.721545;3.686340;-0.001051;8.000000;0.000000
119.370392;43.550385;-4.825198;3.686438;0.002032;8.000000;0.000000
119.570343;43.379355;-4.928920;3.687142;0.004732;8.000000;0.000000
119.770293;43.208409;-5.032808;3.688256;0.006397;8.000000;0.000000
119.970243;43.037616;-5.136902;3.689701;0.008062;8.000000;0.000000
120.170194;42.867010;-5.241260;3.691480;0.009728;8.000000;0.000000
120.370144;42.696626;-5.345938;3.693592;0.011395;8.000000;0.000000
120.570095;42.526499;-5.450993;3.696037;0.013062;8.000000;0.000000
120.770045;42.356665;-5.556481;3.698816;0.014730;8.000000;0.000000
120.969995;42.187157;-5.662459;3.701927;0.016399;8.000000;0.000000
121.169946;42.018011;-5.768984;3.705372;0.018067;8.000000;0.000000
121.369896;41.849261;-5.876112;3.709150;0.019735;8.000000;0.000000
121.569847;41.680922;-5.983914;3.713284;0.022174;8.000000;0.000000
121.769797;41.513017;-6.092498;3.718155;0.026554;8.000000;0.000000
121.969747;41.345702;-6.201966;3.723903;0.030938;8.000000;0.000000
122.169698;41.179080;-6.312458;3.730527;0.035326;8.000000;0.000000
122.369648;41.013252;-6.424117;3.738028;0.039714;8.000000;0.000000
122.569599;40.848324;-6.537084;3.746405;0.044101;8.000000;0.000000
122.769549;40.684397;-6.651501;3.755659;0.048480;8.000000;0.000000
122.969499;40.521575;-6.767510;3.765789;0.052847;8.000000;0.000000
123.169450;40.359960;-6.885252;3.776791;0.057193;8.000000;0.000000
123.369400;40.199657;-7.004870;3.788663;0.061510;8.000000;0.000000
123.569351;40.040769;-7.126505;3.801422;0.066539;8.000000;0.000000
123.769301;39.883451;-7.250302;3.815422;0.073343;8.000000;0.000000
123.969252;39.727950;-7.376410;3.830796;0.080249;8.000000;0.000000
124.169202;39.574521;-7.504978;3.847560;0.087260;8.000000;0.000000
124.369152;39.423418;-7.636158;3.865731;0.094372;8.000000;0.000000
124.569103;39.274895;-7.770098;3.885324;0.101572;8.000000;0.000000
124.769053;39.129205;-7.906948;3.906352;0.108841;8.000000;0.000000
124.969004;38.986604;-8.046859;3.928826;0.116148;8.000000;0.000000
125.168954;38.847345;-8.189980;3.952750;0.123452;8.000000;0.000000
125.368904;38.711683;-8.336461;3.978123;0.130702;8.000000;0.000000
125.568855;38.579929;-8.486379;4.004807;0.134203;8.000000;0.000000
125.768805;38.452285;-8.639678;4.031166;0.130072;8.000000;0.000000
125.968756;38.328588;-8.796333;4.056721;0.125987;8.000000;0.000000
126.168706;38.208790;-8.956158;4.081484;0.121971;8.000000;0.000000
126.368656;38.092842;-9.118967;4.105470;0.118048;8.000000;0.000000
126.568607;37.980696;-9.284576;4.128698;0.114234;8.000000;0.000000
126.768557;37.872303;-9.452799;4.151187;0.110544;8.000000;0.000000
126.968508;37.767616;-9.623450;4.172960;0.106988;8.000000;0.000000
127.168458;37.666585;-9.796345;4.194041;0.103576;8.000000;0.000000
127.368408;37.569163;-9.971298;4.214453;0.100313;8.000000;0.000000
127.568359;37.475319;-10.148088;4.234253;0.098289;8.000000;0.000000
127.768309;37.385051;-10.326544;4.253934;0.098530;8.000000;0.000000
127.968260;37.298345;-10.506683;4.273656;0.098767;8.000000;0.000000
128.168210;37.215232;-10.688456;4.293421;0.098999;8.000000;0.000000
128.368160;37.135741;-10.871817;4.313229;0.099224;8.000000;0.000000
128.568111;37.059902;-11.056717;4.333081;0.099443;8.000000;0.000000
128.768061;36.987743;-11.243109;4.352979;0.099654;8.000000;0.000000
128.968012;36.919296;-11.430946;4.372922;0.099856;8.000000;0.000000
129.167962;36.854590;-11.620179;4.392912;0.100047;8.000000;0.000000
129.367912;36.793655;-11.810762;4.412948;0.100227;8.000000;0.000000
129.567863;36.736538;-12.002583;4.433064;0.101560;8.000000;0.000000
129.767813;36.683345;-12.195506;4.453769;0.105395;8.000000;0.000000
129.967764;36.634221;-12.389559;4.475265;0.109400;8.000000;0.000000
130.167714;36.589359;-12.584637;4.497579;0.113567;8.000000;0.000000
130.367665;36.548954;-12.780637;4.520736;0.117886;8.000000;0.000000
130.567615;36.513197;-12.977455;4.544762;0.122344;8.000000;0.000000
130.767565;36.482283;-13.174987;4.569680;0.126923;8.000000;0.000000
130.967516;36.456404;-13.373130;4.595509;0.131600;8.000000;0.000000
131.167466;36.435754;-13.571779;4.622266;0.136346;8.000000;0.000000
131.367417;36.420526;-13.770831;4.649963;0.141129;8.000000;0.000000
131.567367;36.410906;-13.970337;4.678564;0.143804;8.000000;0.000000
131.767317;36.407005;-14.170353;4.707151;0.141994;8.000000;0.000000
131.967268;36.408787;-14.370391;-1.547801;0.140285;8.000000;0.000000
132.167218;36.416181;-14.570294;-1.519899;0.138690;8.000000;0.000000
132.367169;36.429118;-14.769905;-1.492305;0.137219;8.000000;0.000000
132.567119;36.447527;-14.969066;-1.464995;0.135884;8.000000;0.000000
132.767069;36.471337;-15.167621;-1.437942;0.134691;8.000000;0.000000
132.967020;36.500478;-15.365411;-1.411120;0.133649;8.000000;0.000000
133.166970;36.534881;-15.562280;-1.384500;0.132764;8.000000;0.000000
133.366921;36.574474;-15.758071;-1.358054;0.132042;8.000000;0.000000
133.566871;36.619186;-15.952630;-1.331882;0.127554;8.000000;0.000000
133.766821;36.668790;-16.145908;-1.307679;0.114990;8.000000;0.000000
133.966772;36.722817;-16.338005;-1.286000;0.102268;8.000000;0.000000
134.166722;36.780780;-16.529044;-1.266858;0.089487;8.000000;0.000000
134.366673;36.842189;-16.719146;-1.250257;0.076717;8.000000;0.000000
134.566623;36.906556;-16.908431;-1.236192;0.064000;8.000000;0.000000
134.766573;36.973391;-17.097023;-1.224652;0.051358;8.000000;0.000000
134.966524;37.042208;-17.285040;-1.215629;0.038794;8.000000;0.000000
135.166474;37.112516;-17.472606;-1.209111;0.026294;8.000000;0.000000
135.366425;37.183827;-17.659841;-1.205091;0.013837;8.000000;0.000000
135.566375;37.255647;-17.846843;-1.203470;0.004150;8.000000;0.000000
135.766325;37.327601;-18.033690;-1.203085;-0.000303;8.000000;0.000000
135.966276;37.399523;-18.220488;-1.203592;-0.004762;8.000000;0.000000
136.166226;37.471244;-18.407295;-1.204992;-0.009229;8.000000;0.000000
136.366177;37.542597;-18.594172;-1.207285;-0.013704;8.000000;0.000000
136.566127;37.613412;-18.781178;-1.210474;-0.018188;8.000000;0.000000
136.766077;37.683521;-18.968373;-1.214558;-0.022681;8.000000;0.000000
136.966028;37.752756;-19.155816;-1.219540;-0.027181;8.000000;0.000000
137.165978;37.820949;-19.343568;-1.225419;-0.031688;8.000000;0.000000
137.365929;37.887931;-19.531687;-1.232197;-0.036198;8.000000;0.000000
137.565879;37.953572;-19.720336;-1.239720;-0.036253;8.000000;0.000000
137.765830;38.017918;-19.909599;-1.246163;-0.028206;8.000000;0.000000
137.965780;38.081190;-20.099204;-1.250996;-0.020147;8.000000;0.000000
138.165730;38.143697;-20.289060;-1.254217;-0.012082;8.000000;0.000000
138.365681;38.205747;-20.479074;-1.255826;-0.004017;8.000000;0.000000
138.565631;38.267651;-20.669155;-1.255823;0.004046;8.000000;0.000000
138.765582;38.329716;-20.859209;-1.254208;0.012103;8.000000;-0.170679
138.965532;38.392251;-21.049145;-1.250983;0.020150;7.995733;-0.491264
139.165482;38.455566;-21.238872;-1.246149;0.028184;7.983438;-0.794581
139.365433;38.519969;-21.428296;-1.239709;0.036195;7.963513;-1.081950
139.565383;38.585748;-21.617282;-1.231902;0.038006;7.936300;-1.354881
139.765334;38.652940;-21.805779;-1.225117;0.029818;7.902091;-1.615084
139.965284;38.721277;-21.993926;-1.219965;0.021663;7.861118;-1.864487
140.165234;38.790437;-22.181798;-1.216442;0.013528;7.813550;-2.105267
140.365185;38.860101;-22.369469;-1.214547;0.005402;7.759489;-2.347847
140.565135;38.929948;-22.557011;-1.214280;-0.002731;7.698750;-2.624494
140.765086;38.999658;-22.744499;-1.215641;-0.010887;7.630283;-2.994537
140.965036;39.068911;-22.932006;-1.218635;-0.019080;7.551404;-3.316777
141.164986;39.137386;-23.119606;-1.223268;-0.027325;7.463064;-3.593503
141.364937;39.204764;-23.307372;-1.229546;-0.035635;7.366157;-3.827151
141.564887;39.270717;-23.495329;-1.237115;-0.034911;7.261528;-4.019068
141.764838;39.335303;-23.683466;-1.242628;-0.020500;7.150005;-4.170399
141.964788;39.399096;-23.871791;-1.245264;-0.006007;7.032412;-4.283441
142.164738;39.462680;-24.060236;-1.245017;0.008483;6.909549;-4.363624
142.364689;39.526635;-24.248733;-1.241892;0.022891;6.782098;-4.439262
142.564639;39.591544;-24.437214;-1.235906;0.037135;6.649931;-4.512586
142.764590;39.657990;-24.625610;-1.227084;0.051126;6.512834;-4.617082
142.964540;39.726553;-24.813854;-1.215467;0.064767;6.369508;-4.739406
143.164490;39.797817;-25.001877;-1.201110;0.077947;6.218950;-4.852752
143.364441;39.872363;-25.189610;-1.184080;0.090544;6.060917;-4.933897
143.564391;39.950604;-25.376673;-1.165625;0.075812;5.895901;-4.957535
143.764342;40.031838;-25.563001;-1.155449;0.024592;5.725306;-4.894996
143.964292;40.114162;-25.749278;-1.155577;-0.025830;5.551721;-4.745314
144.164243;40.195401;-25.935745;-1.165999;-0.076904;5.378100;-4.595535
144.364193;40.273375;-26.122645;-1.186899;-0.129991;5.204440;-4.371188
144.564143;40.345907;-26.310219;-1.218626;-0.186174;5.033702;-4.049249
144.764094;40.410819;-26.498710;-1.261635;-0.245962;4.870201;-3.696815
144.964044;40.465934;-26.688359;-1.316379;-0.308846;4.715983;-3.249963
145.163995;40.509074;-26.879408;-1.383142;-0.372733;4.576116;-2.767988
145.363945;40.538061;-27.072100;-1.461801;-0.433423;4.453528;-2.340667
145.563895;40.550930;-27.277202;-1.555397;-0.458701;4.347169;-1.957952
145.763846;40.543078;-27.499379;4.626364;-0.457981;4.256160;-1.611600
145.963796;40.513027;-27.717136;4.523103;-0.486335;4.179762;-1.294626
146.163747;40.461322;-27.925379;4.412708;-0.548794;4.117365;-1.000924
146.363697;40.388509;-28.119015;4.289086;-0.654480;4.068467;-0.724991
146.563647;40.295133;-28.292951;4.145057;-0.814660;4.032679;-0.457553
146.763598;40.181741;-28.442092;3.972755;-1.033152;4.009928;-0.178099
146.963548;40.048877;-28.561345;3.765947;-1.280182;4.001037;0.149132
147.163499;39.897088;-28.645618;3.525608;-1.459325;4.008483;0.455241
147.363449;39.739694;-28.688347;3.292956;-1.282308;4.031128;0.744819
147.563399;39.577401;-28.697592;3.113630;-0.930655;4.067904;1.021591
147.763350;39.404034;-28.680186;2.977682;-0.646366;4.117812;1.287856
147.963300;39.221453;-28.639862;2.877058;-0.444143;4.179880;1.539245
148.163251;39.031519;-28.580354;2.803496;-0.304743;4.252874;1.761729
148.363201;38.836092;-28.505397;2.750586;-0.206913;4.334911;1.978544
148.563151;38.637032;-28.418723;2.713882;-0.134783;4.425232;2.220569
148.763102;38.436201;-28.324067;2.690538;-0.077357;4.524454;2.491178
148.963052;38.235458;-28.225162;2.678965;-0.026615;4.633239;2.808651
149.163003;38.036663;-28.125743;2.678625;0.024269;4.752903;3.167864
149.362953;37.841328;-28.029250;2.687384;0.039667;4.884355;3.554186
149.562903;37.650181;-27.936797;2.694267;0.024696;5.027747;3.951283
149.762854;37.463123;-27.847510;2.697638;0.007392;5.182506;4.335064
149.962804;37.279830;-27.760357;2.697212;-0.011952;5.347145;4.669648
150.162755;37.099972;-27.674306;2.692769;-0.032895;5.518999;4.867661
150.362705;36.923222;-27.588322;2.684161;-0.054850;5.692621;5.019526
150.562655;36.749254;-27.501373;2.671332;-0.077093;5.866281;5.082129
150.762606;36.577740;-27.412427;2.654327;-0.098791;6.037019;5.003365
150.962556;36.408353;-27.320449;2.633302;-0.119049;6.200520;4.841808
151.162507;36.240765;-27.224408;2.608529;-0.136974;6.354738;4.632773
151.362457;36.074667;-27.123336;2.581545;-0.132469;6.498872;4.429485
151.562408;35.909865;-27.017129;2.557276;-0.115290;6.633754;4.229630
151.762358;35.746256;-26.906356;2.536111;-0.099135;6.760039;4.031873
151.962308;35.583750;-26.791604;2.517920;-0.083904;6.878261;3.835430
152.162259;35.422253;-26.673463;2.502588;-0.069476;6.988867;3.639855
152.362209;35.261674;-26.552521;2.490015;-0.055713;7.092239;3.444909
152.562160;35.101920;-26.429367;2.480121;-0.042470;7.188704;3.250489
152.762110;34.942901;-26.304588;2.472843;-0.029595;7.278554;3.056581
152.962060;34.784524;-26.178773;2.468139;-0.016931;7.362043;2.863230
153.162011;34.626696;-26.052511;2.465991;-0.004318;7.439400;2.670519
153.361961;34.469383;-25.926416;2.466021;0.002304;7.510834;2.478561
153.561912;34.312453;-25.800742;2.466775;0.005203;7.576530;2.287483
153.761862;34.155744;-25.675515;2.468111;0.008127;7.636659;2.097425
153.961812;33.999133;-25.550783;2.470032;0.011068;7.691380;1.908534
154.161763;33.842497;-25.426596;2.472540;0.014019;7.740837;1.731527
154.361713;33.685712;-25.303005;2.475633;0.016968;7.785435;1.593801
154.561664;33.528653;-25.180058;2.479311;0.019908;7.826261;1.456777
154.761614;33.371197;-25.057806;2.483571;0.022829;7.863391;1.298306
154.961564;33.213221;-24.936297;2.488409;0.025720;7.896336;1.120101
155.161515;33.054600;-24.815581;2.493821;0.028572;7.924648;0.939205
155.361465;32.895161;-24.695652;2.499451;0.025778;7.948310;0.760424
155.561416;32.734972;-24.576441;2.503989;0.019678;7.967417;0.583898
155.761366;32.574224;-24.457794;2.507313;0.013602;7.982057;0.409762
155.961316;32.413075;-24.339525;2.509426;0.007544;7.992315;0.238151
156.161267;32.251684;-24.221453;2.510330;0.001502;7.998270;0.069194
156.361217;32.090208;-24.103394;2.510027;-0.004531;8.000000;0.000000
156.561168;31.928805;-23.985163;2.508518;-0.010558;8.000000;0.000000
156.761118;31.767633;-23.866577;2.505802;-0.016586;8.000000;0.000000
156.961068;31.606850;-23.747453;2.501880;-0.022619;8.000000;0.000000
157.161019;31.446612;-23.627606;2.496749;-0.028658;8.000000;0.000000
157.360969;31.287134;-23.506916;2.490816;-0.028462;8.000000;0.000000
157.560920;31.128390;-23.385359;2.485489;-0.024823;8.000000;0.000000
157.760870;30.970256;-23.263020;2.480890;-0.021180;8.000000;0.000000
157.960820;30.812643;-23.140012;2.477020;-0.017535;8.000000;0.000000
158.160771;30.655458;-23.016450;2.473878;-0.013890;8.000000;0.000000
158.360721;30.498612;-22.892448;2.471466;-0.010244;8.000000;0.000000
158.560672;30.342014;-22.768120;2.469782;-0.006599;8.000000;0.000000
158.760622;30.185573;-22.643579;2.468826;-0.002955;8.000000;0.000000
158.960573;30.029199;-22.518941;2.468600;0.000688;8.000000;0.000000
159.160523;29.872801;-22.394319;2.469101;0.004330;8.000000;0.000000
159.360473;29.716287;-22.269821;2.470246;0.006673;8.000000;0.000000
159.560424;29.559602;-22.145528;2.471747;0.008333;8.000000;0.000000
159.760374;29.402710;-22.021496;2.473580;0.009994;8.000000;0.000000
159.960325;29.245576;-21.897782;2.475744;0.011656;8.000000;0.000000
160.160275;29.088163;-21.774441;2.478242;0.013320;8.000000;0.000000
160.360225;28.930434;-21.651530;2.481071;0.014985;8.000000;0.000000
160.560176;28.772353;-21.529104;2.484234;0.016653;8.000000;0.000000
160.760126;28.613884;-21.407219;2.487731;0.018323;8.000000;0.000000
160.960077;28.454989;-21.285931;2.491560;0.019995;8.000000;0.000000
161.160027;28.295633;-21.165295;2.495724;0.021669;8.000000;0.000000
161.359977;28.135708;-21.045297;2.499901;0.018505;8.000000;0.000000
161.559928;27.975319;-20.925874;2.503043;0.012913;8.000000;0.000000
161.759878;27.814636;-20.806875;2.505065;0.007317;8.000000;0.000000
161.959829;27.653788;-20.688117;2.505969;0.001719;8.000000;0.000000
162.159779;27.492904;-20.569420;2.505753;-0.003880;8.000000;0.000000
162.359729;27.332115;-20.450599;2.504417;-0.009479;8.000000;0.000000
162.559680;27.171550;-20.331473;2.501962;-0.015077;8.000000;0.000000
162.759630;27.011339;-20.211859;2.498389;-0.020672;8.000000;0.000000
162.959581;26.851612;-20.091574;2.493696;-0.026262;8.000000;0.000000
163.159531;26.692498;-19.970437;2.487886;-0.031842;8.000000;0.000000
163.359481;26.534187;-19.848347;2.481573;-0.028501;8.000000;0.000000
163.559432;26.376574;-19.725359;2.476619;-0.021066;8.000000;0.000000
163.759382;26.219451;-19.601686;2.473149;-0.013641;8.000000;0.000000
163.959333;26.062645;-19.477568;2.471163;-0.006224;8.000000;0.000000
164.159283;25.905982;-19.353246;2.470659;0.001188;8.000000;0.000000
164.359233;25.749289;-19.228960;2.471638;0.008600;8.000000;0.000000
164.559184;25.592393;-19.104952;2.474099;0.016017;8.000000;0.000000
164.759134;25.435119;-18.981463;2.478044;0.023442;8.000000;0.000000
164.959085;25.277294;-18.858732;2.483474;0.030877;8.000000;0.000000
165.159035;25.118745;-18.737001;2.490390;0.038321;8.000000;0.000000
165.358986;24.959262;-18.616438;2.498015;0.034542;8.000000;0.000000
165.558936;24.798946;-18.496972;2.504052;0.025851;8.000000;0.000000
165.758886;24.638022;-18.378342;2.508351;0.017153;8.000000;0.000000
165.958837;24.476693;-18.260265;2.510911;0.008452;8.000000;0.000000
166.158787;24.315162;-18.142459;2.511731;-0.000248;8.000000;0.000000
166.358738;24.153632;-18.024642;2.510811;-0.008948;8.000000;0.000000
166.558688;23.992306;-17.906530;2.508153;-0.017644;8.000000;0.000000
166.758638;23.831387;-17.787842;2.503756;-0.026336;8.000000;0.000000
166.958589;23.671077;-17.668295;2.497621;-0.035017;8.000000;0.000000
167.158539;23.511580;-17.547606;2.489750;-0.043680;8.000000;0.000000
167.358490;23.353153;-17.425594;2.481089;-0.039165;8.000000;0.000000
167.558440;23.195671;-17.302335;2.474237;-0.029365;8.000000;0.000000
167.758390;23.038878;-17.178124;2.469342;-0.019586;8.000000;0.000000
167.958341;22.882551;-17.053282;2.466400;-0.009823;8.000000;0.000000
168.158291;22.726466;-16.928130;2.465411;-0.000066;8.000000;0.000000
168.358242;22.570400;-16.802990;2.466374;0.009697;8.000000;0.000000
168.558192;22.414130;-16.678183;2.469291;0.019476;8.000000;0.000000
168.758142;22.257431;-16.554030;2.474164;0.029281;8.000000;0.000000
168.958093;22.100080;-16.430853;2.480998;0.039120;8.000000;0.000000
169.158043;21.941855;-16.308974;2.489796;0.048992;8.000000;0.000000
169.357994;21.782304;-16.188480;2.499519;0.044180;8.000000;0.000000
169.557944;21.621662;-16.069372;2.507304;0.033664;8.000000;0.000000
169.757894;21.460262;-15.951378;2.512980;0.023118;8.000000;0.000000
169.957845;21.298342;-15.834148;2.516546;0.012557;8.000000;0.000000
170.157795;21.136139;-15.717332;2.518000;0.001988;8.000000;0.000000
170.357746;20.973889;-15.600580;2.517341;-0.008580;8.000000;0.000000
170.557696;20.811830;-15.483543;2.514570;-0.019144;8.000000;0.000000
170.757646;20.650199;-15.365872;2.509688;-0.029694;8.000000;0.000000
170.957597;20.489232;-15.247216;2.502697;-0.040220;8.000000;0.000000
171.157547;20.329168;-15.127225;2.493601;-0.050703;8.000000;0.000000
171.357498;20.170463;-15.005798;2.483616;-0.045329;8.000000;0.000000
171.557448;20.012857;-14.882933;2.475610;-0.034809;8.000000;0.000000
171.757398;19.856031;-14.758914;2.469699;-0.024330;8.000000;0.000000
171.957349;19.699750;-14.634084;2.465878;-0.013884;8.000000;0.000000
172.157299;19.543780;-14.508792;2.464143;-0.003459;8.000000;0.000000
172.357250;19.387885;-14.383382;2.464493;0.006959;8.000000;0.000000
172.557200;19.231830;-14.258201;2.466928;0.017387;8.000000;0.000000
172.757151;19.075380;-14.133596;2.471450;0.027839;8.000000;0.000000
172.957101;18.918301;-14.009912;2.478064;0.038326;8.000000;0.000000
173.157051;18.760357;-13.887495;2.486773;0.048852;8.000000;0.000000
173.357002;18.601122;-13.766473;2.496405;0.043757;8.000000;0.000000
173.556952;18.440833;-13.646845;2.504159;0.033770;8.000000;0.000000
173.756903;18.279783;-13.528334;2.509911;0.023754;8.000000;0.000000
173.956853;18.118199;-13.410610;2.513657;0.013721;8.000000;0.000000
174.156803;17.956309;-13.293341;2.515396;0.003681;8.000000;0.000000
174.356754;17.794338;-13.176195;2.515128;-0.006363;8.000000;0.000000
174.556704;17.632514;-13.058841;2.512853;-0.016404;8.000000;0.000000
174.756655;17.471064;-12.940948;2.508570;-0.026437;8.000000;0.000000
174.956605;17.310213;-12.822185;2.502282;-0.036453;8.000000;0.000000
175.156555;17.150188;-12.702220;2.493993;-0.046437;8.000000;0.000000
175.356506;16.991401;-12.580946;2.484953;-0.040802;8.000000;0.000000
175.556456;16.833594;-12.458372;2.477771;-0.031092;8.000000;0.000000
175.756407;16.676486;-12.334767;2.472524;-0.021412;8.000000;0.000000
175.956357;16.519855;-12.210449;2.469208;-0.011756;8.000000;0.000000
176.156307;16.363479;-12.085733;2.467820;-0.002117;8.000000;0.000000
176.356258;16.207137;-11.960936;2.468360;0.007515;8.000000;0.000000
176.556208;16.050608;-11.836374;2.470827;0.017150;8.000000;0.000000
176.756159;15.893669;-11.712362;2.475222;0.026798;8.000000;0.000000
176.956109;15.736098;-11.589218;2.481547;0.036464;8.000000;0.000000
177.156059;15.577674;-11.467258;2.489806;0.046150;8.000000;0.000000
177.356010;15.418129;-11.346678;2.498760;0.040339;8.000000;0.000000
177.555960;15.257624;-11.227395;2.505863;0.030693;8.000000;0.000000
177.755911;15.096406;-11.109110;2.511035;0.021036;8.000000;0.000000
177.955861;14.934700;-10.991511;2.514275;0.011375;8.000000;0.000000
178.155811;14.772733;-10.874283;2.515583;0.001711;8.000000;0.000000
178.355762;14.610729;-10.757114;2.514959;-0.007955;8.000000;0.000000
178.555712;14.448916;-10.639690;2.512402;-0.017620;8.000000;0.000000
178.755663;14.287517;-10.521697;2.507913;-0.027285;8.000000;0.000000
178.955613;14.126760;-10.402821;2.501493;-0.036943;8.000000;0.000000
179.155563;13.966869;-10.282750;2.493141;-0.046585;8.000000;0.000000
179.355514;13.808130;-10.161302;2.484132;-0.040790;8.000000;0.000000
179.555464;13.650369;-10.038551;2.476895;-0.031621;8.000000;0.000000
179.755415;13.493348;-9.914775;2.471488;-0.022468;8.000000;0.000000
179.955365;13.336854;-9.790270;2.467909;-0.013330;8.000000;0.000000
180.155316;13.180673;-9.665332;2.466156;-0.004202;8.000000;0.000000
180.355266;13.024590;-9.540257;2.466228;0.004923;8.000000;0.000000
180.555216;12.868390;-9.415342;2.468125;0.014052;8.000000;0.000000
180.755167;12.711859;-9.290881;2.471849;0.023191;8.000000;0.000000
180.955117;12.554784;-9.167172;2.477401;0.032344;8.000000;0.000000
181.155068;12.396949;-9.044510;2.484782;0.041512;8.000000;0.000000
181.355018;12.238077;-8.923065;2.492859;0.036920;8.000000;0.000000
181.554968;12.078319;-8.802798;2.499498;0.029488;8.000000;0.000000
181.754919;11.917868;-8.683487;2.504651;0.022047;8.000000;0.000000
181.954869;11.756899;-8.564888;2.508315;0.014602;8.000000;0.000000
182.154820;11.595588;-8.446762;2.510490;0.007156;8.000000;0.000000
182.354770;11.434107;-8.328868;2.511176;-0.000291;8.000000;0.000000
182.554720;11.272633;-8.210963;2.510374;-0.007738;8.000000;0.000000
182.754671;11.111340;-8.092807;2.508082;-0.015184;8.000000;0.000000
182.954621;10.950403;-7.974159;2.504302;-0.022628;8.000000;0.000000
183.154572;10.789995;-7.854779;2.499034;-0.030067;8.000000;0.000000
183.354522;10.630359;-7.734527;2.493031;-0.028648;8.000000;0.000000
183.554472;10.471410;-7.613361;2.487607;-0.025632;8.000000;0.000000
183.754423;10.313062;-7.491366;2.482784;-0.022618;8.000000;0.000000
183.954373;10.155246;-7.368638;2.478563;-0.019607;8.000000;0.000000
184.154324;9.997891;-7.245277;2.474944;-0.016599;8.000000;0.000000
184.354274;9.840927;-7.121379;2.471925;-0.013594;8.000000;0.000000
184.554224;9.684284;-6.997041;2.469507;-0.010592;8.000000;0.000000
184.754175;9.527893;-6.872362;2.467688;-0.007592;8.000000;0.000000
184.954125;9.371683;-6.747440;2.466470;-0.004593;8.000000;0.000000
185.154076;9.215584;-6.622371;2.465851;-0.001596;8.000000;0.000000
185.354026;9.059518;-6.497249;2.465865;0.001793;8.000000;0.000000
185.553976;8.903412;-6.372187;2.466569;0.005247;8.000000;0.000000
185.753927;8.747185;-6.247296;2.467964;0.008703;8.000000;0.000000
185.953877;8.590754;-6.122689;2.470050;0.012162;8.000000;0.000000
186.153828;8.434037;-5.998475;2.472828;0.015623;8.000000;0.000000
186.353778;8.276951;-5.874767;2.476298;0.019087;8.000000;0.000000
186.553729;8.119415;-5.751674;2.480461;0.022554;8.000000;0.000000
186.753679;7.961347;-5.629310;2.485316;0.026023;8.000000;0.000000
186.953629;7.802663;-5.507783;2.490864;0.029494;8.000000;0.000000
187.153580;7.643281;-5.387207;2.497105;0.032964;8.000000;0.000000
187.353530;7.483083;-5.267603;2.503190;0.026616;8.000000;0.000000
187.553481;7.322244;-5.148847;2.507728;0.018781;8.000000;0.000000
187.753431;7.160959;-5.030696;2.510699;0.010944;8.000000;0.000000
187.953381;6.999413;-4.912895;2.512104;0.003108;8.000000;0.000000
188.153332;6.837790;-4.795192;2.511942;-0.004727;8.000000;0.000000
188.353282;6.676275;-4.677333;2.510214;-0.012561;8.000000;0.000000
188.553233;6.515052;-4.559067;2.506919;-0.020394;8.000000;0.000000
188.753183;6.354306;-4.440139;2.502058;-0.028224;8.000000;0.000000
188.953133;6.194223;-4.320298;2.495632;-0.036046;8.000000;0.000000
189.153084;6.034986;-4.199289;2.487642;-0.043854;8.000000;0.000000
189.353034;5.876824;-4.076995;2.479444;-0.036385;8.000000;0.000000
189.552985;5.719530;-3.953534;2.473114;-0.026939;8.000000;0.000000
189.752935;5.562874;-3.829203;2.468669;-0.017508;8.000000;0.000000
189.952885;5.406635;-3.704309;2.466109;-0.008089;8.000000;0.000000
190.152836;5.250593;-3.579159;2.465433;0.001325;8.000000;0.000000
190.352786;5.094529;-3.454058;2.466640;0.010743;8.000000;0.000000
190.552737;4.938222;-3.329314;2.469731;0.020173;8.000000;0.000000
190.752687;4.781454;-3.205233;2.474708;0.029621;8.000000;0.000000
190.952637;4.624003;-3.082122;2.481574;0.039091;8.000000;0.000000
191.152588;4.465651;-2.960287;2.490332;0.048581;8.000000;0.000000
191.352538;4.306036;-2.839815;2.499453;0.040803;8.000000;0.000000
191.552489;4.145454;-2.720656;2.506627;0.030948;8.000000;0.000000
191.752439;3.984157;-2.602508;2.511829;0.021079;8.000000;0.000000
191.952389;3.822372;-2.485046;2.515056;0.011204;8.000000;0.000000
192.152340;3.660328;-2.367950;2.516309;0.001327;8.000000;0.000000
192.352290;3.498253;-2.250897;2.515586;-0.008551;8.000000;0.000000
192.552241;3.336375;-2.133565;2.512890;-0.018427;8.000000;0.000000
192.752191;3.174923;-2.015631;2.508218;-0.028297;8.000000;0.000000
192.952141;3.014124;-1.896774;2.501574;-0.038156;8.000000;0.000000
193.152092;2.854207;-1.776671;2.492959;-0.047992;8.000000;0.000000
193.352042;2.695520;-1.655219;2.484019;-0.040006;8.000000;0.000000
193.551993;2.537772;-1.532473;2.476981;-0.030423;8.000000;0.000000
193.751943;2.380725;-1.408732;2.471854;-0.020861;8.000000;0.000000
193.951894;2.224159;-1.284307;2.468637;-0.011317;8.000000;0.000000
194.151844;2.067850;-1.159509;2.467327;-0.001785;8.000000;0.000000
194.351794;1.911579;-1.034649;2.467923;0.007744;8.000000;0.000000
194.551745;1.755122;-0.910038;2.470425;0.017278;8.000000;0.000000
194.751695;1.598258;-0.785986;2.474835;0.026826;8.000000;0.000000
194.951646;1.440767;-0.662805;2.481154;0.036391;8.000000;0.000000
195.151596;1.282425;-0.540805;2.489386;0.045974;8.000000;0.000000
195.351546;1.122980;-0.420149;2.497921;0.038136;8.000000;0.000000
195.551497;0.962636;-0.300725;2.504624;0.028914;8.000000;0.000000
195.751447;0.801616;-0.182238;2.509482;0.019682;8.000000;0.000000
195.951398;0.640133;-0.064386;2.512494;0.010447;8.000000;0.000000
196.151348;0.478400;0.053130;2.513659;0.001211;8.000000;0.000000
196.351298;0.316631;0.170613;2.512978;-0.008022;8.000000;0.000000
196.551249;0.155040;0.288364;2.510451;-0.017252;8.000000;0.000000
196.751199;-0.006160;0.406682;2.506079;-0.026475;8.000000;0.000000
196.951150;-0.166754;0.525869;2.499864;-0.035685;8.000000;0.000000
197.151100;-0.326529;0.646227;2.491806;-0.044872;8.000000;0.000000
197.351050;-0.485241;0.767902;2.483535;-0.036888;8.000000;0.000000
197.551001;-0.643092;0.890778;2.477054;-0.027916;8.000000;0.000000
197.750951;-0.800286;1.014558;2.472364;-0.018966;8.000000;0.000000
197.950902;-0.957023;1.138945;2.469463;-0.010029;8.000000;0.000000
198.150852;-1.113501;1.263639;2.468350;-0.001096;8.000000;0.000000
198.350802;-1.269921;1.388343;2.469025;0.007845;8.000000;0.000000
198.550753;-1.426479;1.512756;2.471489;0.016807;8.000000;0.000000
198.750703;-1.583377;1.636580;2.475747;0.025801;8.000000;0.000000
198.950654;-1.740813;1.759518;2.481802;0.034835;8.000000;0.000000
199.150604;-1.898985;1.881268;2.489660;0.043914;8.000000;0.000000
199.350554;-2.058179;2.001720;2.497795;0.036849;8.000000;0.000000
199.550505;-2.218189;2.120950;2.504362;0.028957;8.000000;0.000000
199.750455;-2.378866;2.239240;2.509349;0.021026;8.000000;0.000000
199.950406;-2.540068;2.356876;2.512752;0.013077;8.000000;-0.223250
200.150356;-2.701652;2.474146;2.514569;0.005133;7.994418;-0.533939
200.350306;-2.863475;2.591336;2.514803;-0.002787;7.981053;-0.859144
200.550257;-3.025395;2.708733;2.513457;-0.010665;7.959499;-1.171082
200.750207;-3.187267;2.826624;2.510537;-0.018482;7.930026;-1.471881
200.950158;-3.348951;2.945296;2.506052;-0.026219;7.892826;-1.764368
201.150108;-3.510302;3.065036;2.500015;-0.033853;7.848002;-2.051945
201.350059;-3.671015;3.185928;2.493404;-0.031669;7.795547;-2.338462
201.550009;-3.831148;3.307991;2.487262;-0.029362;7.735335;-2.628091
201.749959;-3.990608;3.431038;2.481571;-0.027169;7.667100;-2.922892
201.949910;-4.149295;3.554880;2.476314;-0.025073;7.590492;-3.225448
202.149860;-4.307108;3.679326;2.471479;-0.023056;7.505045;-3.537826
202.349811;-4.463949;3.804187;2.467053;-0.021102;7.410191;-3.931129
202.549761;-4.619718;3.929274;2.463029;-0.019195;7.303346;-4.283968
202.749711;-4.774315;4.054396;2.459398;-0.017320;7.185103;-4.600171
202.949662;-4.927641;4.179363;2.456156;-0.015461;7.055926;-4.878375
203.149612;-5.079597;4.303987;2.453299;-0.013601;6.916301;-5.111801
203.349563;-5.230316;4.428185;2.451851;-0.000968;6.766905;-5.286874
203.549513;-5.380387;4.551895;2.452934;0.012124;6.608841;-5.381156
203.749463;-5.530645;4.675167;2.456556;0.025092;6.443978;-5.364631
203.949414;-5.681927;4.798050;2.462671;0.037529;6.275311;-5.223570
204.149364;-5.835071;4.920593;2.471182;0.049054;6.106605;-5.082409
204.349315;-5.990913;5.042848;2.481941;0.059335;5.937859;-4.849901
204.549265;-6.150292;5.164863;2.494761;0.068107;5.772234;-4.555321
204.749215;-6.314045;5.286688;2.509416;0.075187;5.612220;-4.235748
204.949166;-6.483007;5.408373;2.525656;0.080482;5.459224;-3.915395
205.149116;-6.658018;5.529969;2.543214;0.083985;5.313884;-3.608421
205.349067;-6.838444;5.651234;2.554032;0.017120;5.176326;-3.322996
205.549017;-7.021529;5.773282;2.550941;-0.045021;5.046333;-3.064180
205.748967;-7.203088;5.896939;2.534032;-0.110160;4.923425;-2.835825
205.948918;-7.378936;6.023030;2.502257;-0.186382;4.806877;-2.641946
206.148868;-7.544884;6.152381;2.453351;-0.283400;4.695695;-2.355733
206.348819;-7.696747;6.285816;2.383669;-0.413499;4.594289;-2.033843
206.548769;-7.830338;6.424161;2.288095;-0.590495;4.504903;-1.710596
206.748719;-7.941471;6.568241;2.160487;-0.822013;4.428327;-1.394176
206.948670;-8.025958;6.718881;1.995705;-1.086956;4.364923;-1.077235
207.148620;-8.079614;6.876906;1.794434;-1.303196;4.315294;-0.768452
207.348571;-8.099424;7.045722;1.586091;-1.124274;4.279540;-0.471634
207.548521;-8.085930;7.220759;1.408146;-0.902781;4.257447;-0.180818
207.748472;-8.042292;7.399514;1.260514;-0.709314;4.248946;0.110062
207.948422;-7.971684;7.579554;1.138312;-0.562731;4.254122;0.406028
208.148372;-7.877283;7.758441;1.035614;-0.459476;4.273164;0.712673
208.348323;-7.762264;7.933742;0.947039;-0.390500;4.306382;1.035772
208.548273;-7.629801;8.103018;0.868092;-0.347896;4.354209;1.423532
208.748224;-7.483070;8.263837;0.795024;-0.326524;4.419095;1.811878
208.948174;-7.325246;8.413761;0.724532;-0.324131;4.500331;2.206864
209.148124;-7.159901;8.550052;0.653688;-0.335235;4.597336;2.610868
209.348075;-6.991718;8.670062;0.586674;-0.311466;4.709521;3.021661
209.548025;-6.819227;8.777269;0.526647;-0.278099;4.836110;3.430032
209.747976;-6.643046;8.873524;0.474765;-0.237672;4.975905;3.815903
209.947926;-6.463796;8.960674;0.431818;-0.192612;5.126949;4.145841
210.147876;-6.282096;9.040569;0.398290;-0.144873;5.286165;4.390522
210.347827;-6.098566;9.115058;0.374439;-0.095796;5.449707;4.643709
210.547777;-5.913825;9.185990;0.360387;-0.046172;5.617502;4.721732
210.747728;-5.728493;9.255212;0.356175;0.003609;5.783127;4.692093
210.947678;-5.543190;9.324575;0.361813;0.053357;5.943141;4.606025
211.147628;-5.358429;9.395967;0.377180;0.094269;6.096137;4.484002
211.347579;-5.174064;9.470907;0.394496;0.079756;6.241477;4.341202
211.547529;-4.990676;9.548867;0.408948;0.065316;6.379035;4.189416
211.747480;-4.808072;9.629317;0.420549;0.050983;6.509028;4.038842
211.947430;-4.626061;9.711730;0.429313;0.036767;6.631936;3.899625
212.147380;-4.444449;9.795575;0.435255;0.022659;6.748484;3.783397
212.347331;-4.263045;9.880325;0.438387;0.008639;6.859666;3.699035
212.547281;-4.081657;9.965450;0.438718;-0.005322;6.966654;3.606446
212.747232;-3.900092;10.050422;0.436255;-0.019255;7.069405;3.493511
212.947182;-3.718159;10.134711;0.430997;-0.033190;7.167534;3.350923
213.147132;-3.535735;10.217759;0.423011;-0.043374;7.260412;3.171684
213.347083;-3.352985;10.299138;0.415139;-0.035321;7.347241;2.977133
213.547033;-3.169675;10.379219;0.408880;-0.027263;7.427819;2.783207
213.746984;-2.985942;10.458295;0.404232;-0.019205;7.502367;2.589999
213.946934;-2.801919;10.536659;0.401197;-0.011146;7.571080;2.397627
214.146884;-2.617742;10.614604;0.399774;-0.003084;7.634138;2.206225
214.346835;-2.433545;10.692424;0.399964;0.004983;7.691706;2.015932
214.546785;-2.249464;10.770411;0.401767;0.013059;7.743934;1.826896
214.746736;-2.065632;10.848859;0.405185;0.021148;7.790962;1.639265
214.946686;-1.882184;10.928061;0.410220;0.029250;7.832920;1.453192
215.146637;-1.699200;11.008335;0.416830;0.034937;7.869928;1.268823
215.346587;-1.516565;11.089930;0.423325;0.029998;7.902099;1.086308
215.546537;-1.334457;11.172603;0.428830;0.025048;7.929538;0.905792
215.746488;-1.152791;11.256176;0.433343;0.020090;7.952346;0.727416
215.946438;-0.971479;11.340470;0.436864;0.015128;7.970615;0.551321
216.146389;-0.790435;11.425307;0.439392;0.010162;7.984433;0.377643
216.346339;-0.609572;11.510507;0.440927;0.005194;7.993885;0.206513
216.546289;-0.428803;11.595893;0.441469;0.000226;7.999049;0.038060
216.746240;-0.248042;11.681285;0.441018;-0.004743;8.000000;0.000000
216.946190;-0.067200;11.766505;0.439573;-0.009712;8.000000;0.000000
217.146141;0.113792;11.851368;0.437164;-0.013309;8.000000;0.000000
217.346091;0.294951;11.935744;0.434639;-0.011959;8.000000;0.000000
217.546041;0.476321;12.019691;0.432384;-0.010609;8.000000;0.000000
217.745992;0.657885;12.103261;0.430399;-0.009258;8.000000;0.000000
217.945942;0.839623;12.186504;0.428683;-0.007907;8.000000;0.000000
218.145893;1.021518;12.269472;0.427238;-0.006556;8.000000;0.000000
218.345843;1.203550;12.352214;0.426062;-0.005205;8.000000;0.000000
218.545793;1.385702;12.434781;0.425156;-0.003855;8.000000;0.000000
218.745744;1.567955;12.517225;0.424520;-0.002507;8.000000;0.000000
218.945694;1.750290;12.599596;0.424153;-0.001159;8.000000;0.000000
219.145645;1.932637;12.681922;0.424050;-0.000038;8.000000;0.000000
219.345595;2.114870;12.764191;0.424085;0.000389;8.000000;0.000000
219.545545;2.297129;12.846489;0.424206;0.000815;8.000000;0.000000
219.745496;2.479396;12.928827;0.424411;0.001241;8.000000;0.000000
219.945446;2.661650;13.011213;0.424702;0.001668;8.000000;0.000000
220.145397;2.843874;13.093659;0.425079;0.002095;8.000000;0.000000
220.345347;3.026048;13.176174;0.425540;0.002522;8.000000;0.000000
220.545297;3.208153;13.258769;0.426088;0.002951;8.000000;0.000000
220.745248;3.390171;13.341454;0.426720;0.003381;8.000000;0.000000
220.945198;3.572082;13.424238;0.427439;0.003812;8.000000;0.000000
221.145149;3.753940;13.507166;0.428235;0.003897;8.000000;0.000000
221.345099;3.935877;13.590297;0.428924;0.002991;8.000000;0.000000
221.545050;4.117711;13.673512;0.429432;0.002082;8.000000;0.000000
221.745000;4.299471;13.756785;0.429757;0.001172;8.000000;0.000000
221.944950;4.481186;13.840090;0.429900;0.000261;8.000000;0.000000
222.144901;4.662886;13.923398;0.429861;-0.000651;8.000000;0.000000
222.344851;4.844599;14.006684;0.429640;-0.001562;8.000000;0.000000
222.544802;5.026355;14.089921;0.429237;-0.002472;8.000000;0.000000
222.744752;5.208184;14.173082;0.428652;-0.003381;8.000000;-0.227058
222.944702;5.390114;14.256142;0.427885;-0.004288;7.994323;-0.519931
223.144653;5.572164;14.339067;0.426949;-0.004757;7.981308;-0.814603
223.344603;5.754326;14.421839;0.426056;-0.004168;7.960874;-1.111765
223.544554;5.936595;14.504475;0.425281;-0.003581;7.932901;-1.412247
223.744504;6.118933;14.586986;0.424623;-0.002997;7.897225;-1.717033
223.944454;6.301307;14.669380;0.424081;-0.002414;7.853631;-2.013954
224.144405;6.483680;14.751669;0.423657;-0.001832;7.802188;-2.279633
224.344355;6.666017;14.833861;0.423348;-0.001250;7.743546;-2.515022
224.544306;6.848282;14.915965;0.423157;-0.000667;7.678330;-2.720019
224.744256;7.030441;14.997993;0.423082;-0.000082;7.607169;-2.893605
224.944206;7.212458;15.079953;0.423124;0.000505;7.530728;-3.033971
225.144157;7.394260;15.161837;0.423230;-0.000575;7.449736;-3.138679
225.344107;7.575842;15.243585;0.422654;-0.005211;7.365013;-3.204917
225.544058;7.757443;15.325115;0.421155;-0.009845;7.277483;-3.229917
225.744008;7.939231;15.406301;0.418736;-0.014455;7.188193;-3.211624
225.943958;8.121372;15.487017;0.415400;-0.019020;7.098295;-3.173833
226.143909;8.304034;15.567137;0.411157;-0.023518;7.008321;-3.135942
226.343859;8.487384;15.646535;0.406015;-0.027929;6.918273;-3.081048
226.543810;8.671589;15.725084;0.399990;-0.032229;6.828645;-3.013366
226.743760;8.856816;15.802658;0.393096;-0.036397;6.739832;-2.936852
226.943710;9.043233;15.879132;0.385355;-0.040413;6.652134;-2.855103
227.143661;9.231056;15.954391;0.376504;-0.052379;6.565755;-2.771318
227.343611;9.420382;16.027878;0.363060;-0.080094;6.480809;-2.688310
227.543562;9.610976;16.098308;0.343906;-0.108616;6.397329;-2.608533
227.743512;9.802689;16.164382;0.318879;-0.138503;6.315273;-2.534118
227.943462;9.995374;16.224799;0.287746;-0.170191;6.234523;-2.466911
228.143413;10.188879;16.278259;0.250229;-0.203931;6.154897;-2.388309
228.343363;10.383056;16.323464;0.206038;-0.239703;6.076814;-2.281090
228.543314;10.577757;16.359114;0.154912;-0.277079;6.001288;-2.148157
228.743264;10.772832;16.383907;0.096683;-0.315087;5.929284;-1.992380
228.943215;10.968131;16.396546;0.031355;-0.352079;5.861711;-1.651408
229.143165;11.164434;16.395708;-0.040515;-0.368287;5.805106;-1.266789
229.343115;11.361977;16.380561;-0.112060;-0.353870;5.761307;-0.892540
229.543066;11.558445;16.351521;-0.180983;-0.340260;5.730247;-0.524744
229.743016;11.753070;16.309130;-0.247522;-0.327989;5.711908;-0.159422
229.942967;11.945083;16.253932;-0.311976;-0.317435;5.706324;0.207548
230.142917;12.133714;16.186468;-0.374685;-0.308858;5.713592;0.570742
230.342867;12.318194;16.107282;-0.436017;-0.302427;5.733531;0.915957
230.542818;12.497753;16.016915;-0.496361;-0.298251;5.765385;1.245885
230.742768;12.671624;15.915911;-0.556117;-0.296404;5.808433;1.561859
230.942719;12.839036;15.804811;-0.615693;-0.296935;5.861953;1.863925
231.142669;12.998120;15.685084;-0.674107;-0.281144;5.925190;2.150853
231.342619;13.149212;15.557613;-0.726388;-0.247448;5.997333;2.420167
231.542570;13.294149;15.422659;-0.771956;-0.212642;6.077485;2.668236
231.742520;13.433731;15.281242;-0.810744;-0.177835;6.164646;2.772839
231.942471;13.568761;15.134382;-0.842801;-0.143689;6.253936;2.831998
232.142421;13.700041;14.983099;-0.868239;-0.110492;6.343834;2.874828
232.342371;13.828372;14.828413;-0.887190;-0.078248;6.433808;2.917761
232.542322;13.954555;14.671343;-0.899773;-0.046766;6.523856;2.944426
232.742272;14.079393;14.512910;-0.906070;-0.015722;6.613484;2.957245
232.942223;14.203688;14.354134;-0.906118;0.015279;6.702297;2.958853
233.142173;14.328216;14.196001;-0.900969;0.027176;6.789995;2.951976
233.342123;14.453301;14.038898;-0.895917;0.023127;6.876374;2.939369
233.542074;14.578867;13.882685;-0.891694;0.019004;6.961320;2.923776
233.742024;14.704823;13.727201;-0.888308;0.014821;7.044800;2.907920
233.941975;14.831080;13.572287;-0.885768;0.010592;7.126856;2.894488
234.141925;14.957548;13.417784;-0.884079;0.006328;7.207606;2.886130
234.341875;15.084135;13.263531;-0.883243;0.002043;7.287232;2.860990
234.541826;15.210754;13.109368;-0.883264;-0.002250;7.365315;2.796315
234.741776;15.337313;12.955137;-0.884141;-0.006538;7.440841;2.692483
234.941727;15.463723;12.800678;-0.885872;-0.010809;7.512845;2.550380
235.141677;15.589829;12.645915;-0.888368;-0.013528;7.580418;2.370904
235.341627;15.715568;12.490750;-0.891225;-0.015086;7.642700;2.179642
235.541578;15.840921;12.335105;-0.894396;-0.016647;7.699513;1.989510
235.741528;15.965819;12.178965;-0.897881;-0.018214;7.751007;1.800656
235.941479;16.090193;12.022313;-0.901681;-0.019790;7.797320;1.613229
236.141429;16.213972;11.865136;-0.905799;-0.021374;7.838580;1.427380
236.341380;16.337089;11.707417;-0.910235;-0.022970;7.874906;1.243257
236.541330;16.459474;11.549142;-0.914992;-0.024579;7.906410;1.061007
236.741280;16.581058;11.390294;-0.920071;-0.026203;7.933197;0.880777
236.941231;16.701771;11.230860;-0.925474;-0.027842;7.955366;0.702707
237.141181;16.821644;11.070707;-0.930941;-0.024854;7.973008;0.526937
237.341132;16.940739;10.909940;-0.935275;-0.018470;7.986212;0.353602
237.541082;17.059200;10.748787;-0.938329;-0.012071;7.995060;0.182834
237.741032;17.177243;10.587389;-0.940102;-0.005660;7.999631;0.014761
237.940983;17.295080;10.425888;-0.940592;0.000759;8.000000;0.000000
238.140933;17.412927;10.264425;-0.939799;0.007181;8.000000;0.000000
238.340884;17.530997;10.103143;-0.937721;0.013604;8.000000;0.000000
238.540834;17.649505;9.942184;-0.934361;0.020023;8.000000;0.000000
238.740784;17.768665;9.781688;-0.929717;0.026434;8.000000;0.000000
238.940735;17.888691;9.621798;-0.923793;0.032829;8.000000;0.000000
239.140685;18.009691;9.462764;-0.917035;0.031889;8.000000;0.000000
239.340636;18.131678;9.304529;-0.911241;0.026115;8.000000;0.000000
239.540586;18.254527;9.146883;-0.906598;0.020353;8.000000;0.000000
239.740536;18.378050;8.989694;-0.903104;0.014602;8.000000;0.000000
239.940487;18.502062;8.832830;-0.900758;0.008862;8.000000;0.000000
240.140437;18.626374;8.676157;-0.899559;0.003128;8.000000;0.000000
240.340388;18.750799;8.519543;-0.899506;-0.002601;8.000000;0.000000
240.540338;18.875150;8.362855;-0.900600;-0.008330;8.000000;0.000000
240.740288;18.999239;8.205961;-0.902839;-0.014060;8.000000;0.000000
240.940239;19.122879;8.048727;-0.906225;-0.019795;8.000000;0.000000
241.140189;19.245918;7.890986;-0.910598;-0.022912;8.000000;0.000000
241.340140;19.368239;7.732679;-0.915328;-0.024374;8.000000;0.000000
241.540090;19.489769;7.573799;-0.920350;-0.025837;8.000000;0.000000
241.740040;19.610459;7.414317;-0.925664;-0.027303;8.000000;0.000000
241.939991;19.730258;7.254203;-0.931271;-0.028772;8.000000;0.000000
242.139941;19.849116;7.093426;-0.937170;-0.030241;8.000000;0.000000
242.339892;19.966983;6.931956;-0.943363;-0.031712;8.000000;0.000000
242.539842;20.083809;6.769764;-0.949848;-0.033182;8.000000;0.000000
242.739793;20.199544;6.606818;-0.956627;-0.034653;8.000000;0.000000
242.939743;20.314137;6.443089;-0.963699;-0.036122;8.000000;0.000000
243.139693;20.427597;6.278497;-0.970601;-0.030150;8.000000;0.000000
243.339644;20.540088;6.113193;-0.975590;-0.019761;8.000000;0.000000
243.539594;20.651926;5.947446;-0.978503;-0.009371;8.000000;0.000000
243.739545;20.763453;5.781489;-0.979338;0.001018;8.000000;-0.006017
243.939495;20.875012;5.615558;-0.978096;0.011408;7.999850;-0.059965
244.139445;20.986945;5.449887;-0.974776;0.021800;7.998351;-0.111746
244.339396;21.099596;5.284711;-0.969378;0.032193;7.995557;-0.160563
244.539346;21.213307;5.120264;-0.961903;0.042582;7.991540;-0.205599
244.739297;21.328421;4.956782;-0.952352;0.052954;7.986395;-0.246017
244.939247;21.445281;4.794497;-0.940728;0.063291;7.980233;-0.280955
245.139197;21.564169;4.633715;-0.927207;0.071057;7.973190;-0.309533
245.339148;21.685333;4.474631;-0.912353;0.077511;7.965424;-0.330850
245.539098;21.808958;4.317434;-0.896200;0.084038;7.957115;-0.343991
245.739049;21.935196;4.162350;-0.878737;0.090632;7.948466;-0.348032
245.938999;22.064202;4.009605;-0.859952;0.097280;7.939706;-0.352060
246.138949;22.196130;3.859425;-0.839839;0.103961;7.930835;-0.332913
246.338900;22.331132;3.712038;-0.818391;0.110647;7.922437;-0.275390
246.538850;22.469365;3.567669;-0.795609;0.117303;7.915484;-0.181296
246.738801;22.610981;3.426544;-0.771496;0.123883;7.910903;-0.052140
246.938751;22.756134;3.288890;-0.746066;0.130332;7.909585;0.000000
247.138701;22.904887;3.155002;-0.719529;0.133956;7.909585;-0.000000
247.338652;23.057265;3.025075;-0.692456;0.136482;7.909585;0.000000
247.538602;23.213200;2.899313;-0.664833;0.139340;7.909585;0.000000
247.738553;23.372585;2.777955;-0.636605;0.142519;7.909585;-0.000000
247.938503;23.535309;2.661238;-0.607720;0.146007;7.909585;0.000000
248.138453;23.701266;2.549402;-0.578125;0.149790;7.909585;-0.000000
248.338404;23.870346;2.442685;-0.547774;0.153849;7.909585;0.000000
248.538354;24.042442;2.341326;-0.516618;0.158161;7.909585;0.000000
248.738305;24.217445;2.245564;-0.484616;0.162698;7.909585;0.000000
248.938255;24.395246;2.155638;-0.451730;0.167423;7.909585;0.000000
249.138205;24.575879;2.071670;-0.418988;0.155834;7.909585;0.000000
249.338156;24.759039;1.993338;-0.389944;0.135692;7.909585;0.000000
249.538106;24.944343;1.919948;-0.364927;0.115317;7.909585;0.000000
249.738057;25.131480;1.850766;-0.343955;0.094924;7.909585;-0.000000
249.938007;25.320142;1.785057;-0.327021;0.074639;7.909585;0.005949
250.137958;25.510018;1.722087;-0.314105;0.054523;7.909735;0.059301
250.337908;25.700798;1.661119;-0.305185;0.034577;7.911234;0.110567
250.537858;25.892172;1.601420;-0.300241;0.014769;7.914028;0.159006
250.737809;26.083830;1.542255;-0.299258;-0.004962;7.918044;0.203840
250.937759;26.275463;1.482889;-0.302232;-0.024683;7.923190;0.244259
251.137710;26.466858;1.422636;-0.307509;-0.020407;7.929352;0.279411
251.337660;26.657961;1.361621;-0.310077;-0.005190;7.936395;0.259166
251.537610;26.848886;1.300444;-0.309589;0.010068;7.942921;0.130925
251.737561;27.039785;1.239700;-0.306039;0.025392;7.946216;-0.022144
251.937511;27.230811;1.179983;-0.299416;0.040804;7.945659;-0.191830
252.137462;27.422114;1.121890;-0.289710;0.056314;7.940830;-0.346071
252.337412;27.613846;1.066015;-0.276907;0.071915;7.932111;-0.507258
252.537362;27.806159;1.012954;-0.260999;0.087576;7.919314;-0.689579
252.737313;27.999203;0.963302;-0.241981;0.103234;7.901884;-0.889884
252.937263;28.193131;0.917654;-0.219861;0.118787;7.879334;-1.104995
253.137214;28.388128;0.876549;-0.195672;0.119822;7.851243;-1.222158
253.337164;28.584150;0.840091;-0.172261;0.115003;7.820056;-1.265857
253.537114;28.781080;0.808119;-0.149798;0.110180;7.787622;-1.287201
253.737065;28.978816;0.780464;-0.128278;0.105379;7.754503;-1.285587
253.937015;29.177257;0.756957;-0.107696;0.100624;7.721283;-1.283925
254.136966;29.376303;0.737430;-0.088042;0.095931;7.687962;-1.256455
254.336916;29.575853;0.721714;-0.069303;0.091315;7.655214;-1.193621
254.536866;29.775806;0.709640;-0.051466;0.086786;7.623974;-1.098610
254.736817;29.976061;0.701041;-0.034516;0.082352;7.595106;-0.974179
254.936767;30.176518;0.695746;-0.018439;0.078015;7.569416;-0.822505
255.136718;30.377578;0.693632;-0.002281;0.085871;7.547658;-0.650035
255.336668;30.578740;0.694994;0.016235;0.098267;7.530418;-0.482009
255.536618;30.779618;0.700325;0.037255;0.111000;7.517609;-0.317932
255.736569;30.980006;0.710116;0.060832;0.124083;7.509148;-0.157345
255.936519;31.179700;0.724860;0.087016;0.137496;7.504957;0.000000
256.136470;31.378491;0.745048;0.115853;0.151183;7.504957;0.000000
256.336420;31.576176;0.771172;0.147381;0.165041;7.504957;0.000000
256.536370;31.772546;0.803723;0.181616;0.178918;7.504957;0.000000
256.736321;31.967397;0.843192;0.218554;0.192604;7.504957;0.000000
256.936271;32.160523;0.890072;0.258158;0.205832;7.504957;0.000000
257.136222;32.350990;0.944509;0.298016;0.191029;7.504957;0.000000
257.336172;32.539435;1.006170;0.333728;0.169168;7.504957;0.000000
257.536123;32.726197;1.074306;0.365193;0.147424;7.504957;-0.054130
257.736073;32.911427;1.148113;0.392449;0.126042;7.503514;-0.078873
257.936023;33.095275;1.226787;0.415556;0.105142;7.501412;-0.089271
258.135974;33.277891;1.309526;0.434582;0.084752;7.499032;-0.150955
258.335924;33.459425;1.395527;0.449598;0.064820;7.495006;-0.298485
258.535875;33.640028;1.483986;0.460660;0.045240;7.487039;-0.432850
258.735825;33.819849;1.574102;0.467809;0.025864;7.475470;-0.541487
258.935775;33.999038;1.665070;0.471064;0.006516;7.460973;-0.625173
259.135726;34.177983;1.756254;0.471164;-0.003841;7.444200;-0.683774
259.335676;34.356696;1.847146;0.469558;-0.012191;7.425811;-0.716388
259.535627;34.535331;1.937451;0.466278;-0.020596;7.406496;-0.721583
259.735577;34.714097;2.026899;0.461318;-0.029029;7.386990;-0.697788
259.935527;34.893202;2.115222;0.454679;-0.037462;7.368078;-0.695693
260.135478;35.072854;2.202150;0.446363;-0.045862;7.349175;-0.688186
260.335428;35.253261;2.287415;0.436379;-0.054192;7.330427;-0.693150
260.535379;35.434630;2.370747;0.424740;-0.062409;7.311496;-0.722023
260.735329;35.617170;2.451879;0.411465;-0.070466;7.291724;-0.773940
260.935279;35.801089;2.530541;0.396581;-0.078308;7.270470;-0.848192
261.135230;35.986518;2.606607;0.382989;-0.052006;7.247106;-0.944331
261.335180;36.173014;2.680848;0.375799;-0.019688;7.221004;-1.057506
261.535131;36.359919;2.754397;0.375073;0.012456;7.191662;-1.164688
261.735081;36.546577;2.828389;0.380807;0.044701;7.159207;-1.267420
261.935031;36.732329;2.903957;0.393031;0.077301;7.123721;-1.367153
262.134982;36.916519;2.982237;0.411807;0.110432;7.085244;-1.444885
262.334932;37.098489;3.064362;0.437207;0.144122;7.044350;-1.354461
262.534883;37.277581;3.151468;0.469298;0.178185;7.005799;-1.246042
262.734833;37.453140;3.244689;0.508100;0.212136;6.970145;-1.120426
262.934783;37.624506;3.345160;0.553547;0.245134;6.937929;-0.978280
263.134734;37.790827;3.453667;0.602349;0.241770;6.909678;-0.820050
263.334684;37.952031;3.570249;0.649625;0.233545;6.885907;-0.660751
263.534635;38.107971;3.694467;0.695416;0.225888;6.866693;-0.505826
263.734585;38.258462;3.825858;0.739838;0.218911;6.851948;-0.263003
263.934536;38.403319;3.963960;0.783019;0.212696;6.844269;0.036269
264.134486;38.542355;4.108310;0.825096;0.207305;6.845329;0.334267
264.334436;38.675385;4.258446;0.866214;0.202785;6.855086;0.604679
264.534387;38.802225;4.413904;0.906525;0.199172;6.872700;0.880083
264.734337;38.922688;4.574222;0.946185;0.196498;6.898257;1.133024
264.934288;39.036590;4.738938;0.985351;0.194789;6.931021;1.351538
265.134238;39.143813;4.907573;1.023033;0.180677;6.969902;1.535236
265.334188;39.244762;5.079756;1.057458;0.164168;7.013806;1.682352
265.534139;39.339999;5.255119;1.088538;0.147268;7.061604;1.735611
265.734089;39.430084;5.433290;1.116240;0.130227;7.110578;1.596009
265.934040;39.515577;5.613898;1.140561;0.113218;7.155318;1.420278
266.133990;39.597039;5.796572;1.161517;0.096348;7.194897;1.258587
266.333940;39.675031;5.980940;1.179131;0.079666;7.229789;1.106529
266.533891;39.750112;6.166630;1.193433;0.063172;7.260327;0.958456
266.733841;39.822844;6.353271;1.204448;0.046827;7.286675;0.817652
266.933792;39.893786;6.540492;1.212195;0.030565;7.309078;0.687585
267.133742;39.963492;6.728163;1.218189;0.031144;7.327863;0.571835
267.333692;40.031965;6.916092;1.224680;0.033761;7.343450;0.473998
267.533643;40.099115;7.104331;1.231687;0.036354;7.356345;0.397586
267.733593;40.164862;7.292954;1.239205;0.038915;7.367144;0.345894
267.933544;40.229126;7.482038;1.247230;0.041438;7.376526;0.294006
268.133494;40.291826;7.671657;1.255753;0.043913;7.384491;0.255133
268.333444;40.352882;7.861886;1.264770;0.046334;7.391396;0.211160
268.533395;40.412214;8.052800;1.274269;0.048690;7.397106;0.158253
268.733345;40.469742;8.244474;1.284243;0.050974;7.401382;0.095671
268.933296;40.525384;8.436983;1.294680;0.053176;7.403966;0.022776
269.133246;40.579014;8.630466;1.306607;0.066642;7.404582;-0.061043
269.333196;40.630089;8.824807;1.321478;0.081415;7.402933;-0.156446
269.533147;40.677969;9.019920;1.339345;0.096509;7.398706;-0.248185
269.733097;40.722014;9.215731;1.360261;0.111991;7.391996;-0.331026
269.933048;40.761585;9.412165;1.384288;0.127889;7.383036;-0.406059
270.132998;40.796043;9.609145;1.411485;0.144187;7.372031;-0.468418
270.332948;40.824750;9.806595;1.441909;0.160811;7.359315;-0.518049
270.532899;40.847066;10.004442;1.475599;0.177617;7.345227;-0.469777
270.732849;40.862353;10.202608;1.512572;0.194382;7.332427;-0.345120
270.932800;40.869971;10.401020;1.552809;0.210795;7.323010;-0.211287
271.132750;40.869405;10.599954;1.594199;0.203831;7.317239;-0.068114
271.332701;40.860764;10.798877;1.633934;0.195277;7.315377;0.000000
271.532651;40.844373;10.997547;1.672017;0.186807;7.315377;-0.000000
271.732601;40.820556;11.195751;1.708482;0.178540;7.315377;0.055897
271.932552;40.789638;11.393272;1.743376;0.170570;7.316905;0.263626
272.132502;40.751947;11.589896;1.776759;0.162969;7.324105;0.456519
272.332453;40.707805;11.785407;1.808697;0.155790;7.336558;0.632995
272.532403;40.657539;11.979591;1.839265;0.149067;7.353789;0.792983
272.732353;40.601474;12.172232;1.868540;0.142825;7.375319;0.935961
272.932304;40.539936;12.363114;1.896601;0.137077;7.400650;1.060985
273.132254;40.473431;12.551587;1.923141;0.128403;7.429261;1.166732
273.332205;40.402156;12.738182;1.947900;0.119471;7.460596;1.251548
273.532155;40.326457;12.923006;1.970859;0.110417;7.494063;1.313524
273.732105;40.246683;13.106156;1.992008;0.101312;7.529028;1.350613
273.932056;40.163182;13.287731;2.011346;0.092209;7.564812;1.360783
274.132006;40.076303;13.467829;2.028877;0.083144;7.600694;1.371009
274.331957;39.986395;13.646549;2.044609;0.074142;7.636676;1.369103
274.531907;39.893808;13.823989;2.058554;0.065216;7.672439;1.353151
274.731857;39.798889;14.000246;2.070722;0.056366;7.707623;1.324148
274.931808;39.701988;14.175420;2.081126;0.047594;7.741898;1.283156
275.131758;39.603512;14.349457;2.090135;0.042503;7.774967;1.231274
275.331709;39.503579;14.522618;2.098122;0.037391;7.806568;1.169609
275.531659;39.402364;14.695012;2.105084;0.032266;7.836468;1.099261
275.731609;39.300040;14.866747;2.111021;0.027133;7.864466;1.021314
275.931560;39.196783;15.037931;2.115932;0.021998;7.890390;0.936824
276.131510;39.092765;15.208673;2.119817;0.016862;7.914094;0.846818
276.331461;38.988162;15.379080;2.122675;0.011727;7.935460;0.745914
276.531411;38.883148;15.549261;2.124507;0.006595;7.954233;0.633854
276.731361;38.777896;15.719323;2.125313;0.001467;7.970151;0.510599
276.931312;38.672582;15.889376;2.125094;-0.003611;7.982950;0.376202
277.131262;38.567353;16.059519;2.124230;-0.005024;7.992367;0.230774
277.331213;38.462290;16.229778;2.123084;-0.006439;7.998138;0.074470
277.531163;38.357448;16.400169;2.121654;-0.007855;8.000000;0.000000
277.731113;38.252881;16.570712;2.119941;-0.009273;8.000000;0.000000
277.931064;38.148646;16.741425;2.117944;-0.010695;8.000000;0.000000
278.131014;38.044797;16.912325;2.115663;-0.012121;8.000000;0.000000
278.330965;37.941390;17.083431;2.113096;-0.013552;8.000000;0.000000
278.530915;37.838481;17.254761;2.110244;-0.014989;8.000000;0.000000
278.730866;37.736124;17.426333;2.107106;-0.016432;8.000000;0.000000
278.930816;37.634374;17.598167;2.103680;-0.017762;8.000000;0.000000
279.130766;37.533187;17.770381;2.100490;-0.014179;8.000000;0.000000
279.330717;37.432515;17.942832;2.098018;-0.010579;8.000000;0.000000
279.530667;37.332217;18.115482;2.096265;-0.006970;8.000000;0.000000
279.730618;37.232147;18.288291;2.095234;-0.003358;8.000000;0.000000
279.930568;37.132163;18.461219;2.094924;0.000251;8.000000;-0.070127
280.130518;37.032121;18.634228;2.095334;0.003852;7.998247;-0.374438
280.330469;36.931877;18.807277;2.096463;0.007437;7.988881;-0.699564
280.530419;36.831289;18.980328;2.098309;0.011001;7.971353;-1.013310
280.730370;36.730212;19.153341;2.100868;0.014537;7.945894;-1.317543
280.930320;36.628506;19.326272;2.104135;0.017715;7.912670;-1.614584
281.130270;36.526152;19.498987;2.107253;0.013351;7.871765;-1.907147
281.330221;36.423254;19.671565;2.109502;0.009039;7.823171;-2.198280
281.530171;36.320026;19.843981;2.110887;0.004753;7.766783;-2.491314
281.730122;36.216685;20.016215;2.111412;0.000469;7.702379;-2.789671
281.930072;36.113445;20.188242;2.111075;-0.003838;7.629616;-3.097418
282.130022;36.010522;20.360042;2.109871;-0.008194;7.548005;-3.478426
282.329973;35.908131;20.531591;2.107793;-0.012624;7.455291;-3.817855
282.529923;35.806487;20.702867;2.104830;-0.017156;7.352183;-4.118801
282.729874;35.705805;20.873847;2.100966;-0.021818;7.239301;-4.380541
282.929824;35.606303;21.044508;2.096187;-0.025784;7.117282;-4.598484
283.129774;35.508051;21.214831;2.092247;-0.014223;6.986899;-4.763514
283.329725;35.410520;21.384998;2.090616;-0.002380;6.849221;-4.860813
283.529675;35.313083;21.555184;2.091315;0.009495;6.705817;-4.868854
283.729626;35.215115;21.725563;2.094333;0.021151;6.559034;-4.762691
283.929576;35.115987;21.896309;2.099624;0.032345;6.412201;-4.656420
284.129526;35.015074;22.067598;2.107114;0.042851;6.265319;-4.535328
284.329477;34.911748;22.239602;2.116695;0.052468;6.118867;-4.397439
284.529427;34.805382;22.412497;2.128235;0.061029;5.973441;-4.249395
284.729378;34.695351;22.586456;2.141579;0.068400;5.829465;-4.100229
284.929328;34.581072;22.761586;2.156519;0.070594;5.687089;-3.958028
285.129279;34.463331;22.936977;2.165567;0.016030;5.546184;-3.828389
285.329229;34.343989;23.113444;2.163456;-0.035707;5.406402;-3.713642
285.529179;34.226079;23.290693;2.150259;-0.088915;5.267266;-3.612322
285.729130;34.112631;23.468433;2.125448;-0.147881;5.128306;-3.499183
285.929080;34.006677;23.646372;2.087885;-0.217259;4.990010;-3.329074
286.129031;33.911250;23.824219;2.035806;-0.302216;4.854781;-3.083374
286.328981;33.829380;24.001680;1.966831;-0.407951;4.726082;-2.688405
286.528931;33.764100;24.178465;1.878149;-0.537757;4.610939;-2.286959
286.728882;33.718440;24.354281;1.767046;-0.688336;4.510676;-1.901682
286.928832;33.695423;24.529020;1.631944;-0.841047;4.425575;-1.539309
287.128783;33.699826;24.728025;1.466102;-0.820136;4.355473;-1.201609
287.328733;33.736030;24.921897;1.307360;-0.786931;4.299956;-0.882080
287.528683;33.801688;25.107589;1.155619;-0.753137;4.258741;-0.574538
287.728634;33.894453;25.282053;1.009460;-0.726605;4.231681;-0.272920
287.928584;34.011977;25.442241;0.866708;-0.711231;4.218765;0.028830
288.128535;34.151916;25.585105;0.724897;-0.707714;4.220131;0.337294
288.328485;34.311921;25.707598;0.581653;-0.714128;4.236082;0.677804
288.528435;34.489646;25.806673;0.435040;-0.726085;4.267956;0.939131
288.728386;34.674649;25.876907;0.290985;-0.703354;4.311729;1.117617
288.928336;34.851096;25.918321;0.173419;-0.593463;4.363249;1.303107
289.128287;35.035870;25.940883;0.072835;-0.489128;4.422562;1.492926
289.328237;35.227540;25.946437;-0.011998;-0.398452;4.489552;1.679783
289.528187;35.424679;25.936826;-0.082951;-0.323238;4.563751;1.838188
289.728138;35.625858;25.913895;-0.141980;-0.262126;4.643589;1.950343
289.928088;35.829648;25.879486;-0.190853;-0.212626;4.726824;2.029067
290.128039;36.034621;25.835442;-0.231043;-0.172113;4.811890;2.147941
290.327989;36.239348;25.783609;-0.263712;-0.138192;4.900332;2.293398
290.527939;36.442400;25.725828;-0.289720;-0.108746;4.993033;2.443601
290.727890;36.643031;25.663724;-0.309849;-0.089713;5.089949;2.585461
290.927840;36.842604;25.597597;-0.330751;-0.109384;5.190521;2.725618
291.127791;37.037555;25.528025;-0.355526;-0.130220;5.294477;2.871404
291.327741;37.227741;25.454361;-0.384290;-0.152030;5.401829;3.029331
291.527691;37.413018;25.375954;-0.417125;-0.174496;5.512821;3.203871
291.727642;37.593245;25.292158;-0.454058;-0.197153;5.627826;3.379856
291.927592;37.768277;25.202324;-0.495044;-0.219366;5.746654;3.413512
292.127543;37.937973;25.105803;-0.539946;-0.240341;5.864222;3.168263
292.327493;38.102188;25.001947;-0.588519;-0.259154;5.971272;2.850271
292.527444;38.260780;24.890109;-0.640396;-0.274825;6.065964;2.516775
292.727394;38.413346;24.769864;-0.694644;-0.272391;6.148364;2.182825
292.927344;38.559601;24.641679;-0.743169;-0.226757;6.218946;1.861168
293.127295;38.701174;24.506058;-0.783243;-0.182380;6.278501;1.573424
293.327245;38.838951;24.364238;-0.815073;-0.139982;6.328411;1.336119
293.527196;38.973816;24.217461;-0.838923;-0.099709;6.370487;1.130034
293.727146;39.106656;24.066966;-0.855054;-0.061328;6.405857;0.928627
293.927096;39.238356;23.913992;-0.863682;-0.024384;6.434777;0.759156
294.127047;39.369802;23.759780;-0.864957;0.011689;6.458324;0.619982
294.326997;39.501880;23.605568;-0.858949;0.047482;6.477490;0.509129
294.526948;39.635475;23.452597;-0.845653;0.083544;6.493187;0.448805
294.726898;39.771537;23.302024;-0.825473;0.101702;6.506993;0.515802
294.926848;39.910439;23.154252;-0.808353;0.067056;6.522824;0.717051
295.126799;40.051002;23.008726;-0.798316;0.032087;6.544767;0.865516
295.326749;40.192106;22.864521;-0.795403;-0.003312;6.571156;0.711263
295.526700;40.332633;22.720713;-0.799675;-0.039328;6.592764;0.499042
295.726650;40.471465;22.576377;-0.811221;-0.076148;6.607882;0.237983
295.926600;40.607483;22.430588;-0.830147;-0.113871;6.615079;-0.071841
296.126551;40.739568;22.282422;-0.856562;-0.152417;6.612907;-0.405517
296.326501;40.866601;22.130954;-0.890544;-0.191407;6.600634;-0.754892
296.526452;40.987465;21.975259;-0.932096;-0.230061;6.577727;-1.111262
296.726402;41.100877;21.814671;-0.980551;-0.250962;6.543859;-1.443355
296.926352;41.206105;21.649156;-1.027770;-0.230352;6.499607;-1.724027
297.126303;41.304056;21.478498;-1.071019;-0.209178;6.446352;-1.948870
297.326253;41.395292;21.303167;-1.110267;-0.187994;6.385617;-2.114579
297.526204;41.480372;21.123633;-1.145541;-0.167198;6.319057;-2.243447
297.726154;41.559859;20.940366;-1.176915;-0.147042;6.247666;-2.364022
297.926104;41.634312;20.753835;-1.204487;-0.127658;6.171544;-2.437132
298.126055;41.704293;20.564510;-1.228365;-0.109083;6.092072;-2.350981
298.326005;41.770363;20.372861;-1.248660;-0.091280;6.014414;-2.050661
298.525956;41.833082;20.179357;-1.265475;-0.074158;5.945849;-1.747345
298.725906;41.893089;19.984220;-1.278727;-0.050685;5.886795;-1.483597
298.925857;41.951396;19.787629;-1.284767;-0.008254;5.836186;-1.260977
299.125807;42.009280;19.591247;-1.282102;0.034428;5.792823;-1.082060
299.325757;42.068306;19.396069;-1.270640;0.078317;5.755352;-0.950275
299.525708;42.130041;19.203092;-1.250160;0.124306;5.722243;-0.869575
299.725658;42.196051;19.013310;-1.220339;0.173089;5.691777;-0.807606
299.925609;42.267900;18.827721;-1.180788;0.224951;5.663335;-0.717177
300.125559;42.347155;18.647319;-1.131131;0.279465;5.637957;-0.623469
300.325509;42.435382;18.473100;-1.071119;0.335119;5.615802;-0.525960
300.525460;42.534145;18.306061;-1.000792;0.388956;5.597044;-0.427732
300.725410;42.645335;18.146756;-0.920972;0.417455;5.581743;-0.353441
300.925361;42.770271;17.995399;-0.841234;0.394996;5.569067;-0.300769
301.125311;42.907272;17.853492;-0.765442;0.373595;5.558258;-0.267785
301.325261;43.055231;17.721337;-0.693276;0.354199;5.548617;-0.211374
301.525212;43.213041;17.599235;-0.624311;0.337419;5.540994;0.078782
301.725162;43.379597;17.487487;-0.558059;0.323623;5.543836;0.396954
301.925113;43.553791;17.386392;-0.493993;0.313014;5.558135;0.754543
302.125063;43.734518;17.296253;-0.431561;0.305702;5.585213;1.135606
302.325013;43.920672;17.217370;-0.370202;0.301756;5.625721;1.149811
302.524964;44.111146;17.150043;-0.309341;0.301238;5.666440;1.105300
302.724914;44.304156;17.094728;-0.249247;0.288320;5.705310;1.029598
302.924865;44.498562;17.050902;-0.195440;0.251224;5.741280;0.920681
303.124815;44.694947;17.016853;-0.149194;0.212684;5.773255;0.770767
303.324765;44.892928;16.991119;-0.110601;0.173960;5.799888;0.570890
303.524716;45.092126;16.972244;-0.079627;0.135757;5.819536;0.327760
303.724666;45.292159;16.958766;-0.056176;0.098317;5.830787;0.072967
303.924617;45.492648;16.949227;-0.040142;0.061543;5.833289;-0.168115
304.124567;45.693210;16.942167;-0.031449;0.025101;5.827523;-0.414662
304.324517;45.893467;16.936127;-0.030077;-0.011489;5.813278;-0.658258
304.524468;46.093036;16.929647;-0.036075;-0.048777;5.790593;-0.888307
304.724418;46.291646;16.921293;-0.048577;-0.064485;5.759838;-1.092187
304.924369;46.489314;16.910504;-0.060037;-0.051165;5.721797;-1.255805
305.124319;46.686328;16.897752;-0.068771;-0.037224;5.677743;-1.365630
305.324269;46.883126;16.883563;-0.074709;-0.022934;5.629445;-1.413951
305.524220;47.080146;16.868462;-0.077819;-0.008562;5.578997;-1.456585
305.724170;47.277823;16.852973;-0.078104;0.005632;5.526547;-1.483349
305.924121;47.476595;16.837621;-0.075598;0.019401;5.472616;-1.464291
306.124071;47.676899;16.822932;-0.070370;0.032515;5.418852;-1.441257
306.324022;47.879172;16.809430;-0.062518;0.044770;5.365407;-1.427664
306.523972;48.083851;16.797641;-0.052168;0.055982;5.311937;-1.432805
306.723922;48.291161;16.788124;-0.038698;0.081585;5.257727;-1.459704
306.923873;48.500425;16.782119;-0.017194;0.124196;5.201919;-1.489853
307.123823;48.710070;16.781574;0.013613;0.170582;5.144333;-1.529689
307.323774;48.918297;16.788480;0.054531;0.223616;5.084529;-1.585105
307.523724;49.123307;16.804827;0.106748;0.286081;5.021808;-1.661729
307.723674;49.323303;16.832607;0.171784;0.360359;4.955202;-1.738854
307.923625;49.516486;16.873809;0.251352;0.447500;4.884533;-1.787708
308.123575;49.701057;16.930424;0.347064;0.545364;4.810795;-1.806342
308.323526;49.875218;17.004444;0.459875;0.645907;4.735123;-1.782225
308.523476;50.037171;17.097859;0.589237;0.733074;4.659258;-1.455142
308.723426;50.185049;17.212460;0.728917;0.721761;4.596386;-1.094914
308.923377;50.317849;17.347770;0.858000;0.639856;4.548506;-0.732903
309.123327;50.435321;17.501204;0.974372;0.566102;4.516173;-0.384243
309.323278;50.537139;17.670023;1.079821;0.505797;4.499129;-0.041966
309.523228;50.622976;17.851486;1.176573;0.460384;4.497264;0.301112
309.723178;50.692507;18.042852;1.266954;0.429536;4.510631;0.640421
309.923129;50.745406;18.241380;1.353247;0.412475;4.538932;0.970204
310.123079;50.781346;18.444331;1.437668;0.408669;4.581472;1.294522
310.323030;50.800003;18.648963;1.522408;0.418147;4.637625;1.615207
310.522980;50.801049;18.852536;1.609698;0.441616;4.706749;1.931768
310.722930;50.784172;19.052712;1.700211;0.444220;4.788111;2.241019
310.922881;50.750094;19.248354;1.785110;0.408502;4.880798;2.536549
311.122831;50.700613;19.439555;1.861461;0.363293;4.983629;2.808503
311.322782;50.637552;19.626752;1.928336;0.313222;5.095064;3.044814
311.522732;50.562736;19.810381;1.985353;0.261865;5.213186;3.236000
311.722682;50.477987;19.990879;2.032517;0.211476;5.335858;3.433212
311.922633;50.385128;20.168680;2.070047;0.163121;5.462996;3.628694
312.122583;50.285985;20.344222;2.098244;0.116971;5.594233;3.776500
312.322534;50.182379;20.517941;2.117390;0.072592;5.727624;3.864333
312.522484;50.076134;20.690273;2.127684;0.029175;5.860974;3.834820
312.722434;49.969142;20.861435;2.130706;0.011552;5.990373;3.790034
312.922385;49.862129;21.031704;2.133129;0.012543;6.115571;3.739720
313.122335;49.754953;21.201284;2.135744;0.013526;6.236644;3.692983
313.322286;49.647542;21.370220;2.138550;0.014498;6.353940;3.658922
313.522236;49.539823;21.538561;2.141543;0.015455;6.468057;3.647174
313.722187;49.431723;21.706353;2.144722;0.016393;6.579838;3.668306
313.922137;49.323171;21.873643;2.148083;0.017309;6.690383;3.697706
314.122087;49.214094;22.040479;2.151622;0.018199;6.799995;3.695160
314.322038;49.104420;22.206907;2.155336;0.019059;6.907795;3.653742
314.521988;48.994076;22.372974;2.159219;0.019887;7.012758;3.570626
314.721939;48.883036;22.538673;2.163087;0.017734;7.113836;3.445412
314.921889;48.771341;22.704084;2.166221;0.013671;7.210027;3.278688
315.121839;48.659111;22.869314;2.168548;0.009631;7.300386;3.083824
315.321790;48.546491;23.034434;2.170070;0.005607;7.384366;2.889545
315.521740;48.433626;23.199513;2.170790;0.001597;7.462198;2.695930
315.721691;48.320663;23.364623;2.170709;-0.002405;7.534089;2.503083
315.921641;48.207748;23.529835;2.169828;-0.006402;7.600229;2.311132
316.121591;48.095025;23.695219;2.168147;-0.010399;7.660790;2.120212
316.321542;47.982641;23.860845;2.165665;-0.014399;7.715930;1.930467
316.521492;47.870742;24.026785;2.162382;-0.018407;7.765795;1.742047
316.721443;47.759390;24.193198;2.158770;-0.014841;7.810520;1.555101
316.921393;47.648515;24.359959;2.156610;-0.006729;7.850230;1.369778
317.121343;47.537896;24.526823;2.156075;0.001393;7.885042;1.186227
317.321294;47.427269;24.693598;2.157168;0.009529;7.915065;1.004596
317.521244;47.316369;24.860095;2.159889;0.017684;7.940403;0.825028
317.721195;47.204931;25.026123;2.164242;0.025860;7.961151;0.647665
317.921145;47.092691;25.191492;2.170230;0.034059;7.977401;0.472644
318.121095;46.979385;25.356012;2.177854;0.042279;7.989239;0.300099
318.321046;46.864747;25.519492;2.187118;0.050514;7.996746;0.130161
318.520996;46.748514;25.681742;2.198022;0.058752;8.000000;0.000000
318.720947;46.630576;25.842417;2.209809;0.055579;8.000000;-0.163490
318.920897;46.510937;26.001691;2.219960;0.046336;7.995913;-0.402983
319.120847;46.389788;26.159910;2.228269;0.037054;7.985829;-0.629278
319.320798;46.267394;26.317333;2.234732;0.027765;7.970058;-0.841521
319.520748;46.144018;26.474219;2.239347;0.018492;7.948918;-1.056090
319.720699;46.019924;26.630825;2.242119;0.009256;7.922308;-1.305094
319.920649;45.895374;26.787408;2.243051;0.000073;7.889300;-1.615104
320.120600;45.770632;26.944229;2.242151;-0.009039;7.848259;-1.953913
320.320550;45.645963;27.101543;2.239429;-0.018068;7.798320;-2.262991
320.520500;45.521628;27.259609;2.234895;-0.026995;7.740079;-2.548446
320.720451;45.397892;27.418624;2.229420;-0.023144;7.673963;-2.817289
320.920401;45.274726;27.578431;2.225765;-0.013104;7.600202;-3.077240
321.120352;45.151936;27.738624;2.224126;-0.003142;7.518808;-3.336537
321.320302;45.029338;27.898778;2.224498;0.006843;7.429549;-3.599195
321.520252;44.906746;28.058468;2.226890;0.016952;7.332044;-3.870273
321.720203;44.783974;28.217267;2.231324;0.027285;7.225728;-4.146203
321.920153;44.660837;28.374752;2.237838;0.037950;7.110069;-4.419418
322.120104;44.537149;28.530496;2.246480;0.049052;6.984679;-4.684996
322.320054;44.412725;28.684074;2.257316;0.060700;6.849249;-4.936430
322.520004;44.287380;28.835060;2.270421;0.073004;6.703591;-5.164177
322.719955;44.160950;28.983121;2.284155;0.059456;6.547746;-5.353123
322.919905;44.033545;29.128899;2.293031;0.032012;6.382183;-5.477883
323.119856;43.905446;29.273657;2.296499;0.003835;6.208192;-5.494283
323.319806;43.776934;29.418664;2.294524;-0.024070;6.028638;-5.334069
323.519756;43.648289;29.565192;2.287200;-0.050730;5.849049;-5.173761
323.719707;43.519794;29.714513;2.274744;-0.075248;5.669426;-4.942839
323.919657;43.391729;29.867897;2.257491;-0.096840;5.492335;-4.597324
324.119608;43.264375;30.026615;2.235877;-0.114880;5.322337;-4.211592
324.319558;43.138015;30.191939;2.210432;-0.128933;5.161691;-3.822861
324.519508;43.012929;30.365140;2.181752;-0.138787;5.011415;-3.472832
324.719459;42.888824;30.548411;2.149807;-0.152179;4.870882;-3.161258
324.919409;42.768499;30.739915;2.112835;-0.176457;4.739336;-2.786975
325.119360;42.655825;30.936335;2.069000;-0.213164;4.620259;-2.403113
325.319310;42.554342;31.134830;2.015803;-0.267885;4.515062;-2.057263
325.519260;42.467591;31.332556;1.949748;-0.350024;4.423018;-1.744339
325.719211;42.399114;31.526672;1.865849;-0.474865;4.343446;-1.450827
325.919161;42.352452;31.714334;1.757040;-0.665355;4.276136;-1.155928
326.119112;42.331146;31.892700;1.613875;-0.947930;4.221739;-0.842512
326.319062;42.338738;32.058927;1.425968;-1.323490;4.181645;-0.524291
326.519012;42.378768;32.210172;1.188437;-1.689682;4.156500;-0.228188
326.718963;42.455082;32.345217;0.929779;-1.524859;4.145508;0.052978
326.918913;42.565694;32.463053;0.715070;-1.127552;4.148063;0.326396
327.118864;42.705962;32.564930;0.551308;-0.780184;4.163767;0.599479
327.318814;42.871391;32.652500;0.430077;-0.533468;4.192456;0.880112
327.518765;43.057483;32.727415;0.340850;-0.368766;4.234223;1.174272
327.718715;43.259743;32.791328;0.275163;-0.258431;4.289316;1.489154
327.918665;43.473673;32.845890;0.227093;-0.181662;4.358182;1.827558
328.118616;43.694777;32.892752;0.192761;-0.124690;4.441237;2.190004
328.318566;43.918559;32.933568;0.169811;-0.078182;4.538764;2.578548
328.518517;44.140478;32.969981;0.157078;-0.035323;4.650972;2.994025
328.718467;44.353075;33.002821;0.149414;-0.035839;4.777955;3.434464
328.918417;44.560424;33.033238;0.141900;-0.035763;4.919583;3.891981
329.118368;44.763304;33.061467;0.134638;-0.035026;5.075303;4.346500
329.318318;44.962495;33.087744;0.127733;-0.033587;5.243746;4.753416
329.518269;45.158778;33.112304;0.121290;-0.031440;5.421971;4.950481
329.718219;45.352931;33.135380;0.115407;-0.028622;5.601559;5.112794
329.918169;45.545735;33.157209;0.110176;-0.025208;5.781183;5.198664
330.118120;45.737969;33.178024;0.105671;-0.021313;5.958274;5.137998
330.318070;45.930413;33.198061;0.101953;-0.017078;6.128272;4.988173
330.518021;46.123847;33.217554;0.099061;-0.012735;6.288918;4.782983
330.717971;46.318865;33.236710;0.096858;-0.009779;6.439193;4.575102
330.917921;46.515379;33.255631;0.095207;-0.006971;6.579726;4.372042
331.117872;46.713167;33.274398;0.094091;-0.004279;6.711273;4.171907
331.317822;46.912004;33.293094;0.093498;-0.001675;6.834437;3.973593
331.517773;47.111668;33.311801;0.093418;0.000869;6.949718;3.776453
331.717723;47.311937;33.330599;0.093846;0.003379;7.057534;3.580121
331.917673;47.512586;33.349570;0.094779;0.005878;7.158245;3.384412
332.117624;47.713393;33.368797;0.096218;0.008391;7.252165;3.189254
332.317574;47.914135;33.388360;0.098166;0.010942;7.339570;2.994653
332.517525;48.114583;33.408342;0.100630;0.013308;7.420704;2.800670
332.717475;48.314517;33.428799;0.103296;0.013217;7.495788;2.607395
332.917425;48.514020;33.449747;0.105937;0.013110;7.565021;2.414945
333.117376;48.713146;33.471185;0.108550;0.012988;7.628583;2.223451
333.317326;48.911948;33.493110;0.111135;0.012851;7.686640;2.033054
333.517277;49.110481;33.515522;0.113687;0.012699;7.739345;1.843901
333.717227;49.308799;33.538420;0.116206;0.012532;7.786837;1.656139
333.917177;49.506956;33.561801;0.118689;0.012352;7.829248;1.469921
334.117128;49.705006;33.585665;0.121134;0.012157;7.866699;1.285394
334.317078;49.903004;33.610009;0.123538;0.011949;7.899303;1.102708
334.517029;50.101005;33.634834;0.125899;0.011589;7.927166;0.922007
334.716979;50.299054;33.660124;0.128081;0.010267;7.950388;0.743434
334.916930;50.497146;33.685834;0.130000;0.008950;7.969063;0.567130
335.116880;50.695278;33.711908;0.131658;0.007637;7.983280;0.393229
335.316830;50.893443;33.738295;0.133054;0.006329;7.993123;0.221865
335.516781;51.091638;33.764941;0.134189;0.005025;7.998671;0.053167
335.716731;51.289857;33.791794;0.135064;0.003723;8.000000;0.000000
335.916682;51.488097;33.818799;0.135678;0.002423;8.000000;0.000000
336.116632;51.686351;33.845904;0.136033;0.001125;8.000000;0.000000
336.316582;51.884615;33.873057;0.136129;-0.000172;8.000000;0.000000
336.516533;52.082867;33.900200;0.135967;-0.001332;8.000000;0.000000
336.716483;52.281032;33.927281;0.135654;-0.001794;8.000000;0.000000
336.916434;52.479199;33.954290;0.135249;-0.002255;8.000000;0.000000
337.116384;52.677368;33.981208;0.134752;-0.002717;8.000000;0.000000
337.316334;52.875539;34.008017;0.134163;-0.003178;8.000000;0.000000
337.516285;53.073714;34.034699;0.133481;-0.003640;8.000000;0.000000
337.716235;53.271893;34.061233;0.132707;-0.004103;8.000000;0.000000
337.916186;53.470076;34.087603;0.131840;-0.004566;8.000000;0.000000
338.116136;53.668264;34.113790;0.130881;-0.005029;8.000000;0.000000
338.316086;53.866457;34.139774;0.129830;-0.005492;8.000000;0.000000
338.516037;54.064684;34.165542;0.128693;-0.005580;8.000000;0.000000
338.715987;54.263036;34.191108;0.127723;-0.004117;8.000000;0.000000
338.915938;54.461390;34.216508;0.127046;-0.002653;8.000000;0.000000
339.115888;54.659741;34.241800;0.126662;-0.001188;8.000000;0.000000
339.315838;54.858086;34.267044;0.126571;0.000277;8.000000;0.000000
339.515789;55.056421;34.292298;0.126773;0.001743;8.000000;0.000000
339.715739;55.254743;34.317620;0.127268;0.003209;8.000000;0.000000
339.915690;55.453048;34.343070;0.128056;0.004675;8.000000;0.000000
340.115640;55.651331;34.368705;0.129137;0.006140;8.000000;0.000000
340.315590;55.849590;34.394585;0.130511;0.007604;8.000000;0.000000
340.515541;56.047820;34.420766;0.132149;0.007830;8.000000;0.000000
340.715491;56.246021;34.447244;0.133333;0.004007;8.000000;0.000000
340.915442;56.444210;34.473882;0.133752;0.000186;8.000000;0.000000
341.115392;56.642402;34.500528;0.133407;-0.003635;8.000000;0.000000
341.315343;56.840611;34.527029;0.132298;-0.007456;8.000000;0.000000
341.515293;57.038854;34.553235;0.130425;-0.011279;8.000000;0.000000
341.715243;57.237144;34.578991;0.127787;-0.015103;8.000000;0.000000
341.915194;57.435498;34.604147;0.124385;-0.018930;8.000000;0.000000
342.115144;57.633931;34.628550;0.120218;-0.022758;8.000000;0.000000
342.315095;57.832458;34.652049;0.115285;-0.026589;8.000000;0.000000
342.515045;58.031100;34.674492;0.109650;-0.028109;8.000000;0.000000
342.714995;58.229872;34.695841;0.104494;-0.023472;8.000000;0.000000
342.914946;58.428742;34.716257;0.100266;-0.018832;8.000000;0.000000
343.114896;58.627694;34.735925;0.096965;-0.014191;8.000000;0.000000
343.314847;58.826710;34.755030;0.094591;-0.009551;8.000000;0.000000
343.514797;59.025774;34.773755;0.093145;-0.004912;8.000000;0.000000
343.714747;59.224869;34.792286;0.092627;-0.000275;8.000000;0.000000
343.914698;59.423977;34.810807;0.093035;0.004361;8.000000;0.000000
344.114648;59.623082;34.829503;0.094371;0.008996;8.000000;0.000000
344.314599;59.822166;34.848559;0.096633;0.013628;8.000000;0.000000
344.514549;60.021188;34.868155;0.099767;0.016510;8.000000;0.000000
344.714499;60.220106;34.888391;0.102972;0.015550;8.000000;0.000000
344.914450;60.418973;34.909248;0.105986;0.014592;8.000000;0.000000
345.114400;60.617788;34.930686;0.108808;0.013636;8.000000;0.000000
345.314351;60.816547;34.952666;0.111439;0.012681;8.000000;0.000000
345.514301;61.015250;34.975150;0.113880;0.011727;8.000000;0.000000
345.714251;61.213894;34.998100;0.116129;0.010774;8.000000;0.000000
345.914202;61.412479;35.021476;0.118188;0.009823;8.000000;0.000000
346.114152;61.611002;35.045240;0.120057;0.008872;8.000000;0.000000
346.314103;61.809461;35.069354;0.121736;0.007921;8.000000;0.000000
346.514053;62.007879;35.093782;0.123225;0.006980;8.000000;0.000000
346.714003;62.206280;35.118488;0.124528;0.006055;8.000000;0.000000
346.913954;62.404632;35.143433;0.125646;0.005128;8.000000;0.000000
347.113904;62.602950;35.168580;0.126578;0.004200;8.000000;0.000000
347.313855;62.801245;35.193893;0.127325;0.003271;8.000000;0.000000
347.513805;62.999532;35.219337;0.127886;0.002342;8.000000;0.000000
347.713755;63.197824;35.244876;0.128261;0.001412;8.000000;0.000000
347.913706;63.396135;35.270474;0.128451;0.000484;8.000000;0.000000
348.113656;63.594476;35.296095;0.128454;-0.000445;8.000000;0.000000
348.313607;63.792863;35.321705;0.128273;-0.001372;8.000000;0.000000
348.513557;63.991199;35.347253;0.127937;-0.001508;8.000000;0.000000
348.713508;64.189423;35.372730;0.127746;-0.000403;8.000000;0.000000
348.913458;64.387694;35.398196;0.127775;0.000701;8.000000;0.000000
349.113408;64.585997;35.423695;0.128026;0.001805;8.000000;0.000000
349.313359;64.784319;35.449268;0.128497;0.002907;8.000000;0.000000
349.513309;64.982645;35.474960;0.129189;0.004010;8.000000;0.000000
349.713260;65.180961;35.500812;0.130101;0.005113;8.000000;0.000000
349.913210;65.379254;35.526867;0.131234;0.006217;8.000000;0.000000
350.113160;65.577508;35.553168;0.132588;0.007322;8.000000;0.000000
350.313111;65.775710;35.579758;0.134163;0.008429;8.000000;0.000000
350.513061;65.973857;35.606679;0.135950;0.009319;8.000000;0.000000
350.713012;66.171944;35.633968;0.137871;0.009899;8.000000;0.000000
350.912962;66.369960;35.661647;0.139908;0.010477;8.000000;0.000000
351.112912;66.567906;35.689739;0.142061;0.011055;8.000000;0.000000
351.312863;66.765783;35.718267;0.144329;0.011632;8.000000;0.000000
351.512813;66.963594;35.747256;0.146712;0.012207;8.000000;0.000000
351.712764;67.161341;35.776728;0.149210;0.012781;8.000000;0.000000
351.912714;67.359025;35.806707;0.151823;0.013353;8.000000;0.000000
352.112664;67.556648;35.837218;0.154550;0.013923;8.000000;0.000000
352.312615;67.754212;35.868282;0.157391;0.014490;8.000000;0.000000
352.512565;67.951679;35.899915;0.160237;0.012590;8.000000;0.000000
352.712516;68.149048;35.932035;0.162251;0.007558;8.000000;0.000000
352.912466;68.346391;35.964457;0.163260;0.002530;8.000000;0.000000
353.112416;68.543730;35.996982;0.163263;-0.002496;8.000000;0.000000
353.312367;68.741085;36.029407;0.162261;-0.007522;8.000000;0.000000
353.512317;68.938479;36.061534;0.160254;-0.012551;8.000000;0.000000
353.712268;69.135931;36.093162;0.157241;-0.017585;8.000000;0.000000
353.912218;69.333464;36.124091;0.153221;-0.022626;8.000000;0.000000
354.112168;69.531098;36.154121;0.148194;-0.027675;8.000000;0.000000
354.312119;69.728855;36.183051;0.142158;-0.032731;8.000000;0.000000
354.512069;69.926829;36.210699;0.135386;-0.031798;8.000000;0.000000
354.712020;70.125026;36.237109;0.129820;-0.023874;8.000000;0.000000
354.911970;70.323329;36.262571;0.125840;-0.015941;8.000000;0.000000
355.111921;70.521704;36.287399;0.123446;-0.008004;8.000000;0.000000
355.311871;70.720116;36.311909;0.122639;-0.000065;8.000000;0.000000
355.511821;70.918530;36.336418;0.123420;0.007873;8.000000;0.000000
355.711772;71.116914;36.361239;0.125787;0.015809;8.000000;0.000000
355.911722;71.315232;36.386689;0.129741;0.023739;8.000000;0.000000
356.111673;71.513451;36.413083;0.135280;0.031660;8.000000;0.000000
356.311623;71.711536;36.440737;0.142403;0.039563;8.000000;0.000000
356.511573;71.909266;36.469927;0.150774;0.040836;8.000000;0.000000
356.711524;72.106628;36.500699;0.158376;0.035287;8.000000;0.000000
356.911474;72.303841;36.532872;0.164874;0.029751;8.000000;0.000000
357.111425;72.500928;36.566230;0.170269;0.024229;8.000000;0.000000
357.311375;72.697911;36.600552;0.174563;0.018720;8.000000;0.000000
357.511325;72.894815;36.635620;0.177757;0.013224;8.000000;0.000000
357.711276;73.091661;36.671216;0.179853;0.007736;8.000000;0.000000
357.911226;73.288474;36.707120;0.180852;0.002253;8.000000;0.000000
358.111177;73.485277;36.743115;0.180755;-0.003228;8.000000;0.000000
358.311127;73.682094;36.778980;0.179561;-0.008711;8.000000;0.000000
358.511077;73.878950;36.814504;0.177443;-0.010745;8.000000;0.000000
358.711028;74.075856;36.849606;0.175433;-0.009356;8.000000;0.000000
358.910978;74.272801;36.884335;0.173701;-0.007966;8.000000;0.000000
359.110929;74.469780;36.918746;0.172247;-0.006574;8.000000;0.000000
359.310879;74.666788;36.952896;0.171072;-0.005181;8.000000;0.000000
359.510829;74.863819;36.986839;0.170175;-0.003787;8.000000;0.000000
359.710780;75.060867;37.020632;0.169557;-0.002393;8.000000;0.000000
359.910730;75.257927;37.054330;0.169219;-0.000998;8.000000;0.000000
360.110681;75.454993;37.087988;0.169159;0.000397;8.000000;0.000000
360.310631;75.652060;37.121663;0.169377;0.001792;8.000000;0.000000
360.510581;75.849122;37.155408;0.169836;0.002424;8.000000;0.000000
360.710532;76.046177;37.189249;0.170312;0.002335;8.000000;0.000000
360.910482;76.243222;37.223183;0.170769;0.002245;8.000000;0.000000
361.110433;76.440257;37.257207;0.171209;0.002156;8.000000;0.000000
361.310383;76.637282;37.291316;0.171632;0.002066;8.000000;0.000000
361.510333;76.834294;37.325507;0.172036;0.001977;8.000000;0.000000
361.710284;77.031293;37.359775;0.172422;0.001888;8.000000;0.000000
361.910234;77.228278;37.394118;0.172791;0.001799;8.000000;0.000000
362.110185;77.425248;37.428532;0.173142;0.001710;8.000000;0.000000
362.310135;77.622201;37.463012;0.173475;0.001621;8.000000;0.000000
362.510086;77.819138;37.497553;0.173764;0.001035;8.000000;0.000000
362.710036;78.016063;37.532134;0.173867;-0.000003;8.000000;0.000000
362.909986;78.212984;37.566715;0.173763;-0.001040;8.000000;0.000000
363.109937;78.409912;37.601254;0.173451;-0.002077;8.000000;0.000000
363.309887;78.606856;37.635711;0.172932;-0.003115;8.000000;0.000000
363.509838;78.803826;37.670047;0.172206;-0.004151;8.000000;0.000000
363.709788;79.000830;37.704221;0.171272;-0.005188;8.000000;0.000000
363.909738;79.197880;37.738191;0.170131;-0.006224;8.000000;0.000000
364.109689;79.394983;37.771919;0.168783;-0.007259;8.000000;0.000000
364.309639;79.592151;37.805363;0.167228;-0.008294;8.000000;0.000000
364.509590;79.789387;37.838487;0.165616;-0.006510;8.000000;0.000000
364.709540;79.986678;37.871361;0.164737;-0.002283;8.000000;0.000000
364.909490;80.183990;37.904145;0.164703;0.001943;8.000000;0.000000
365.109441;80.381285;37.937005;0.165514;0.006170;8.000000;0.000000
365.309391;80.578527;37.970106;0.167171;0.010399;8.000000;0.000000
365.509342;80.775679;38.003614;0.169674;0.014632;8.000000;0.000000
365.709292;80.972703;38.037694;0.173023;0.018870;8.000000;0.000000
365.909242;81.169562;38.072511;0.177220;0.023114;8.000000;0.000000
366.109193;81.366220;38.108230;0.182264;0.027365;8.000000;0.000000
366.309143;81.562638;38.145016;0.188158;0.031621;8.000000;0.000000
366.509094;81.758894;38.183045;0.194585;0.030025;8.000000;0.000000
366.709044;81.954979;38.222257;0.199943;0.023556;8.000000;0.000000
366.908994;82.150860;38.262389;0.204005;0.017080;8.000000;0.000000
367.108945;82.346591;38.303187;0.206772;0.010599;8.000000;0.000000
367.308895;82.542231;38.344399;0.208244;0.004117;8.000000;0.000000
367.508846;82.737835;38.385772;0.208419;-0.002365;8.000000;0.000000
367.708796;82.933461;38.427052;0.207298;-0.008848;8.000000;0.000000
367.908746;83.129166;38.467988;0.204881;-0.015328;8.000000;0.000000
368.108697;83.325006;38.508325;0.201168;-0.021805;8.000000;0.000000
368.308647;83.521038;38.547813;0.196161;-0.028275;8.000000;0.000000
368.508598;83.717239;38.586197;0.190277;-0.027411;8.000000;0.000000
368.708548;83.913622;38.623508;0.185443;-0.020958;8.000000;0.000000
368.908498;84.110192;38.660002;0.181898;-0.014512;8.000000;0.000000
369.108449;84.306893;38.695930;0.179640;-0.008073;8.000000;0.000000
369.308399;84.503671;38.731544;0.178669;-0.001638;8.000000;0.000000
369.508350;84.700471;38.767095;0.178985;0.004795;8.000000;0.000000
369.708300;84.897237;38.802835;0.180587;0.011229;8.000000;0.000000
369.908251;85.093914;38.839016;0.183476;0.017665;8.000000;0.000000
370.108201;85.290447;38.875888;0.187652;0.024107;8.000000;0.000000
370.308151;85.486782;38.913703;0.193117;0.030553;8.000000;0.000000
370.508102;85.682930;38.952713;0.199508;0.030746;8.000000;0.000000
370.708052;85.878867;38.992929;0.205226;0.026429;8.000000;0.000000
370.908003;86.074576;39.034178;0.210080;0.022111;8.000000;0.000000
371.107953;86.270090;39.076289;0.214071;0.017792;8.000000;0.000000
371.307903;86.465439;39.119093;0.217197;0.013473;8.000000;0.000000
371.507854;86.660656;39.162419;0.219459;0.009153;8.000000;0.000000
371.707804;86.855771;39.206098;0.220857;0.004832;8.000000;0.000000
371.907755;87.050816;39.249959;0.221391;0.000509;8.000000;0.000000
372.107705;87.245823;39.293832;0.221061;-0.003818;8.000000;0.000000
372.307655;87.440824;39.337548;0.219865;-0.008151;8.000000;0.000000
372.507606;87.636054;39.380989;0.218009;-0.009020;8.000000;0.000000
372.707556;87.831451;39.424100;0.216348;-0.007586;8.000000;0.000000
372.907507;88.026870;39.466905;0.214974;-0.006151;8.000000;0.000000
373.107457;88.222301;39.509461;0.213887;-0.004713;8.000000;0.000000
373.307407;88.417734;39.551825;0.213089;-0.003274;8.000000;0.000000
373.507358;88.613160;39.594052;0.212578;-0.001834;8.000000;0.000000
373.707308;88.808568;39.636202;0.212356;-0.000392;8.000000;0.000000
373.907259;89.003949;39.678329;0.212422;0.001051;8.000000;0.000000
374.107209;89.199293;39.720491;0.212776;0.002495;8.000000;0.000000
374.307159;89.394589;39.762745;0.213419;0.003940;8.000000;0.000000
374.507110;89.589876;39.805152;0.214220;0.003334;8.000000;0.000000
374.707060;89.785147;39.847691;0.214710;0.001566;8.000000;0.000000
374.907011;89.980400;39.890290;0.214846;-0.000204;8.000000;0.000000
375.106961;90.175663;39.932882;0.214628;-0.001973;8.000000;0.000000
375.306911;90.370962;39.975403;0.214057;-0.003740;8.000000;0.000000
375.506862;90.566325;40.017783;0.213133;-0.005505;8.000000;0.000000
375.706812;90.761777;40.059959;0.211856;-0.007267;8.000000;0.000000
375.906763;90.957345;40.101862;0.210227;-0.009025;8.000000;0.000000
376.106713;91.153057;40.143426;0.208246;-0.010777;8.000000;0.000000
376.306664;91.348938;40.184584;0.205913;-0.012523;8.000000;0.000000
376.506614;91.544721;40.225228;0.203596;-0.008951;8.000000;0.000000
376.706564;91.740523;40.265511;0.202413;-0.002884;8.000000;0.000000
376.906515;91.936411;40.305694;0.202442;0.003172;8.000000;0.000000
377.106465;92.132312;40.346009;0.203682;0.009223;8.000000;0.000000
377.306416;92.328157;40.386690;0.206132;0.015276;8.000000;0.000000
377.506366;92.523873;40.427968;0.209793;0.021335;8.000000;0.000000
377.706316;92.719392;40.470077;0.214667;0.027405;8.000000;0.000000
377.906267;92.914641;40.513249;0.220755;0.033489;8.000000;0.000000
378.106217;93.109550;40.557716;0.228060;0.039588;8.000000;0.000000
378.306168;93.304047;40.603712;0.236583;0.045700;8.000000;0.000000
378.506118;93.498229;40.651477;0.245629;0.041738;8.000000;0.000000
378.706068;93.692035;40.700866;0.253144;0.033409;8.000000;0.000000
378.906019;93.885485;40.751543;0.258991;0.025069;8.000000;0.000000
379.105969;94.078664;40.803185;0.263170;0.016722;8.000000;0.000000
379.305920;94.271659;40.855470;0.265679;0.008373;8.000000;0.000000
379.505870;94.464558;40.908076;0.266518;0.000022;8.000000;0.000000
379.705820;94.657447;40.960679;0.265687;-0.008331;8.000000;0.000000
379.905771;94.850412;41.012959;0.263186;-0.016687;8.000000;0.000000
380.105721;95.043541;41.064592;0.259015;-0.025044;8.000000;0.000000
380.305672;95.236920;41.115256;0.253173;-0.033400;8.000000;0.000000
380.505622;95.430638;41.164664;0.246371;-0.032017;8.000000;0.000000
380.705572;95.624684;41.212837;0.240469;-0.027024;8.000000;0.000000
380.905523;95.818999;41.259964;0.235565;-0.022033;8.000000;0.000000
381.105473;96.013532;41.306237;0.231658;-0.017045;8.000000;0.000000
381.305424;96.208231;41.351849;0.228748;-0.012059;8.000000;0.000000
381.505374;96.403043;41.396992;0.226834;-0.007076;8.000000;0.000000
381.705324;96.597916;41.441859;0.225918;-0.002093;8.000000;0.000000
381.905275;96.792798;41.486642;0.225997;0.002891;8.000000;0.000000
382.105225;96.987637;41.531534;0.227074;0.007877;8.000000;0.000000
382.305176;97.182380;41.576727;0.229147;0.012868;8.000000;0.000000
382.505126;97.377050;41.622412;0.231856;0.013084;8.000000;0.000000
382.705076;97.571596;41.668604;0.234344;0.011799;8.000000;0.000000
382.905027;97.766014;41.715251;0.236574;0.010511;8.000000;0.000000
383.104977;97.960323;41.762304;0.238547;0.009222;8.000000;0.000000
383.304928;98.154540;41.809714;0.240261;0.007931;8.000000;0.000000
383.504878;98.348686;41.857433;0.241718;0.006639;8.000000;0.000000
383.704829;98.542777;41.905412;0.242916;0.005347;8.000000;0.000000
383.904779;98.736833;41.953602;0.243856;0.004054;8.000000;0.000000
384.104729;98.930872;42.001955;0.244537;0.002762;8.000000;0.000000
384.304680;99.124913;42.050422;0.244960;0.001470;8.000000;0.000000
384.504630;99.318872;42.098938;0.245286;0.002202;8.000000;0.000000
384.704581;99.512813;42.147541;0.245851;0.003448;8.000000;0.000000
384.904531;99.706743;42.196282;0.246665;0.004693;8.000000;0.000000
385.104481;99.900640;42.245210;0.247728;0.005939;8.000000;0.000000
385.304432;100.094485;42.294369;0.249040;0.007185;8.000000;0.000000
385.504382;100.288258;42.343806;0.250602;0.008432;8.000000;0.000000
385.704333;100.481938;42.393567;0.252413;0.009681;8.000000;0.000000
385.904283;100.675507;42.443700;0.254474;0.010932;8.000000;0.000000
386.104233;100.868943;42.494249;0.256785;0.012186;8.000000;0.000000
386.304184;101.062226;42.545262;0.259346;0.013441;8.000000;0.000000
386.504134;101.255443;42.596794;0.261809;0.010465;8.000000;0.000000
386.704085;101.448545;42.648727;0.263516;0.006603;8.000000;0.000000
386.904035;101.641556;42.700910;0.264450;0.002738;8.000000;0.000000
387.103985;101.834525;42.753194;0.264611;-0.001129;8.000000;0.000000
387.303936;102.027498;42.805433;0.263998;-0.004996;8.000000;0.000000
387.503886;102.220524;42.857479;0.262613;-0.008863;8.000000;0.000000
387.703837;102.413648;42.909185;0.260455;-0.012727;8.000000;0.000000
387.903787;102.606919;42.960404;0.257524;-0.016588;8.000000;0.000000
388.103737;102.800384;43.010987;0.253821;-0.020443;8.000000;0.000000
388.303688;102.994089;43.060789;0.249348;-0.024290;8.000000;0.000000
388.503638;103.187810;43.109633;0.244785;-0.020325;8.000000;0.000000
388.703589;103.381738;43.157692;0.241243;-0.015137;8.000000;0.000000
388.903539;103.575860;43.205177;0.238735;-0.009957;8.000000;0.000000
389.103489;103.770124;43.252287;0.237262;-0.004784;8.000000;0.000000
389.303440;103.964478;43.299222;0.236822;0.000383;8.000000;0.000000
389.503390;104.158867;43.346182;0.237415;0.005544;8.000000;0.000000
389.703341;104.353239;43.393365;0.239040;0.010702;8.000000;0.000000
389.903291;104.547541;43.440972;0.241696;0.015856;8.000000;0.000000
390.103241;104.741720;43.489202;0.245384;0.021006;8.000000;0.000000
390.303192;104.935724;43.538256;0.250103;0.026153;8.000000;0.000000
390.503142;105.129340;43.588251;0.255208;0.024079;8.000000;0.000000
390.703093;105.322717;43.639180;0.259722;0.021069;8.000000;0.000000
390.903043;105.515896;43.690928;0.263635;0.018065;8.000000;0.000000
391.102994;105.708898;43.743376;0.266948;0.015065;8.000000;0.000000
391.302944;105.901742;43.796405;0.269662;0.012069;8.000000;0.000000
391.502894;106.094448;43.849898;0.271776;0.009074;8.000000;0.000000
391.702845;106.287034;43.903734;0.273291;0.006080;8.000000;0.000000
391.902795;106.479522;43.957794;0.274207;0.003085;8.000000;0.000000
392.102746;106.671929;44.011960;0.274525;0.000088;8.000000;0.000000
392.302696;106.864277;44.066114;0.274242;-0.002914;8.000000;0.000000
392.502646;107.056986;44.120274;0.273788;-0.001122;8.000000;0.000000
392.702597;107.249685;44.174384;0.273799;0.001232;8.000000;0.000000
392.902547;107.442305;44.228524;0.274281;0.003591;8.000000;0.000000
393.102498;107.634824;44.282785;0.275236;0.005952;8.000000;0.000000
393.302448;107.827222;44.337258;0.276662;0.008317;8.000000;0.000000
393.502398;108.019477;44.392037;0.278562;0.010684;8.000000;0.000000
393.702349;108.211568;44.447213;0.280934;0.013053;8.000000;0.000000
393.902299;108.403473;44.502878;0.283778;0.015423;8.000000;0.000000
394.102250;108.595171;44.559124;0.287096;0.017793;8.000000;0.000000
394.302200;108.786641;44.616042;0.290887;0.020161;8.000000;0.000000
394.502150;108.977977;44.673721;0.294536;0.015895;8.000000;0.000000
394.702101;109.169131;44.732008;0.297236;0.011127;8.000000;0.000000
394.902051;109.360160;44.790721;0.298984;0.006358;8.000000;0.000000
395.102002;109.551129;44.849682;0.299778;0.001589;8.000000;0.000000
395.301952;109.742103;44.908711;0.299619;-0.003178;8.000000;0.000000
395.501902;109.933149;44.967629;0.298507;-0.007939;8.000000;0.000000
395.701853;110.124332;45.026257;0.296444;-0.012694;8.000000;0.000000
395.901803;110.315717;45.084416;0.293430;-0.017439;8.000000;0.000000
396.101754;110.507370;45.141926;0.289467;-0.022171;8.000000;0.000000
396.301704;110.699356;45.198610;0.284557;-0.026887;8.000000;0.000000
396.501654;110.891215;45.254204;0.279725;-0.021188;8.000000;0.000000
396.701605;111.083379;45.309006;0.276090;-0.015193;8.000000;0.000000
396.901555;111.275782;45.363244;0.273651;-0.009214;8.000000;0.000000
397.101506;111.468341;45.417144;0.272405;-0.003247;8.000000;0.000000
397.301456;111.660977;45.470931;0.272352;0.002712;8.000000;0.000000
397.501407;111.853607;45.524829;0.273490;0.008669;8.000000;0.000000
397.701357;112.046151;45.579062;0.275820;0.014627;8.000000;0.000000
397.901307;112.238527;45.633857;0.279343;0.020592;8.000000;0.000000
398.101258;112.430654;45.689437;0.284058;0.026565;8.000000;0.000000
398.301208;112.622451;45.746027;0.289968;0.032548;8.000000;0.000000
398.501159;112.813993;45.803816;0.295837;0.025920;8.000000;0.000000
398.701109;113.005203;45.862588;0.300338;0.019080;8.000000;0.000000
398.901059;113.196162;45.922081;0.303470;0.012234;8.000000;0.000000
399.101010;113.386951;45.982033;0.305232;0.005383;8.000000;0.000000
399.300960;113.577652;46.042184;0.305623;-0.001471;8.000000;0.000000
399.500911;113.768345;46.102270;0.304643;-0.008330;8.000000;0.000000
399.700861;113.959113;46.162031;0.302292;-0.015194;8.000000;0.000000
399.900811;114.150037;46.221205;0.298569;-0.022062;8.000000;0.000000
400.100762;114.341198;46.279530;0.293473;-0.028931;8.000000;0.000000
400.300712;114.532678;46.336743;0.287005;-0.035734;8.000000;0.000000
400.500663;114.724601;46.392698;0.280617;-0.028167;8.000000;0.000000
400.700613;114.916841;46.447573;0.275743;-0.020598;8.000000;0.000000
400.900563;115.109315;46.501658;0.272381;-0.013029;8.000000;0.000000
401.100514;115.301940;46.555245;0.270533;-0.005463;8.000000;0.000000
401.300464;115.494632;46.608624;0.270197;0.002101;8.000000;0.000000
401.500415;115.687309;46.662085;0.271373;0.009664;8.000000;0.000000
401.700365;115.879888;46.715921;0.274062;0.017226;8.000000;0.000000
401.900315;116.072286;46.770421;0.278262;0.024787;8.000000;0.000000
402.100266;116.264419;46.825876;0.283975;0.032344;8.000000;0.000000
402.300216;116.456201;46.882576;0.291197;0.039532;8.000000;0.000000
402.500167;116.647433;46.940681;0.298593;0.034472;8.000000;0.000000
402.700117;116.838291;47.000111;0.304978;0.029416;8.000000;0.000000
402.900067;117.028827;47.060673;0.310354;0.024367;8.000000;0.000000
403.100018;117.219093;47.122171;0.314722;0.019324;8.000000;0.000000
403.299968;117.409141;47.184411;0.318083;0.014287;8.000000;0.000000
403.499919;117.599023;47.247197;0.320437;0.009254;8.000000;0.000000
403.699869;117.788792;47.310336;0.321785;0.004225;8.000000;0.000000
403.899819;117.978498;47.373633;0.322127;-0.000805;8.000000;0.000000
404.099770;118.168195;47.436892;0.321463;-0.005838;8.000000;0.000000
404.299720;118.357936;47.499920;0.319793;-0.010589;8.000000;0.000000
404.499671;118.547813;47.562586;0.317811;-0.009235;8.000000;0.000000
404.699621;118.737777;47.624892;0.316100;-0.007877;8.000000;0.000000
404.899572;118.927819;47.686893;0.314662;-0.006517;8.000000;0.000000
405.099522;119.117936;47.748643;0.313495;-0.005155;8.000000;0.000000
405.299472;119.308119;47.810200;0.312601;-0.003792;8.000000;0.000000
405.499423;119.498365;47.871616;0.311979;-0.002428;8.000000;0.000000
405.699373;119.688666;47.932949;0.311630;-0.001065;8.000000;0.000000
405.899324;119.879016;47.994253;0.311553;0.000297;8.000000;0.000000
406.099274;120.069411;48.055583;0.311748;0.001657;8.000000;0.000000
406.299224;120.259841;48.116995;0.312215;0.002913;8.000000;0.000000
406.499175;120.450270;48.178520;0.312776;0.002691;8.000000;0.000000
406.699125;120.640704;48.240160;0.313292;0.002470;8.000000;0.000000
406.899076;120.831117;48.301897;0.313765;0.002251;8.000000;0.000000
407.099026;121.021484;48.363714;0.314194;0.002033;8.000000;0.000000
407.298976;121.211779;48.425593;0.314579;0.001816;8.000000;0.000000
407.498927;121.401976;48.487517;0.314920;0.001600;8.000000;0.000000
407.698877;121.592050;48.549467;0.315219;0.001384;8.000000;0.000000
407.898828;121.781975;48.611428;0.315474;0.001168;8.000000;0.000000
408.098778;121.971726;48.673380;0.315685;0.000952;8.000000;0.000000
408.298728;122.161312;48.735319;0.315853;0.000689;8.000000;0.000000
408.498679;122.351095;48.797348;0.315913;-0.000094;8.000000;0.000000
408.698629;122.540744;48.859329;0.315815;-0.000880;8.000000;0.000000
408.898580;122.730345;48.921258;0.315561;-0.001666;8.000000;0.000000
409.098530;122.919982;48.983128;0.315151;-0.002449;8.000000;0.000000
409.298480;123.109738;49.044935;0.314584;-0.003227;8.000000;-0.197912
409.498431;123.299699;49.106673;0.313863;-0.003996;7.995052;-0.473732
409.698381;123.489949;49.168337;0.312988;-0.004753;7.983195;-0.763317
409.898332;123.680573;49.229922;0.311961;-0.005497;7.964054;-1.067706
410.098282;123.871654;49.291423;0.310784;-0.006225;7.937202;-1.387743
410.298232;124.063227;49.352817;0.309466;-0.006406;7.902166;-1.724074
410.498183;124.254978;49.414017;0.308538;-0.002827;7.858420;-2.077200
410.698133;124.447047;49.475197;0.308325;0.000712;7.805388;-2.447578
410.898084;124.639172;49.536426;0.308825;0.004249;7.742435;-2.835788
411.098034;124.831090;49.597770;0.310040;0.007820;7.668850;-3.242783
411.297984;125.022538;49.659296;0.311977;0.011461;7.583830;-3.618679
411.497935;125.213252;49.721071;0.314648;0.015212;7.487814;-3.964456
411.697885;125.402970;49.783162;0.318071;0.019112;7.381191;-4.283683
411.897836;125.591428;49.845637;0.322268;0.023206;7.264222;-4.575781
412.097786;125.778365;49.908561;0.327268;0.027541;7.137161;-4.835945
412.297737;125.963490;49.971994;0.333093;0.031348;7.000369;-5.053675
412.497687;126.146668;50.035987;0.339051;0.029975;6.854502;-5.208902
412.697637;126.328740;50.100780;0.344668;0.028065;6.700832;-5.262899
412.897588;126.510496;50.166572;0.349870;0.025687;6.541905;-5.137988
413.097538;126.692724;50.233561;0.354595;0.022934;6.382933;-5.334034
413.297489;126.876215;50.301947;0.358793;0.019918;6.213594;-5.191816
413.497439;127.061758;50.371926;0.362430;0.016760;6.044215;-4.987018
413.697389;127.250142;50.443698;0.365487;0.013579;5.876923;-4.722626
413.897340;127.442156;50.517462;0.367958;0.010482;5.713986;-4.430199
414.097290;127.638590;50.593416;0.369853;0.007559;5.556798;-4.136305
414.297241;127.839752;50.671570;0.371078;-0.001966;5.405912;-3.858468
414.497191;128.043348;50.750342;0.365594;-0.047649;5.261263;-3.607967
414.697141;128.250175;50.827879;0.350070;-0.093356;5.122310;-3.392658
414.897092;128.458091;50.900953;0.323993;-0.144814;4.988119;-3.218766
415.097042;128.664952;50.966336;0.285987;-0.208406;4.857380;-3.091572
415.296993;128.868614;51.020800;0.233690;-0.292389;4.728406;-2.947975
415.496943;129.066932;51.061117;0.163544;-0.407968;4.602056;-2.670024
415.696893;129.257765;51.084059;0.070591;-0.569273;4.484549;-2.337958
415.896844;129.438967;51.086398;-0.051410;-0.788724;4.379067;-1.993308
416.096794;129.608394;51.064905;-0.208705;-1.059727;4.287085;-1.637795
416.296745;129.763904;51.016352;-0.403748;-1.321845;4.210005;-1.295087
