#x_m,y_m,w_tr_right_m,w_tr_left_m
129.68301432739554,50.85457210065479,0.35215602925986966,1.3178
129.76390432739555,50.773682100654796,0.28888808894390117,1.39869
129.92568432739552,50.773682100654796,0.35215602925986966,1.39869
130.00657432739553,50.692792100654785,0.33177109628408924,1.4795800000000001
130.08746432739554,50.692792100654785,0.3863744103621579,1.4731338934355747
130.3301343273955,50.450122100654795,0.423502154799832,1.4367819546794007
130.3301343273955,49.72211210065478,0.423502154799832,1.3378976649961987
130.2492443273955,49.64122210065479,0.35215602925986966,1.3656270442088771
130.2492443273955,49.47944210065479,0.39112446295873504,1.2933482151745737
130.16835432739555,49.39855210065478,0.35215602925986966,1.3278798482996221
130.16835432739555,49.23677210065479,0.39112446295873504,1.2538461586978293
130.08746432739554,49.15588210065479,0.35215602925986966,1.2705997012924715
130.08746432739554,49.07499210065478,0.39112446295873504,1.2262294675441172
130.00657432739553,48.994102100654786,0.35215602925986966,1.2538461586978293
130.00657432739553,48.91321210065479,0.3958420908510781,1.2046409759806491
129.8447943273955,48.751432100654796,0.35215602925986966,1.2538461586978293
129.8447943273955,48.670542100654785,0.3958420908510781,1.2046409759806491
129.68301432739554,48.50876210065479,0.35215602925986966,1.2538461586978293
129.68301432739554,48.427872100654795,0.3958420908510781,1.2046409759806491
129.52123432739552,48.26609210065479,0.35215602925986966,1.2538461586978293
129.52123432739552,48.18520210065479,0.3958420908510781,1.2046409759806491
129.35945432739555,48.023422100654784,0.35215602925986966,1.2538461586978293
129.35945432739555,47.94253210065479,0.3958420908510781,1.2046409759806491
129.11678432739552,47.699862100654784,0.35215602925986966,1.2538461586978293
129.11678432739552,47.61897210065479,0.3958420908510781,1.2046409759806491
128.87411432739555,47.37630210065478,0.35215602925986966,1.2538461586978293
128.87411432739555,47.29541210065479,0.3958420908510781,1.2046409759806491
128.6314443273955,47.05274210065478,0.35215602925986966,1.245401280088767
128.6314443273955,46.971852100654786,0.3958420908510781,1.1915379023008432
128.30788432739553,46.648292100654785,0.35215602925986966,1.245401280088767
128.30788432739553,46.56740210065479,0.3958420908510781,1.1915379023008432
127.98432432739553,46.24384210065479,0.35215602925986966,1.245401280088767
127.98432432739553,46.16295210065479,0.3958420908510781,1.1915379023008432
127.66076432739554,45.83939210065479,0.35215602925986966,1.245401280088767
127.66076432739554,45.758502100654795,0.3958420908510781,1.1915379023008432
127.33720432739553,45.434942100654794,0.35215602925986966,1.245401280088767
127.33720432739553,45.35405210065478,0.3958420908510781,1.1915379023008432
126.93275432739553,44.949602100654786,0.35215602925986966,1.2538461586978293
126.93275432739553,44.86871210065479,0.3958420908510781,1.2046409759806491
126.60919432739551,44.54515210065479,0.35215602925986966,1.2538461586978293
126.60919432739551,44.46426210065479,0.3958420908510781,1.2046409759806491
126.28563432739553,44.14070210065479,0.35215602925986966,1.2538461586978293
126.28563432739553,44.059812100654796,0.3958420908510781,1.2046409759806491
125.96207432739554,43.736252100654795,0.35215602925986966,1.2538461586978293
125.96207432739554,43.655362100654784,0.3958420908510781,1.2046409759806491
125.63851432739553,43.331802100654784,0.35215602925986966,1.2538461586978293
125.63851432739553,43.25091210065479,0.3958420908510781,1.2046409759806491
125.31495432739554,42.92735210065479,0.35215602925986966,1.245401280088767
125.31495432739554,42.84646210065479,0.3958420908510781,1.1915379023008432
124.99139432739553,42.52290210065479,0.35215602925986966,1.245401280088767
124.99139432739553,42.44201210065479,0.3958420908510781,1.1915379023008432
124.58694432739553,42.03756210065478,0.35215602925986966,1.2538461586978293
124.58694432739553,41.956672100654785,0.3958420908510781,1.2046409759806491
124.26338432739551,41.633112100654785,0.35215602925986966,1.2538461586978293
124.26338432739551,41.55222210065479,0.3958420908510781,1.2046409759806491
123.93982432739553,41.22866210065479,0.35215602925986966,1.2538461586978293
123.93982432739553,41.14777210065479,0.3958420908510781,1.2046409759806491
123.61626432739554,40.82421210065479,0.35215602925986966,1.2538461586978293
123.61626432739554,40.743322100654794,0.3958420908510781,1.2046409759806491
123.29270432739553,40.41976210065479,0.35215602925986966,1.245401280088767
123.29270432739553,40.33887210065478,0.3958420908510781,1.1915379023008432
122.88825432739553,39.934422100654785,0.35215602925986966,1.2538461586978293
122.88825432739553,39.85353210065479,0.3958420908510781,1.2046409759806491
122.56469432739551,39.52997210065479,0.35215602925986966,1.2538461586978293
122.56469432739551,39.44908210065479,0.3958420908510781,1.2046409759806491
122.24113432739553,39.12552210065479,0.35215602925986966,1.2538461586978293
122.24113432739553,39.044632100654795,0.3958420908510781,1.2046409759806491
121.91757432739551,38.721072100654794,0.35215602925986966,1.2538461586978293
121.91757432739551,38.64018210065478,0.3958420908510781,1.2046409759806491
121.59401432739553,38.31662210065478,0.35215602925986966,1.245401280088767
121.59401432739553,38.235732100654786,0.3958420908510781,1.1915379023008432
121.27045432739554,37.912172100654786,0.35215602925986966,1.245401280088767
121.27045432739554,37.83128210065479,0.3958420908510781,1.1915379023008432
120.86600432739552,37.42683210065479,0.35215602925986966,1.2538461586978293
120.86600432739552,37.34594210065478,0.3958420908510781,1.2046409759806491
120.54244432739553,37.022382100654795,0.35215602925986966,1.2538461586978293
120.54244432739553,36.941492100654784,0.3958420908510781,1.2046409759806491
120.21888432739551,36.617932100654784,0.35215602925986966,1.2538461586978293
120.21888432739551,36.53704210065479,0.3958420908510781,1.2046409759806491
119.89532432739553,36.21348210065479,0.35215602925986966,1.2538461586978293
119.89532432739553,36.13259210065479,0.3958420908510781,1.2046409759806491
119.57176432739551,35.80903210065479,0.35215602925986966,1.245401280088767
119.57176432739551,35.72814210065479,0.3958420908510781,1.1915379023008432
119.24820432739553,35.40458210065479,0.35215602925986966,1.245401280088767
119.24820432739553,35.32369210065478,0.3958420908510781,1.1915379023008432
118.84375432739553,34.919242100654785,0.35215602925986966,1.2538461586978293
118.84375432739553,34.83835210065479,0.3958420908510781,1.2046409759806491
118.52019432739552,34.51479210065479,0.35215602925986966,1.2538461586978293
118.52019432739552,34.43390210065479,0.3958420908510781,1.2046409759806491
118.19663432739553,34.11034210065479,0.35215602925986966,1.2538461586978293
118.19663432739553,34.029452100654794,0.3958420908510781,1.2046409759806491
117.87307432739551,33.70589210065479,0.35215602925986966,1.2538461586978293
117.87307432739551,33.62500210065478,0.3958420908510781,1.2046409759806491
117.54951432739553,33.30144210065478,0.35215602925986966,1.245401280088767
117.54951432739553,33.220552100654785,0.3958420908510781,1.1915379023008432
117.22595432739551,32.896992100654785,0.35215602925986966,1.245401280088767
117.22595432739551,32.81610210065479,0.3958420908510781,1.1915379023008432
116.82150432739552,32.41165210065479,0.35215602925986966,1.2538461586978293
116.82150432739552,32.330762100654795,0.3958420908510781,1.2046409759806491
116.49794432739553,32.007202100654794,0.35215602925986966,1.2538461586978293
116.49794432739553,31.926312100654783,0.3958420908510781,1.2046409759806491
116.17438432739552,31.602752100654783,0.35215602925986966,1.2538461586978293
116.17438432739552,31.521862100654786,0.3958420908510781,1.2046409759806491
115.85082432739553,31.198302100654786,0.35215602925986966,1.2538461586978293
115.85082432739553,31.11741210065479,0.3958420908510781,1.2046409759806491
115.52726432739551,30.79385210065479,0.35215602925986966,1.245401280088767
115.52726432739551,30.712962100654792,0.3958420908510781,1.1915379023008432
115.12281432739552,30.308512100654795,0.35215602925986966,1.2538461586978293
115.12281432739552,30.227622100654784,0.3958420908510781,1.2046409759806491
114.79925432739553,29.904062100654784,0.35215602925986966,1.2538461586978293
114.79925432739553,29.823172100654787,0.3958420908510781,1.2046409759806491
114.47569432739552,29.499612100654787,0.35215602925986966,1.2538461586978293
114.47569432739552,29.41872210065479,0.3958420908510781,1.2046409759806491
114.15213432739553,29.09516210065479,0.35215602925986966,1.2538461586978293
114.15213432739553,29.014272100654793,0.3958420908510781,1.2046409759806491
113.82857432739551,28.690712100654792,0.35215602925986966,1.2538461586978293
113.82857432739551,28.60982210065478,0.3958420908510781,1.2046409759806491
113.50501432739553,28.28626210065478,0.35215602925986966,1.2538461586978293
113.50501432739553,28.205372100654785,0.3958420908510781,1.2046409759806491
113.18145432739551,27.881812100654784,0.35215602925986966,1.2538461586978293
113.18145432739551,27.800922100654788,0.3958420908510781,1.2046409759806491
112.53433432739551,27.153802100654786,0.3958420908510781,1.2046409759806491
112.45344432739553,27.153802100654786,0.35215602925986966,1.2538461586978293
112.37255432739552,27.07291210065479,0.39112446295873504,1.2262294675441172
112.29166432739554,27.07291210065479,0.35215602925986966,1.2705997012924715
112.21077432739553,26.992022100654793,0.39112446295873504,1.2538461586978293
112.04899432739553,26.992022100654793,0.31603988653333165,1.3117218319859045
111.96810432739552,26.911132100654783,0.36703602811242514,1.2622453883113243
111.80632432739553,26.911132100654783,0.31603988653333165,1.3278798482996221
111.72543432739552,26.830242100654786,0.36703602811242514,1.2705997012924715
111.48276432739551,26.830242100654786,0.31603988653333165,1.3358990093829144
111.40187432739553,26.74935210065479,0.36703602811242514,1.2705997012924715
111.15920432739553,26.74935210065479,0.31603988653333165,1.3258688779849377
111.07831432739552,26.668462100654793,0.36703602811242514,1.255950216748595
110.75475432739553,26.668462100654793,0.31603988653333165,1.3358990093829144
110.67386432739552,26.587572100654782,0.36703602811242514,1.2705997012924715
110.43119432739552,26.587572100654782,0.31603988653333165,1.3358990093829144
110.35030432739553,26.506682100654785,0.36703602811242514,1.2705997012924715
110.10763432739553,26.506682100654785,0.31603988653333165,1.3358990093829144
110.02674432739552,26.42579210065479,0.36703602811242514,1.2705997012924715
109.78407432739552,26.42579210065479,0.31603988653333165,1.3258688779849377
109.70318432739553,26.344902100654792,0.36703602811242514,1.255950216748595
109.37962432739552,26.344902100654792,0.31603988653333165,1.3358990093829144
109.29873432739554,26.26401210065478,0.36703602811242514,1.2705997012924715
109.05606432739553,26.26401210065478,0.31603988653333165,1.3258688779849377
108.97517432739552,26.183122100654785,0.36703602811242514,1.255950216748595
108.65161432739554,26.183122100654785,0.31603988653333165,1.3358990093829144
108.57072432739552,26.10223210065479,0.36703602811242514,1.2705997012924715
108.32805432739552,26.10223210065479,0.31603988653333165,1.3358990093829144
108.24716432739554,26.021342100654792,0.36703602811242514,1.2705997012924715
107.92360432739552,26.021342100654792,0.31603988653333165,1.3358990093829144
107.84271432739551,25.94045210065478,0.36703602811242514,1.2705997012924715
107.60004432739554,25.94045210065478,0.31603988653333165,1.3358990093829144
107.51915432739553,25.859562100654784,0.36703602811242514,1.2705997012924715
107.27648432739552,25.859562100654784,0.31603988653333165,1.3258688779849377
107.19559432739554,25.778672100654788,0.36703602811242514,1.255950216748595
106.87203432739553,25.778672100654788,0.31603988653333165,1.3358990093829144
106.79114432739551,25.69778210065479,0.36703602811242514,1.2705997012924715
106.54847432739552,25.69778210065479,0.31603988653333165,1.3358990093829144
106.46758432739553,25.616892100654795,0.36703602811242514,1.2705997012924715
106.14402432739553,25.616892100654795,0.31603988653333165,1.3358990093829144
106.06313432739553,25.536002100654784,0.36703602811242514,1.2705997012924715
105.82046432739553,25.536002100654784,0.31603988653333165,1.3358990093829144
105.73957432739553,25.455112100654787,0.36703602811242514,1.2705997012924715
105.49690432739553,25.455112100654787,0.31603988653333165,1.3258688779849377
105.41601432739553,25.37422210065479,0.36703602811242514,1.255950216748595
105.09245432739553,25.37422210065479,0.31603988653333165,1.3358990093829144
105.01156432739553,25.293332100654794,0.36703602811242514,1.2705997012924715
104.76889432739553,25.293332100654794,0.31603988653333165,1.3358990093829144
104.68800432739553,25.212442100654783,0.36703602811242514,1.2705997012924715
104.36444432739553,25.212442100654783,0.31603988653333165,1.3358990093829144
104.28355432739552,25.131552100654787,0.36703602811242514,1.2705997012924715
104.04088432739553,25.131552100654787,0.31603988653333165,1.3358990093829144
103.95999432739552,25.05066210065479,0.36703602811242514,1.2705997012924715
103.71732432739553,25.05066210065479,0.31603988653333165,1.3258688779849377
103.63643432739552,24.969772100654794,0.36703602811242514,1.255950216748595
103.31287432739552,24.969772100654794,0.31603988653333165,1.3358990093829144
103.23198432739552,24.888882100654783,0.36703602811242514,1.2705997012924715
102.98931432739552,24.888882100654783,0.31603988653333165,1.3358990093829144
102.90842432739552,24.807992100654786,0.36703602811242514,1.2705997012924715
102.58486432739552,24.807992100654786,0.31603988653333165,1.3358990093829144
102.50397432739553,24.72710210065479,0.36703602811242514,1.2705997012924715
102.26130432739552,24.72710210065479,0.31603988653333165,1.3358990093829144
102.18041432739552,24.646212100654793,0.36703602811242514,1.2705997012924715
101.85685432739552,24.646212100654793,0.31603988653333165,1.3358990093829144
101.77596432739553,24.565322100654782,0.36703602811242514,1.2705997012924715
101.53329432739552,24.565322100654782,0.31603988653333165,1.3358990093829144
101.45240432739553,24.484432100654786,0.36703602811242514,1.2705997012924715
101.12884432739553,24.484432100654786,0.31603988653333165,1.3358990093829144
101.04795432739553,24.40354210065479,0.36703602811242514,1.2705997012924715
100.80528432739553,24.40354210065479,0.31603988653333165,1.3358990093829144
100.72439432739553,24.322652100654793,0.36703602811242514,1.2705997012924715
100.48172432739553,24.322652100654793,0.31603988653333165,1.3358990093829144
100.40083432739553,24.241762100654782,0.36703602811242514,1.2705997012924715
100.15816432739553,24.241762100654782,0.31603988653333165,1.3358990093829144
100.07727432739553,24.160872100654785,0.36703602811242514,1.2705997012924715
99.83460432739552,24.160872100654785,0.31603988653333165,1.3358990093829144
99.75371432739553,24.07998210065479,0.36703602811242514,1.2705997012924715
99.51104432739552,24.07998210065479,0.31603988653333165,1.3358990093829144
99.43015432739553,23.999092100654792,0.36703602811242514,1.2705997012924715
99.18748432739552,23.999092100654792,0.31603988653333165,1.3258688779849377
99.10659432739553,23.91820210065478,0.36703602811242514,1.255950216748595
98.13591432739553,23.91820210065478,0.35215602925986966,1.2892363419579858
98.05502432739553,23.999092100654792,0.28888808894390117,1.3498387538180814
97.81235432739552,23.999092100654792,0.35215602925986966,1.2892363419579858
97.73146432739553,24.07998210065479,0.28888808894390117,1.3378976649961987
97.56968432739552,24.07998210065479,0.35215602925986966,1.255950216748595
97.48879432739552,24.160872100654785,0.31603988653333165,1.2933482151745737
97.40790432739553,24.160872100654785,0.35215602925986966,1.255950216748595
97.00345432739553,24.565322100654782,0.33177109628408924,1.295400177667033
97.00345432739553,24.646212100654793,0.2833060853445642,1.3378976649961987
96.84167432739552,24.807992100654786,0.33177109628408924,1.2933482151745737
96.84167432739552,24.888882100654783,0.2833060853445642,1.3278798482996221
96.76078432739553,24.969772100654794,0.31603988653333165,1.2933482151745737
96.76078432739553,25.05066210065479,0.2833060853445642,1.3278798482996221
96.67989432739553,25.131552100654787,0.31603988653333165,1.2933482151745737
96.67989432739553,25.212442100654783,0.2833060853445642,1.3278798482996221
96.51811432739552,25.37422210065479,0.33177109628408924,1.2705997012924715
96.51811432739552,25.455112100654787,0.2833060853445642,1.3178
96.35633432739553,25.616892100654795,0.33177109628408924,1.2705997012924715
96.35633432739553,25.69778210065479,0.2833060853445642,1.3178
96.11366432739553,25.94045210065478,0.33177109628408924,1.2705997012924715
96.11366432739553,26.021342100654792,0.2833060853445642,1.3178
95.62832432739553,26.506682100654785,0.31603988653333165,1.3056206548870752
95.54743432739552,26.506682100654785,0.35215602925986966,1.2538461586978293
95.22387432739552,26.830242100654786,0.31603988653333165,1.3178
95.14298432739552,26.830242100654786,0.35215602925986966,1.2705997012924715
95.06209432739553,26.911132100654783,0.31603988653333165,1.295400177667033
94.98120432739553,26.911132100654783,0.35215602925986966,1.2538461586978293
94.81942432739552,27.07291210065479,0.31603988653333165,1.295400177667033
94.73853432739553,27.07291210065479,0.35215602925986966,1.255950216748595
94.65764432739553,27.153802100654786,0.31603988653333165,1.2933482151745737
94.57675432739552,27.153802100654786,0.35215602925986966,1.255950216748595
94.49586432739552,27.234692100654783,0.31603988653333165,1.2933482151745737
94.41497432739553,27.234692100654783,0.35215602925986966,1.255950216748595
94.33408432739553,27.315582100654794,0.31603988653333165,1.2933482151745737
94.25319432739552,27.315582100654794,0.35215602925986966,1.2622453883113243
94.17230432739552,27.39647210065479,0.31603988653333165,1.3117218319859045
94.09141432739553,27.39647210065479,0.35215602925986966,1.2892363419579858
94.01052432739553,27.477362100654787,0.28888808894390117,1.3378976649961987
93.76785432739553,27.477362100654787,0.35215602925986966,1.2705997012924715
93.68696432739553,27.558252100654784,0.28888808894390117,1.3358990093829144
93.36340432739553,27.558252100654784,0.35215602925986966,1.2705997012924715
93.28251432739553,27.639142100654794,0.28888808894390117,1.3358990093829144
91.50293432739552,27.639142100654794,0.31603988653333165,1.3358990093829144
91.42204432739553,27.558252100654784,0.36703602811242514,1.2705997012924715
91.09848432739552,27.558252100654784,0.31603988653333165,1.3258688779849377
91.01759432739553,27.477362100654787,0.36703602811242514,1.255950216748595
90.77492432739552,27.477362100654787,0.31603988653333165,1.3117218319859045
90.69403432739553,27.39647210065479,0.36703602811242514,1.2622453883113243
90.61314432739553,27.39647210065479,0.35215602925986966,1.2892363419579858
90.53225432739552,27.315582100654794,0.39112446295873504,1.2347798395861214
90.37047432739553,27.315582100654794,0.31603988653333165,1.2933482151745737
90.28958432739553,27.234692100654783,0.36703602811242514,1.255950216748595
90.20869432739552,27.234692100654783,0.35215602925986966,1.2933482151745737
90.04691432739553,27.07291210065479,0.3958420908510781,1.2197851201074448
89.96602432739553,27.07291210065479,0.35215602925986966,1.255950216748595
89.88513432739552,26.992022100654793,0.39112446295873504,1.2197851201074448
89.80424432739552,26.992022100654793,0.35215602925986966,1.255950216748595
89.56157432739552,26.74935210065479,0.3958420908510781,1.1915379023008432
89.48068432739552,26.74935210065479,0.35215602925986966,1.245401280088767
88.59089432739553,25.859562100654784,0.35215602925986966,1.245401280088767
88.59089432739553,25.778672100654788,0.3958420908510781,1.1915379023008432
88.34822432739553,25.536002100654784,0.35215602925986966,1.2538461586978293
88.34822432739553,25.455112100654787,0.3958420908510781,1.2046409759806491
88.18644432739552,25.293332100654794,0.35215602925986966,1.2538461586978293
88.18644432739552,25.212442100654783,0.3958420908510781,1.2046409759806491
88.02466432739553,25.05066210065479,0.35215602925986966,1.255950216748595
88.02466432739553,24.969772100654794,0.3958420908510781,1.2197851201074448
87.86288432739552,24.807992100654786,0.35215602925986966,1.2705997012924715
87.86288432739552,24.72710210065479,0.3958420908510781,1.2262294675441172
87.70110432739553,24.565322100654782,0.35215602925986966,1.2538461586978293
87.70110432739553,24.484432100654786,0.3958420908510781,1.2046409759806491
87.53932432739552,24.322652100654793,0.35215602925986966,1.2538461586978293
87.53932432739552,24.241762100654782,0.3958420908510781,1.2046409759806491
87.21576432739552,23.91820210065478,0.35215602925986966,1.2538461586978293
87.21576432739552,23.837312100654785,0.3958420908510781,1.2046409759806491
85.27440432739553,21.89595210065478,0.3958420908510781,1.1915379023008432
85.19351432739552,21.89595210065478,0.35215602925986966,1.245401280088767
84.78906432739552,21.491502100654785,0.3958420908510781,1.2046409759806491
84.70817432739553,21.491502100654785,0.35215602925986966,1.2538461586978293
84.38461432739552,21.167942100654784,0.3958420908510781,1.2046409759806491
84.30372432739553,21.167942100654784,0.35215602925986966,1.2538461586978293
84.06105432739552,20.925272100654794,0.3958420908510781,1.2046409759806491
83.98016432739553,20.925272100654794,0.35215602925986966,1.2538461586978293
83.81838432739552,20.763492100654787,0.3958420908510781,1.2046409759806491
83.73749432739552,20.763492100654787,0.35215602925986966,1.2538461586978293
83.57571432739553,20.601712100654794,0.3958420908510781,1.2046409759806491
83.49482432739552,20.601712100654794,0.35215602925986966,1.2538461586978293
83.41393432739552,20.520822100654783,0.39112446295873504,1.2197851201074448
83.33304432739553,20.520822100654783,0.35215602925986966,1.255950216748595
83.25215432739553,20.439932100654786,0.39112446295873504,1.2197851201074448
83.17126432739552,20.439932100654786,0.35215602925986966,1.255950216748595
83.09037432739552,20.35904210065479,0.39112446295873504,1.2262294675441172
82.92859432739553,20.35904210065479,0.31603988653333165,1.2933482151745737
82.84770432739552,20.278152100654793,0.36703602811242514,1.255950216748595
82.76681432739552,20.278152100654793,0.35215602925986966,1.2933482151745737
82.68592432739553,20.197262100654783,0.39112446295873504,1.255950216748595
82.52414432739552,20.197262100654783,0.35215602925986966,1.3117218319859045
82.44325432739552,20.116372100654786,0.39112446295873504,1.2622453883113243
81.71524432739552,20.116372100654786,0.35215602925986966,1.2892363419579858
81.63435432739553,20.197262100654783,0.28888808894390117,1.3498387538180814
81.39168432739552,20.197262100654783,0.36703602811242514,1.2892363419579858
81.31079432739553,20.278152100654793,0.31603988653333165,1.3378976649961987
81.14901432739552,20.278152100654793,0.36703602811242514,1.2892363419579858
81.06812432739552,20.35904210065479,0.31603988653333165,1.3278798482996221
80.98723432739553,20.35904210065479,0.35215602925986966,1.2933482151745737
80.90634432739553,20.439932100654786,0.28888808894390117,1.3278798482996221
80.74456432739552,20.439932100654786,0.35215602925986966,1.2622453883113243
80.66367432739553,20.520822100654783,0.31603988653333165,1.3117218319859045
80.58278432739553,20.520822100654783,0.35215602925986966,1.2892363419579858
80.50189432739552,20.601712100654794,0.28888808894390117,1.3278798482996221
80.34011432739553,20.601712100654794,0.35215602925986966,1.2622453883113243
80.25922432739553,20.68260210065479,0.31603988653333165,1.3117218319859045
80.17833432739552,20.68260210065479,0.35215602925986966,1.2892363419579858
80.09744432739552,20.763492100654787,0.31603988653333165,1.3278798482996221
80.01655432739553,20.763492100654787,0.35215602925986966,1.2933482151745737
79.93566432739553,20.844382100654784,0.28888808894390117,1.3278798482996221
79.77388432739552,20.844382100654784,0.35215602925986966,1.2622453883113243
79.69299432739552,20.925272100654794,0.31603988653333165,1.3117218319859045
79.61210432739553,20.925272100654794,0.35215602925986966,1.2892363419579858
79.53121432739553,21.00616210065479,0.31603988653333165,1.3278798482996221
79.45032432739552,21.00616210065479,0.35215602925986966,1.2933482151745737
79.36943432739552,21.087052100654788,0.31603988653333165,1.3278798482996221
79.28854432739553,21.087052100654788,0.35215602925986966,1.2933482151745737
79.20765432739553,21.167942100654784,0.28888808894390117,1.3278798482996221
79.04587432739552,21.167942100654784,0.35215602925986966,1.2622453883113243
78.96498432739553,21.24883210065478,0.31603988653333165,1.3117218319859045
78.88409432739553,21.24883210065478,0.35215602925986966,1.2892363419579858
78.80320432739552,21.32972210065479,0.31603988653333165,1.3278798482996221
78.72231432739552,21.32972210065479,0.35215602925986966,1.2933482151745737
78.64142432739553,21.410612100654788,0.28888808894390117,1.3278798482996221
78.47964432739552,21.410612100654788,0.35215602925986966,1.255950216748595
78.39875432739552,21.491502100654785,0.31603988653333165,1.2933482151745737
78.31786432739553,21.491502100654785,0.35215602925986966,1.2622453883113243
78.23697432739553,21.57239210065478,0.31603988653333165,1.3117218319859045
78.15608432739552,21.57239210065478,0.35215602925986966,1.2892363419579858
78.07519432739552,21.653282100654792,0.31603988653333165,1.3278798482996221
77.99430432739553,21.653282100654792,0.35215602925986966,1.2933482151745737
77.91341432739553,21.73417210065479,0.28888808894390117,1.3278798482996221
77.75163432739552,21.73417210065479,0.35215602925986966,1.255950216748595
77.67074432739552,21.815062100654785,0.31603988653333165,1.2933482151745737
77.58985432739553,21.815062100654785,0.35215602925986966,1.2622453883113243
77.50896432739553,21.89595210065478,0.31603988653333165,1.3117218319859045
77.42807432739552,21.89595210065478,0.35215602925986966,1.2892363419579858
77.34718432739552,21.976842100654792,0.31603988653333165,1.3278798482996221
77.26629432739553,21.976842100654792,0.35215602925986966,1.2933482151745737
77.18540432739553,22.05773210065479,0.31603988653333165,1.3278798482996221
77.10451432739552,22.05773210065479,0.35215602925986966,1.2933482151745737
77.02362432739552,22.138622100654786,0.28888808894390117,1.3278798482996221
76.86184432739553,22.138622100654786,0.35215602925986966,1.255950216748595
76.78095432739552,22.219512100654782,0.31603988653333165,1.2933482151745737
76.70006432739552,22.219512100654782,0.35215602925986966,1.2622453883113243
76.61917432739553,22.300402100654793,0.31603988653333165,1.3117218319859045
76.53828432739553,22.300402100654793,0.35215602925986966,1.2892363419579858
76.45739432739552,22.38129210065479,0.31603988653333165,1.3278798482996221
76.37650432739552,22.38129210065479,0.35215602925986966,1.2933482151745737
76.29561432739553,22.462182100654786,0.31603988653333165,1.3278798482996221
76.21472432739553,22.462182100654786,0.35215602925986966,1.2933482151745737
76.13383432739552,22.543072100654783,0.31603988653333165,1.3278798482996221
76.05294432739552,22.543072100654783,0.35215602925986966,1.2933482151745737
75.97205432739553,22.623962100654794,0.31603988653333165,1.3278798482996221
75.89116432739553,22.623962100654794,0.35215602925986966,1.2933482151745737
75.81027432739552,22.70485210065479,0.28888808894390117,1.3278798482996221
75.64849432739553,22.70485210065479,0.35215602925986966,1.255950216748595
75.56760432739553,22.785742100654787,0.31603988653333165,1.2933482151745737
75.48671432739552,22.785742100654787,0.35215602925986966,1.255950216748595
75.40582432739552,22.866632100654783,0.31603988653333165,1.2933482151745737
75.32493432739552,22.866632100654783,0.35215602925986966,1.255950216748595
75.24404432739553,22.947522100654794,0.31603988653333165,1.2933482151745737
75.16315432739553,22.947522100654794,0.35215602925986966,1.2622453883113243
75.08226432739552,23.02841210065479,0.31603988653333165,1.3117218319859045
75.00137432739552,23.02841210065479,0.35215602925986966,1.2892363419579858
74.92048432739553,23.109302100654787,0.31603988653333165,1.3278798482996221
74.83959432739553,23.109302100654787,0.35215602925986966,1.2933482151745737
74.75870432739552,23.190192100654784,0.28888808894390117,1.3278798482996221
74.59692432739553,23.190192100654784,0.35215602925986966,1.2622453883113243
74.51603432739553,23.271082100654795,0.31603988653333165,1.3117218319859045
74.43514432739552,23.271082100654795,0.35215602925986966,1.2892363419579858
74.35425432739552,23.35197210065479,0.28888808894390117,1.3378976649961987
74.19247432739553,23.35197210065479,0.35215602925986966,1.2892363419579858
74.11158432739552,23.432862100654788,0.28888808894390117,1.3498387538180814
73.86891432739553,23.432862100654788,0.35215602925986966,1.2892363419579858
73.78802432739552,23.513752100654784,0.28888808894390117,1.3498387538180814
73.54535432739553,23.513752100654784,0.35215602925986966,1.2892363419579858
73.46446432739552,23.59464210065478,0.28888808894390117,1.3498387538180814
73.06001432739552,23.59464210065478,0.35215602925986966,1.2892363419579858
72.97912432739552,23.67553210065479,0.28888808894390117,1.3498387538180814
71.03776432739552,23.67553210065479,0.31603988653333165,1.3258688779849377
70.95687432739552,23.59464210065478,0.36703602811242514,1.255950216748595
70.55242432739553,23.59464210065478,0.31603988653333165,1.3258688779849377
70.47153432739553,23.513752100654784,0.36703602811242514,1.255950216748595
70.14797432739553,23.513752100654784,0.31603988653333165,1.3358990093829144
70.06708432739552,23.432862100654788,0.36703602811242514,1.2705997012924715
69.90530432739553,23.432862100654788,0.31603988653333165,1.3117218319859045
69.82441432739553,23.35197210065479,0.36703602811242514,1.2622453883113243
69.66263432739552,23.35197210065479,0.31603988653333165,1.3117218319859045
69.58174432739553,23.271082100654795,0.36703602811242514,1.2622453883113243
69.41996432739552,23.271082100654795,0.31603988653333165,1.3117218319859045
69.33907432739552,23.190192100654784,0.36703602811242514,1.2622453883113243
69.25818432739553,23.190192100654784,0.35215602925986966,1.2892363419579858
69.17729432739553,23.109302100654787,0.39112446295873504,1.2347798395861214
69.01551432739552,23.109302100654787,0.31603988653333165,1.2933482151745737
68.93462432739553,23.02841210065479,0.36703602811242514,1.255950216748595
68.85373432739553,23.02841210065479,0.35215602925986966,1.2933482151745737
68.77284432739552,22.947522100654794,0.39112446295873504,1.255950216748595
68.69195432739552,22.947522100654794,0.35215602925986966,1.2892363419579858
68.61106432739552,22.866632100654783,0.39112446295873504,1.2347798395861214
68.53017432739553,22.866632100654783,0.35215602925986966,1.2622453883113243
68.44928432739553,22.785742100654787,0.39112446295873504,1.2197851201074448
68.36839432739552,22.785742100654787,0.35215602925986966,1.255950216748595
68.28750432739552,22.70485210065479,0.39112446295873504,1.2197851201074448
68.20661432739553,22.70485210065479,0.35215602925986966,1.255950216748595
68.12572432739553,22.623962100654794,0.39112446295873504,1.2197851201074448
68.04483432739552,22.623962100654794,0.35215602925986966,1.255950216748595
67.96394432739552,22.543072100654783,0.39112446295873504,1.2197851201074448
67.88305432739553,22.543072100654783,0.35215602925986966,1.255950216748595
67.80216432739553,22.462182100654786,0.39112446295873504,1.2262294675441172
67.72127432739552,22.462182100654786,0.35215602925986966,1.2705997012924715
67.55949432739553,22.300402100654793,0.3958420908510781,1.2197851201074448
67.47860432739553,22.300402100654793,0.35215602925986966,1.255950216748595
67.39771432739552,22.219512100654782,0.39112446295873504,1.2197851201074448
67.31682432739552,22.219512100654782,0.35215602925986966,1.255950216748595
67.15504432739553,22.05773210065479,0.3958420908510781,1.2046409759806491
67.07415432739552,22.05773210065479,0.35215602925986966,1.2538461586978293
66.91237432739553,21.89595210065478,0.3958420908510781,1.2046409759806491
66.83148432739553,21.89595210065478,0.35215602925986966,1.2538461586978293
66.66970432739552,21.73417210065479,0.3958420908510781,1.2046409759806491
66.58881432739553,21.73417210065479,0.35215602925986966,1.2538461586978293
66.42703432739552,21.57239210065478,0.3958420908510781,1.2046409759806491
66.34614432739552,21.57239210065478,0.35215602925986966,1.2538461586978293
66.02258432739552,21.24883210065478,0.3958420908510781,1.1915379023008432
65.94169432739552,21.24883210065478,0.35215602925986966,1.245401280088767
64.64745432739552,19.954592100654793,0.35215602925986966,1.2538461586978293
64.64745432739552,19.873702100654782,0.3958420908510781,1.2046409759806491
64.40478432739552,19.631032100654792,0.35215602925986966,1.2538461586978293
64.40478432739552,19.55014210065478,0.3958420908510781,1.2046409759806491
64.16211432739553,19.307472100654792,0.35215602925986966,1.2705997012924715
64.16211432739553,19.22658210065478,0.3958420908510781,1.2262294675441172
64.00033432739552,19.064802100654788,0.35215602925986966,1.2705997012924715
64.00033432739552,18.98391210065479,0.39112446295873504,1.2262294675441172
63.919444327395524,18.903022100654795,0.35215602925986966,1.255950216748595
63.919444327395524,18.822132100654784,0.3958420908510781,1.2197851201074448
63.75766432739553,18.66035210065479,0.35215602925986966,1.2933482151745737
63.75766432739553,18.579462100654794,0.39112446295873504,1.255950216748595
63.67677432739552,18.498572100654783,0.35215602925986966,1.2933482151745737
63.67677432739552,18.417682100654787,0.39112446295873504,1.255950216748595
63.595884327395524,18.33679210065479,0.35215602925986966,1.2933482151745737
63.595884327395524,18.255902100654794,0.39112446295873504,1.255950216748595
63.51499432739553,18.175012100654783,0.35215602925986966,1.2933482151745737
63.51499432739553,18.094122100654786,0.39112446295873504,1.255950216748595
63.43410432739553,18.01323210065479,0.35215602925986966,1.2933482151745737
63.43410432739553,17.932342100654793,0.36703602811242514,1.2622453883113243
63.35321432739552,17.851452100654782,0.31603988653333165,1.3117218319859045
63.35321432739552,17.68967210065479,0.39112446295873504,1.2622453883113243
63.27232432739552,17.608782100654793,0.35215602925986966,1.3117218319859045
63.27232432739552,17.447002100654785,0.39112446295873504,1.2622453883113243
63.19143432739553,17.36611210065479,0.34712000000000004,1.3117218319859045
63.19143432739553,17.20433210065478,0.36703602811242514,1.2705997012924715
63.11054432739553,17.123442100654785,0.31603988653333165,1.3358990093829144
63.11054432739553,16.88077210065478,0.36703602811242514,1.2705997012924715
63.02965432739552,16.799882100654784,0.31603988653333165,1.3358990093829144
63.02965432739552,16.476322100654784,0.36703602811242514,1.255950216748595
62.94876432739552,16.395432100654787,0.31603988653333165,1.3258688779849377
62.94876432739552,15.910092100654794,0.36703602811242514,1.255950216748595
62.867874327395526,15.829202100654783,0.31603988653333165,1.3258688779849377
62.867874327395526,15.262972100654792,0.36703602811242514,1.2705997012924715
62.78698432739553,15.182082100654782,0.31603988653333165,1.3358990093829144
62.78698432739553,14.53496210065478,0.36703602811242514,1.2705997012924715
62.70609432739552,14.454072100654784,0.31603988653333165,1.3358990093829144
62.70609432739552,13.806952100654783,0.36703602811242514,1.255950216748595
62.62520432739552,13.726062100654786,0.31603988653333165,1.3258688779849377
62.62520432739552,13.32161210065479,0.36703602811242514,1.255950216748595
62.544314327395526,13.240722100654793,0.31603988653333165,1.3258688779849377
62.544314327395526,12.998052100654789,0.36703602811242514,1.2705997012924715
62.46342432739553,12.917162100654792,0.31603988653333165,1.3358990093829144
62.46342432739553,12.674492100654788,0.36703602811242514,1.2622453883113243
62.38253432739552,12.593602100654792,0.31603988653333165,1.3117218319859045
62.38253432739552,12.431822100654784,0.36703602811242514,1.2622453883113243
62.30164432739552,12.350932100654788,0.31603988653333165,1.3117218319859045
62.30164432739552,12.18915210065478,0.39112446295873504,1.255950216748595
62.220754327395525,12.108262100654784,0.35215602925986966,1.2933482151745737
62.220754327395525,12.027372100654787,0.36703602811242514,1.255950216748595
62.13986432739553,11.94648210065479,0.31603988653333165,1.2933482151745737
62.13986432739553,11.784702100654783,0.3958420908510781,1.2046409759806491
61.97808432739552,11.62292210065479,0.35215602925986966,1.2538461586978293
61.97808432739552,11.542032100654794,0.3958420908510781,1.2046409759806491
61.00740432739552,10.571352100654792,0.3958420908510781,1.2046409759806491
60.92651432739552,10.571352100654792,0.35215602925986966,1.2538461586978293
60.68384432739552,10.328682100654788,0.3958420908510781,1.2046409759806491
60.60295432739552,10.328682100654788,0.35215602925986966,1.2538461586978293
60.522064327395526,10.247792100654792,0.39112446295873504,1.2197851201074448
60.44117432739553,10.247792100654792,0.35215602925986966,1.255950216748595
60.36028432739552,10.16690210065478,0.39112446295873504,1.2262294675441172
60.27939432739552,10.16690210065478,0.35215602925986966,1.2705997012924715
60.198504327395526,10.086012100654784,0.39112446295873504,1.2347798395861214
60.03672432739552,10.086012100654784,0.31603988653333165,1.2933482151745737
59.95583432739552,10.005122100654788,0.36703602811242514,1.255950216748595
59.874944327395525,10.005122100654788,0.35215602925986966,1.2933482151745737
59.79405432739553,9.924232100654791,0.39112446295873504,1.255950216748595
59.63227432739552,9.924232100654791,0.31603988653333165,1.3117218319859045
59.551384327395525,9.84334210065478,0.36703602811242514,1.2622453883113243
59.38960432739552,9.84334210065478,0.31603988653333165,1.3117218319859045
59.30871432739552,9.762452100654784,0.36703602811242514,1.2622453883113243
59.227824327395524,9.762452100654784,0.35215602925986966,1.2933482151745737
59.14693432739553,9.681562100654787,0.39112446295873504,1.255950216748595
58.98515432739552,9.681562100654787,0.31603988653333165,1.3117218319859045
58.90426432739552,9.60067210065479,0.36703602811242514,1.2622453883113243
58.74248432739553,9.60067210065479,0.31603988653333165,1.3117218319859045
58.66159432739552,9.519782100654794,0.36703602811242514,1.2622453883113243
58.49981432739553,9.519782100654794,0.31603988653333165,1.3117218319859045
58.41892432739553,9.438892100654783,0.36703602811242514,1.2622453883113243
58.33803432739552,9.438892100654783,0.35215602925986966,1.2933482151745737
58.25714432739552,9.358002100654787,0.39112446295873504,1.255950216748595
58.176254327395526,9.358002100654787,0.35215602925986966,1.2892363419579858
58.09536432739553,9.27711210065479,0.39112446295873504,1.2347798395861214
57.93358432739552,9.27711210065479,0.31603988653333165,1.2933482151745737
57.852694327395525,9.196222100654794,0.36703602811242514,1.255950216748595
57.77180432739553,9.196222100654794,0.35215602925986966,1.2933482151745737
57.69091432739552,9.115332100654783,0.39112446295873504,1.255950216748595
57.61002432739552,9.115332100654783,0.35215602925986966,1.2933482151745737
57.529134327395525,9.034442100654786,0.39112446295873504,1.255950216748595
57.44824432739553,9.034442100654786,0.35215602925986966,1.2933482151745737
57.28646432739552,8.872662100654793,0.3958420908510781,1.2197851201074448
57.205574327395524,8.872662100654793,0.35215602925986966,1.255950216748595
57.12468432739553,8.791772100654782,0.39112446295873504,1.2197851201074448
57.04379432739552,8.791772100654782,0.35215602925986966,1.255950216748595
56.882014327395524,8.629992100654789,0.3958420908510781,1.2046409759806491
56.80112432739553,8.629992100654789,0.35215602925986966,1.2538461586978293
56.63934432739552,8.468212100654782,0.3958420908510781,1.2046409759806491
56.55845432739552,8.468212100654782,0.35215602925986966,1.2538461586978293
55.66866432739552,7.578422100654791,0.35215602925986966,1.245401280088767
55.66866432739552,7.49753210065478,0.3958420908510781,1.1915379023008432
55.42599432739553,7.25486210065479,0.35215602925986966,1.2538461586978293
55.42599432739553,7.173972100654794,0.3958420908510781,1.2046409759806491
55.26421432739552,7.0121921006547865,0.35215602925986966,1.255950216748595
55.26421432739552,6.93130210065479,0.39112446295873504,1.2197851201074448
55.183324327395525,6.850412100654793,0.35215602925986966,1.255950216748595
55.183324327395525,6.7695221006547825,0.3958420908510781,1.2197851201074448
55.02154432739552,6.607742100654789,0.35215602925986966,1.2933482151745737
55.02154432739552,6.526852100654793,0.39112446295873504,1.255950216748595
54.94065432739552,6.445962100654782,0.35215602925986966,1.2933482151745737
54.94065432739552,6.3650721006547855,0.39112446295873504,1.255950216748595
54.859764327395524,6.284182100654789,0.35215602925986966,1.2933482151745737
54.859764327395524,6.203292100654792,0.39112446295873504,1.255950216748595
54.77887432739553,6.1224021006547815,0.35215602925986966,1.2933482151745737
54.77887432739553,6.041512100654785,0.39112446295873504,1.255950216748595
54.69798432739552,5.960622100654788,0.35215602925986966,1.2933482151745737
54.69798432739552,5.879732100654792,0.36703602811242514,1.255950216748595
54.61709432739552,5.798842100654781,0.31603988653333165,1.2933482151745737
54.61709432739552,5.637062100654788,0.39112446295873504,1.2347798395861214
54.536204327395524,5.556172100654791,0.35215602925986966,1.2892363419579858
54.536204327395524,5.4752821006547805,0.39112446295873504,1.255950216748595
54.45531432739553,5.394392100654784,0.35215602925986966,1.2933482151745737
54.45531432739553,5.313502100654787,0.36703602811242514,1.2622453883113243
54.37442432739553,5.232612100654791,0.31603988653333165,1.3117218319859045
54.37442432739553,5.070832100654783,0.36703602811242514,1.2622453883113243
54.29353432739552,4.989942100654787,0.31603988653333165,1.3117218319859045
54.29353432739552,4.828162100654794,0.39112446295873504,1.255950216748595
54.21264432739552,4.747272100654783,0.35215602925986966,1.2933482151745737
54.21264432739552,4.666382100654786,0.36703602811242514,1.2622453883113243
54.13175432739553,4.58549210065479,0.31603988653333165,1.3117218319859045
54.13175432739553,4.423712100654782,0.36703602811242514,1.2622453883113243
54.05086432739553,4.342822100654786,0.31603988653333165,1.3117218319859045
54.05086432739553,4.181042100654793,0.39112446295873504,1.255950216748595
53.96997432739552,4.100152100654782,0.35215602925986966,1.2933482151745737
53.96997432739552,4.019262100654785,0.36703602811242514,1.2622453883113243
53.88908432739552,3.9383721006547887,0.31603988653333165,1.3117218319859045
53.88908432739552,3.7765921006547813,0.36703602811242514,1.2622453883113243
53.808194327395526,3.6957021006547848,0.31603988653333165,1.3117218319859045
53.808194327395526,3.5339221006547916,0.39112446295873504,1.255950216748595
53.72730432739553,3.453032100654781,0.35215602925986966,1.2933482151745737
53.72730432739553,3.3721421006547843,0.36703602811242514,1.2622453883113243
53.64641432739552,3.2912521006547877,0.31603988653333165,1.3117218319859045
53.64641432739552,3.1294721006547803,0.39112446295873504,1.255950216748595
53.56552432739552,3.0485821006547837,0.35215602925986966,1.2933482151745737
53.56552432739552,2.967692100654787,0.39112446295873504,1.255950216748595
53.484634327395526,2.8868021006547906,0.35215602925986966,1.2933482151745737
53.484634327395526,2.805912100654794,0.36703602811242514,1.255950216748595
53.40374432739553,2.7250221006547832,0.31603988653333165,1.2933482151745737
53.40374432739553,2.56324210065479,0.39112446295873504,1.2197851201074448
53.32285432739552,2.4823521006547935,0.35215602925986966,1.255950216748595
53.32285432739552,2.4014621006547827,0.39112446295873504,1.2197851201074448
53.24196432739552,2.320572100654786,0.35215602925986966,1.255950216748595
53.24196432739552,2.2396821006547896,0.3958420908510781,1.2197851201074448
53.08018432739553,2.077902100654782,0.35215602925986966,1.2705997012924715
53.08018432739553,1.9970121006547856,0.39112446295873504,1.2262294675441172
52.99929432739552,1.916122100654789,0.35215602925986966,1.2538461586978293
52.99929432739552,1.8352321006547925,0.3958420908510781,1.2046409759806491
52.837514327395525,1.6734521006547851,0.35215602925986966,1.2538461586978293
52.837514327395525,1.5925621006547885,0.3958420908510781,1.2046409759806491
52.59484432739552,1.3498921006547846,0.35215602925986966,1.2538461586978293
52.59484432739552,1.269002100654788,0.3958420908510781,1.2046409759806491
52.10950432739553,0.7836621006547801,0.3958420908510781,1.2046409759806491
52.02861432739553,0.7836621006547801,0.35215602925986966,1.2538461586978293
51.70505432739553,0.46010210065479384,0.3958420908510781,1.2046409759806491
51.62416432739552,0.46010210065479384,0.35215602925986966,1.2538461586978293
51.462384327395526,0.2983221006547865,0.3958420908510781,1.2046409759806491
51.38149432739553,0.2983221006547865,0.35215602925986966,1.2538461586978293
51.21971432739552,0.13654210065479333,0.3958420908510781,1.2046409759806491
51.138824327395525,0.13654210065479333,0.35215602925986966,1.2538461586978293
50.97704432739552,-0.025237899345214032,0.3958420908510781,1.2046409759806491
50.89615432739552,-0.025237899345214032,0.35215602925986966,1.2538461586978293
50.73437432739553,-0.18701789934520718,0.3958420908510781,1.2046409759806491
50.65348432739552,-0.18701789934520718,0.35215602925986966,1.2538461586978293
50.491704327395524,-0.34879789934521455,0.3958420908510781,1.2046409759806491
50.41081432739553,-0.34879789934521455,0.35215602925986966,1.2538461586978293
50.32992432739552,-0.4296878993452111,0.39112446295873504,1.2262294675441172
50.24903432739552,-0.4296878993452111,0.35215602925986966,1.2705997012924715
50.08725432739553,-0.5914678993452185,0.3958420908510781,1.2262294675441172
50.00636432739553,-0.5914678993452185,0.35215602925986966,1.2705997012924715
49.84458432739552,-0.7532478993452116,0.3958420908510781,1.2197851201074448
49.76369432739553,-0.7532478993452116,0.35215602925986966,1.255950216748595
49.60191432739552,-0.915027899345219,0.3958420908510781,1.2046409759806491
49.52102432739552,-0.915027899345219,0.35215602925986966,1.2538461586978293
49.440134327395526,-0.9959178993452156,0.39112446295873504,1.2262294675441172
49.35924432739553,-0.9959178993452156,0.35215602925986966,1.2705997012924715
49.19746432739552,-1.1576978993452087,0.3958420908510781,1.2197851201074448
49.116574327395526,-1.1576978993452087,0.35215602925986966,1.255950216748595
48.95479432739552,-1.319477899345216,0.3958420908510781,1.2046409759806491
48.87390432739552,-1.319477899345216,0.35215602925986966,1.2538461586978293
48.793014327395525,-1.4003678993452127,0.39112446295873504,1.2262294675441172
48.71212432739553,-1.4003678993452127,0.35215602925986966,1.2705997012924715
48.55034432739552,-1.56214789934522,0.3958420908510781,1.2197851201074448
48.469454327395525,-1.56214789934522,0.35215602925986966,1.255950216748595
48.30767432739552,-1.7239278993452132,0.3958420908510781,1.2046409759806491
48.22678432739552,-1.7239278993452132,0.35215602925986966,1.2538461586978293
48.145894327395524,-1.8048178993452098,0.39112446295873504,1.2197851201074448
48.06500432739553,-1.8048178993452098,0.35215602925986966,1.255950216748595
47.90322432739552,-1.9665978993452171,0.3958420908510781,1.2046409759806491
47.822334327395524,-1.9665978993452171,0.35215602925986966,1.2538461586978293
47.74144432739553,-2.0474878993452137,0.39112446295873504,1.2262294675441172
47.66055432739553,-2.0474878993452137,0.35215602925986966,1.2705997012924715
47.49877432739552,-2.209267899345207,0.3958420908510781,1.2197851201074448
47.41788432739553,-2.209267899345207,0.35215602925986966,1.255950216748595
47.25610432739552,-2.371047899345214,0.3958420908510781,1.2046409759806491
47.17521432739552,-2.371047899345214,0.35215602925986966,1.2538461586978293
47.094324327395526,-2.451937899345211,0.39112446295873504,1.2197851201074448
47.01343432739553,-2.451937899345211,0.35215602925986966,1.255950216748595
46.85165432739552,-2.613717899345218,0.3958420908510781,1.2046409759806491
46.770764327395526,-2.613717899345218,0.35215602925986966,1.2538461586978293
46.68987432739553,-2.6946078993452147,0.39112446295873504,1.2262294675441172
46.60898432739552,-2.6946078993452147,0.35215602925986966,1.2705997012924715
46.447204327395525,-2.856387899345208,0.3958420908510781,1.2197851201074448
46.36631432739553,-2.856387899345208,0.35215602925986966,1.255950216748595
46.20453432739552,-3.0181678993452152,0.3958420908510781,1.2046409759806491
46.123644327395525,-3.0181678993452152,0.35215602925986966,1.2538461586978293
46.04275432739553,-3.099057899345212,0.39112446295873504,1.2262294675441172
45.96186432739552,-3.099057899345212,0.35215602925986966,1.2705997012924715
45.800084327395524,-3.260837899345219,0.3958420908510781,1.2197851201074448
45.71919432739553,-3.260837899345219,0.35215602925986966,1.255950216748595
45.55741432739552,-3.4226178993452123,0.3958420908510781,1.2046409759806491
45.47652432739552,-3.4226178993452123,0.35215602925986966,1.2538461586978293
45.39563432739553,-3.503507899345209,0.39112446295873504,1.2262294675441172
45.31474432739553,-3.503507899345209,0.35215602925986966,1.2705997012924715
45.15296432739552,-3.6652878993452163,0.3958420908510781,1.2197851201074448
45.072074327395526,-3.6652878993452163,0.35215602925986966,1.255950216748595
44.91029432739552,-3.8270678993452094,0.3958420908510781,1.2046409759806491
44.82940432739552,-3.8270678993452094,0.35215602925986966,1.2538461586978293
44.748514327395526,-3.90795789934522,0.39112446295873504,1.2262294675441172
44.66762432739553,-3.90795789934522,0.35215602925986966,1.2705997012924715
44.50584432739552,-4.069737899345213,0.3958420908510781,1.2197851201074448
44.424954327395525,-4.069737899345213,0.35215602925986966,1.255950216748595
44.26317432739552,-4.2315178993452065,0.3958420908510781,1.2046409759806491
44.18228432739552,-4.2315178993452065,0.35215602925986966,1.2538461586978293
44.101394327395525,-4.312407899345217,0.39112446295873504,1.2262294675441172
44.02050432739553,-4.312407899345217,0.35215602925986966,1.2705997012924715
43.85872432739552,-4.47418789934521,0.3958420908510781,1.2197851201074448
43.777834327395524,-4.47418789934521,0.35215602925986966,1.255950216748595
43.61605432739552,-4.635967899345218,0.3958420908510781,1.2046409759806491
43.53516432739552,-4.635967899345218,0.35215602925986966,1.2538461586978293
43.454274327395524,-4.716857899345214,0.39112446295873504,1.2262294675441172
43.37338432739553,-4.716857899345214,0.35215602925986966,1.2705997012924715
43.21160432739552,-4.8786378993452075,0.3958420908510781,1.2197851201074448
43.13071432739552,-4.8786378993452075,0.35215602925986966,1.255950216748595
42.96893432739553,-5.040417899345215,0.3958420908510781,1.2046409759806491
42.88804432739552,-5.040417899345215,0.35215602925986966,1.2538461586978293
42.726264327395526,-5.202197899345208,0.3958420908510781,1.2046409759806491
42.64537432739552,-5.202197899345208,0.35215602925986966,1.2538461586978293
42.564484327395526,-5.283087899345219,0.39112446295873504,1.2262294675441172
42.48359432739552,-5.283087899345219,0.35215602925986966,1.2705997012924715
42.32181432739552,-5.444867899345212,0.3958420908510781,1.2197851201074448
42.240924327395525,-5.444867899345212,0.35215602925986966,1.255950216748595
42.079144327395525,-5.606647899345219,0.3958420908510781,1.2046409759806491
41.99825432739552,-5.606647899345219,0.35215602925986966,1.2538461586978293
41.917364327395525,-5.687537899345216,0.39112446295873504,1.2262294675441172
41.83647432739552,-5.687537899345216,0.35215602925986966,1.2705997012924715
41.67469432739552,-5.849317899345209,0.3958420908510781,1.2197851201074448
41.593804327395524,-5.849317899345209,0.35215602925986966,1.255950216748595
41.432024327395524,-6.011097899345216,0.3958420908510781,1.2046409759806491
41.35113432739552,-6.011097899345216,0.35215602925986966,1.2538461586978293
41.18935432739552,-6.17287789934521,0.3958420908510781,1.2046409759806491
41.108464327395524,-6.17287789934521,0.35215602925986966,1.2538461586978293
40.94668432739552,-6.334657899345217,0.3958420908510781,1.2046409759806491
40.86579432739552,-6.334657899345217,0.35215602925986966,1.2538461586978293
40.70401432739553,-6.49643789934521,0.3958420908510781,1.2046409759806491
40.62312432739552,-6.49643789934521,0.35215602925986966,1.2538461586978293
40.46134432739552,-6.6582178993452175,0.3958420908510781,1.2046409759806491
40.380454327395526,-6.6582178993452175,0.35215602925986966,1.2538461586978293
40.13778432739552,-6.900887899345214,0.3958420908510781,1.2046409759806491
40.056894327395526,-6.900887899345214,0.35215602925986966,1.2538461586978293
39.895114327395525,-7.0626678993452146,0.3958420908510781,1.2046409759806491
39.81422432739552,-7.0626678993452146,0.35215602925986966,1.2538461586978293
39.49066432739552,-7.386227899345215,0.3958420908510781,1.2046409759806491
39.409774327395525,-7.386227899345215,0.35215602925986966,1.2538461586978293
38.358204327395526,-8.437797899345213,0.35215602925986966,1.245401280088767
38.358204327395526,-8.518687899345217,0.3958420908510781,1.1915379023008432
38.11553432739552,-8.761357899345214,0.35215602925986966,1.2538461586978293
38.11553432739552,-8.84224789934521,0.3958420908510781,1.2046409759806491
37.95375432739552,-9.00402789934521,0.35215602925986966,1.2538461586978293
37.95375432739552,-9.084917899345214,0.3958420908510781,1.2046409759806491
37.79197432739552,-9.246697899345214,0.35215602925986966,1.255950216748595
37.79197432739552,-9.327587899345211,0.3958420908510781,1.2197851201074448
37.63019432739552,-9.489367899345211,0.35215602925986966,1.2705997012924715
37.63019432739552,-9.570257899345215,0.39112446295873504,1.2262294675441172
37.549304327395525,-9.651147899345212,0.35215602925986966,1.255950216748595
37.549304327395525,-9.732037899345215,0.39112446295873504,1.2197851201074448
37.46841432739552,-9.812927899345212,0.35215602925986966,1.255950216748595
37.46841432739552,-9.893817899345215,0.39112446295873504,1.2197851201074448
37.387524327395525,-9.974707899345212,0.35215602925986966,1.255950216748595
37.387524327395525,-10.055597899345216,0.39112446295873504,1.2197851201074448
37.30663432739552,-10.136487899345212,0.35215602925986966,1.255950216748595
37.30663432739552,-10.217377899345216,0.39112446295873504,1.2197851201074448
37.225744327395525,-10.298267899345213,0.35215602925986966,1.255950216748595
37.225744327395525,-10.379157899345216,0.39112446295873504,1.2197851201074448
37.14485432739552,-10.460047899345213,0.35215602925986966,1.2622453883113243
37.14485432739552,-10.540937899345217,0.39112446295873504,1.2347798395861214
37.063964327395524,-10.621827899345213,0.35215602925986966,1.2892363419579858
37.063964327395524,-10.702717899345217,0.39112446295873504,1.255950216748595
36.98307432739552,-10.783607899345213,0.35215602925986966,1.2933482151745737
36.98307432739552,-10.864497899345217,0.36703602811242514,1.2622453883113243
36.902184327395524,-10.945387899345214,0.31603988653333165,1.3117218319859045
36.902184327395524,-11.107167899345214,0.36703602811242514,1.2622453883113243
36.82129432739552,-11.18805789934521,0.31603988653333165,1.3117218319859045
36.82129432739552,-11.34983789934521,0.39112446295873504,1.2622453883113243
36.740404327395524,-11.430727899345214,0.35215602925986966,1.3117218319859045
36.740404327395524,-11.592507899345215,0.39112446295873504,1.2622453883113243
36.65951432739552,-11.673397899345211,0.34712000000000004,1.3117218319859045
36.65951432739552,-11.835177899345211,0.36703602811242514,1.2705997012924715
36.578624327395524,-11.916067899345215,0.31603988653333165,1.3358990093829144
36.578624327395524,-12.158737899345212,0.36703602811242514,1.2705997012924715
36.49773432739552,-12.239627899345216,0.31603988653333165,1.3358990093829144
36.49773432739552,-12.482297899345212,0.36703602811242514,1.2705997012924715
36.41684432739552,-12.563187899345216,0.31603988653333165,1.3358990093829144
36.41684432739552,-12.967637899345213,0.36703602811242514,1.2705997012924715
36.33595432739552,-13.048527899345217,0.31603988653333165,1.3358990093829144
36.33595432739552,-13.776537899345215,0.39112446295873504,1.3178
36.25506432739552,-13.857427899345211,0.34712000000000004,1.39869
36.25506432739552,-14.747217899345216,0.31603988653333165,1.39869
36.33595432739552,-14.828107899345213,0.36703602811242514,1.3178
36.33595432739552,-15.475227899345214,0.28888808894390117,1.3358990093829144
36.41684432739552,-15.556117899345217,0.35215602925986966,1.2705997012924715
36.41684432739552,-15.87967789934521,0.28888808894390117,1.3358990093829144
36.49773432739552,-15.960567899345214,0.35215602925986966,1.2705997012924715
36.49773432739552,-16.284127899345215,0.28888808894390117,1.3498387538180814
36.578624327395524,-16.36501789934521,0.35215602925986966,1.2892363419579858
36.578624327395524,-16.526797899345212,0.28888808894390117,1.3378976649961987
36.65951432739552,-16.607687899345215,0.35215602925986966,1.2892363419579858
36.65951432739552,-16.769467899345216,0.28888808894390117,1.3378976649961987
36.740404327395524,-16.850357899345212,0.35215602925986966,1.2892363419579858
36.740404327395524,-17.012137899345213,0.28888808894390117,1.3378976649961987
36.82129432739552,-17.093027899345216,0.35215602925986966,1.2892363419579858
36.82129432739552,-17.254807899345217,0.28888808894390117,1.3378976649961987
36.902184327395524,-17.335697899345213,0.35215602925986966,1.2892363419579858
36.902184327395524,-17.497477899345213,0.28888808894390117,1.3378976649961987
36.98307432739552,-17.578367899345217,0.35215602925986966,1.2933482151745737
36.98307432739552,-17.659257899345214,0.31603988653333165,1.3278798482996221
37.063964327395524,-17.740147899345217,0.35215602925986966,1.2892363419579858
37.063964327395524,-17.90192789934521,0.28888808894390117,1.3378976649961987
37.14485432739552,-17.982817899345214,0.35215602925986966,1.2892363419579858
37.14485432739552,-18.144597899345214,0.28888808894390117,1.3378976649961987
37.225744327395525,-18.22548789934521,0.35215602925986966,1.2933482151745737
37.225744327395525,-18.306377899345215,0.31603988653333165,1.3278798482996221
37.30663432739552,-18.38726789934521,0.36703602811242514,1.2892363419579858
37.30663432739552,-18.54904789934521,0.31603988653333165,1.3378976649961987
37.387524327395525,-18.629937899345215,0.35215602925986966,1.2892363419579858
37.387524327395525,-18.791717899345215,0.28888808894390117,1.3378976649961987
37.46841432739552,-18.872607899345212,0.35215602925986966,1.2892363419579858
37.46841432739552,-19.034387899345212,0.28888808894390117,1.3378976649961987
37.549304327395525,-19.115277899345216,0.35215602925986966,1.2892363419579858
37.549304327395525,-19.277057899345216,0.28888808894390117,1.3378976649961987
37.63019432739552,-19.357947899345213,0.35215602925986966,1.2933482151745737
37.63019432739552,-19.438837899345216,0.31603988653333165,1.3278798482996221
37.711084327395525,-19.519727899345213,0.36703602811242514,1.2892363419579858
37.711084327395525,-19.681507899345213,0.31603988653333165,1.3378976649961987
37.79197432739552,-19.762397899345217,0.35215602925986966,1.2892363419579858
37.79197432739552,-19.924177899345217,0.28888808894390117,1.3378976649961987
37.872864327395526,-20.005067899345214,0.35215602925986966,1.2892363419579858
37.872864327395526,-20.166847899345214,0.28888808894390117,1.3378976649961987
37.95375432739552,-20.24773789934521,0.35215602925986966,1.2892363419579858
37.95375432739552,-20.40951789934521,0.28888808894390117,1.3378976649961987
38.034644327395526,-20.490407899345215,0.35215602925986966,1.2933482151745737
38.034644327395526,-20.57129789934521,0.31603988653333165,1.3278798482996221
38.11553432739552,-20.652187899345215,0.36703602811242514,1.2892363419579858
38.11553432739552,-20.813967899345215,0.31603988653333165,1.3378976649961987
38.196424327395526,-20.89485789934521,0.35215602925986966,1.2892363419579858
38.196424327395526,-21.056637899345212,0.28888808894390117,1.3378976649961987
38.27731432739552,-21.137527899345216,0.35215602925986966,1.2892363419579858
38.27731432739552,-21.299307899345216,0.28888808894390117,1.3378976649961987
38.358204327395526,-21.380197899345212,0.35215602925986966,1.2892363419579858
38.358204327395526,-21.541977899345213,0.28888808894390117,1.3378976649961987
38.43909432739552,-21.622867899345216,0.35215602925986966,1.2933482151745737
38.43909432739552,-21.703757899345213,0.31603988653333165,1.3278798482996221
38.51998432739553,-21.784647899345217,0.36703602811242514,1.2892363419579858
38.51998432739553,-21.946427899345217,0.31603988653333165,1.3378976649961987
38.60087432739552,-22.027317899345213,0.35215602925986966,1.2892363419579858
38.60087432739552,-22.189097899345214,0.28888808894390117,1.3378976649961987
38.68176432739552,-22.269987899345217,0.35215602925986966,1.2892363419579858
38.68176432739552,-22.431767899345218,0.28888808894390117,1.3378976649961987
38.76265432739552,-22.512657899345214,0.35215602925986966,1.2892363419579858
38.76265432739552,-22.674437899345214,0.28888808894390117,1.3378976649961987
38.84354432739552,-22.75532789934521,0.35215602925986966,1.2933482151745737
38.84354432739552,-22.836217899345215,0.31603988653333165,1.3278798482996221
38.924434327395524,-22.91710789934521,0.36703602811242514,1.2892363419579858
38.924434327395524,-23.07888789934521,0.31603988653333165,1.3378976649961987
39.00532432739552,-23.159777899345215,0.35215602925986966,1.2892363419579858
39.00532432739552,-23.321557899345216,0.28888808894390117,1.3378976649961987
39.086214327395524,-23.402447899345212,0.35215602925986966,1.2892363419579858
39.086214327395524,-23.564227899345212,0.28888808894390117,1.3378976649961987
39.16710432739552,-23.645117899345216,0.35215602925986966,1.2892363419579858
39.16710432739552,-23.806897899345216,0.28888808894390117,1.3378976649961987
39.247994327395524,-23.887787899345213,0.35215602925986966,1.2933482151745737
39.247994327395524,-23.968677899345217,0.31603988653333165,1.3278798482996221
39.32888432739552,-24.049567899345213,0.36703602811242514,1.2892363419579858
39.32888432739552,-24.211347899345213,0.31603988653333165,1.3378976649961987
39.409774327395525,-24.292237899345217,0.35215602925986966,1.2892363419579858
39.409774327395525,-24.454017899345217,0.28888808894390117,1.3378976649961987
39.49066432739552,-24.534907899345214,0.35215602925986966,1.2892363419579858
39.49066432739552,-24.696687899345214,0.28888808894390117,1.3378976649961987
39.571554327395525,-24.777577899345218,0.35215602925986966,1.2892363419579858
39.571554327395525,-24.93935789934521,0.28888808894390117,1.3378976649961987
39.65244432739552,-25.020247899345215,0.35215602925986966,1.2892363419579858
39.65244432739552,-25.182027899345215,0.28888808894390117,1.3378976649961987
39.733334327395525,-25.26291789934521,0.35215602925986966,1.2933482151745737
39.733334327395525,-25.343807899345215,0.31603988653333165,1.3278798482996221
39.81422432739552,-25.42469789934521,0.36703602811242514,1.2892363419579858
39.81422432739552,-25.586477899345212,0.31603988653333165,1.3378976649961987
39.895114327395525,-25.667367899345216,0.36703602811242514,1.2892363419579858
39.895114327395525,-25.829147899345216,0.31603988653333165,1.3378976649961987
39.97600432739552,-25.910037899345213,0.36703602811242514,1.2892363419579858
39.97600432739552,-26.071817899345213,0.31603988653333165,1.3378976649961987
40.056894327395526,-26.152707899345216,0.36703602811242514,1.2892363419579858
40.056894327395526,-26.314487899345217,0.31603988653333165,1.3378976649961987
40.13778432739552,-26.395377899345213,0.36703602811242514,1.2892363419579858
40.13778432739552,-26.557157899345214,0.31603988653333165,1.3378976649961987
40.218674327395526,-26.638047899345217,0.36703602811242514,1.2892363419579858
40.218674327395526,-26.799827899345217,0.31603988653333165,1.3378976649961987
40.29956432739552,-26.880717899345214,0.36703602811242514,1.2892363419579858
40.29956432739552,-27.042497899345214,0.31603988653333165,1.3378976649961987
40.380454327395526,-27.12338789934521,0.36703602811242514,1.2892363419579858
40.380454327395526,-28.336737899345216,0.5089,1.5674906664559265
40.29956432739552,-28.417627899345213,0.5007701454225176,1.5445758027253853
40.218674327395526,-28.417627899345213,0.44576895115042164,1.5674906664559265
40.13778432739552,-28.498517899345217,0.46311473377205864,1.50875538699958
39.409774327395525,-28.498517899345217,0.39112446295873504,1.3378976649961987
39.32888432739552,-28.417627899345213,0.34712000000000004,1.3890327870115489
39.00532432739552,-28.417627899345213,0.36703602811242514,1.2892363419579858
38.924434327395524,-28.336737899345216,0.31603988653333165,1.3278798482996221
38.84354432739552,-28.336737899345216,0.35215602925986966,1.2933482151745737
38.76265432739552,-28.255847899345213,0.28888808894390117,1.3278798482996221
38.60087432739552,-28.255847899345213,0.35215602925986966,1.255950216748595
38.51998432739553,-28.174957899345216,0.31603988653333165,1.2933482151745737
38.43909432739552,-28.174957899345216,0.35215602925986966,1.255950216748595
38.358204327395526,-28.094067899345212,0.31603988653333165,1.2933482151745737
38.27731432739552,-28.094067899345212,0.35215602925986966,1.2622453883113243
38.196424327395526,-28.013177899345216,0.31603988653333165,1.3117218319859045
38.11553432739552,-28.013177899345216,0.35215602925986966,1.2892363419579858
38.034644327395526,-27.932287899345212,0.31603988653333165,1.3278798482996221
37.95375432739552,-27.932287899345212,0.35215602925986966,1.2933482151745737
37.872864327395526,-27.851397899345216,0.31603988653333165,1.3278798482996221
37.79197432739552,-27.851397899345216,0.35215602925986966,1.2933482151745737
37.711084327395525,-27.770507899345212,0.31603988653333165,1.3278798482996221
37.63019432739552,-27.770507899345212,0.35215602925986966,1.2933482151745737
37.549304327395525,-27.689617899345215,0.31603988653333165,1.3278798482996221
37.46841432739552,-27.689617899345215,0.35215602925986966,1.2933482151745737
37.387524327395525,-27.60872789934521,0.31603988653333165,1.3278798482996221
37.30663432739552,-27.60872789934521,0.35215602925986966,1.2933482151745737
37.225744327395525,-27.527837899345215,0.31603988653333165,1.3278798482996221
37.14485432739552,-27.527837899345215,0.35215602925986966,1.2933482151745737
37.063964327395524,-27.44694789934521,0.31603988653333165,1.3278798482996221
36.98307432739552,-27.44694789934521,0.35215602925986966,1.2933482151745737
36.902184327395524,-27.366057899345215,0.31603988653333165,1.3278798482996221
36.82129432739552,-27.366057899345215,0.35215602925986966,1.2933482151745737
36.740404327395524,-27.28516789934521,0.31603988653333165,1.3178
36.65951432739552,-27.28516789934521,0.35215602925986966,1.2705997012924715
36.578624327395524,-27.204277899345215,0.31603988653333165,1.295400177667033
36.49773432739552,-27.204277899345215,0.35215602925986966,1.255950216748595
36.41684432739552,-27.12338789934521,0.31603988653333165,1.2933482151745737
36.33595432739552,-27.12338789934521,0.35215602925986966,1.2538461586978293
36.17417432739553,-26.961607899345218,0.31603988653333165,1.295400177667033
36.09328432739552,-26.961607899345218,0.35215602925986966,1.2538461586978293
35.850614327395526,-26.718937899345214,0.31603988653333165,1.3056206548870752
35.76972432739552,-26.718937899345214,0.35215602925986966,1.2538461586978293
35.527054327395525,-26.476267899345217,0.31603988653333165,1.3056206548870752
35.44616432739552,-26.476267899345217,0.35215602925986966,1.2538461586978293
35.203494327395525,-26.233597899345213,0.31603988653333165,1.3056206548870752
35.12260432739552,-26.233597899345213,0.35215602925986966,1.2538461586978293
34.879934327395524,-25.990927899345216,0.31603988653333165,1.3056206548870752
34.79904432739552,-25.990927899345216,0.35215602925986966,1.2538461586978293
34.556374327395524,-25.748257899345212,0.31603988653333165,1.3015402908450353
34.47548432739552,-25.748257899345212,0.35215602925986966,1.245401280088767
34.15192432739552,-25.42469789934521,0.31603988653333165,1.3056206548870752
34.07103432739552,-25.42469789934521,0.35215602925986966,1.2538461586978293
33.828364327395526,-25.182027899345215,0.31603988653333165,1.3056206548870752
33.74747432739552,-25.182027899345215,0.35215602925986966,1.2538461586978293
33.504804327395526,-24.93935789934521,0.31603988653333165,1.3056206548870752
33.42391432739552,-24.93935789934521,0.35215602925986966,1.2538461586978293
33.10035432739552,-24.615797899345218,0.31603988653333165,1.3056206548870752
33.019464327395525,-24.615797899345218,0.35215602925986966,1.2538461586978293
32.77679432739552,-24.373127899345214,0.31603988653333165,1.3056206548870752
32.695904327395525,-24.373127899345214,0.35215602925986966,1.2538461586978293
32.45323432739552,-24.130457899345217,0.31603988653333165,1.3056206548870752
32.372344327395524,-24.130457899345217,0.35215602925986966,1.2538461586978293
32.12967432739552,-23.887787899345213,0.31603988653333165,1.3056206548870752
32.04878432739552,-23.887787899345213,0.35215602925986966,1.2538461586978293
31.80611432739552,-23.645117899345216,0.31603988653333165,1.3015402908450353
31.725224327395523,-23.645117899345216,0.35215602925986966,1.245401280088767
31.401664327395522,-23.321557899345216,0.31603988653333165,1.3056206548870752
31.320774327395526,-23.321557899345216,0.35215602925986966,1.2538461586978293
31.078104327395522,-23.07888789934521,0.31603988653333165,1.3056206548870752
30.997214327395525,-23.07888789934521,0.35215602925986966,1.2538461586978293
30.75454432739552,-22.836217899345215,0.31603988653333165,1.3056206548870752
30.673654327395525,-22.836217899345215,0.35215602925986966,1.2538461586978293
30.43098432739552,-22.59354789934521,0.31603988653333165,1.3015402908450353
30.350094327395524,-22.59354789934521,0.35215602925986966,1.245401280088767
30.026534327395524,-22.269987899345217,0.31603988653333165,1.3056206548870752
29.94564432739552,-22.269987899345217,0.35215602925986966,1.2538461586978293
29.702974327395523,-22.027317899345213,0.31603988653333165,1.3056206548870752
29.62208432739552,-22.027317899345213,0.35215602925986966,1.2538461586978293
29.379414327395523,-21.784647899345217,0.31603988653333165,1.3056206548870752
29.298524327395526,-21.784647899345217,0.35215602925986966,1.2538461586978293
29.055854327395522,-21.541977899345213,0.31603988653333165,1.3056206548870752
28.974964327395526,-21.541977899345213,0.35215602925986966,1.2538461586978293
28.651404327395525,-21.218417899345212,0.31603988653333165,1.3056206548870752
28.57051432739552,-21.218417899345212,0.35215602925986966,1.2538461586978293
28.327844327395525,-20.975747899345215,0.31603988653333165,1.3056206548870752
28.24695432739552,-20.975747899345215,0.35215602925986966,1.2538461586978293
28.004284327395524,-20.73307789934521,0.31603988653333165,1.3056206548870752
27.92339432739552,-20.73307789934521,0.35215602925986966,1.2538461586978293
27.680724327395524,-20.490407899345215,0.31603988653333165,1.3056206548870752
27.59983432739552,-20.490407899345215,0.35215602925986966,1.2538461586978293
27.357164327395523,-20.24773789934521,0.31603988653333165,1.3015402908450353
27.27627432739552,-20.24773789934521,0.35215602925986966,1.245401280088767
26.952714327395526,-19.924177899345217,0.31603988653333165,1.3056206548870752
26.871824327395522,-19.924177899345217,0.35215602925986966,1.2538461586978293
26.629154327395526,-19.681507899345213,0.31603988653333165,1.3056206548870752
26.548264327395522,-19.681507899345213,0.35215602925986966,1.2538461586978293
26.305594327395525,-19.438837899345216,0.31603988653333165,1.3056206548870752
26.22470432739552,-19.438837899345216,0.35215602925986966,1.2538461586978293
25.982034327395525,-19.196167899345213,0.31603988653333165,1.3015402908450353
25.90114432739552,-19.196167899345213,0.35215602925986966,1.245401280088767
25.57758432739552,-18.872607899345212,0.31603988653333165,1.3056206548870752
25.496694327395524,-18.872607899345212,0.35215602925986966,1.2538461586978293
25.25402432739552,-18.629937899345215,0.31603988653333165,1.3056206548870752
25.173134327395523,-18.629937899345215,0.35215602925986966,1.2538461586978293
24.93046432739552,-18.38726789934521,0.31603988653333165,1.3056206548870752
24.849574327395523,-18.38726789934521,0.35215602925986966,1.2538461586978293
24.606904327395526,-18.144597899345214,0.31603988653333165,1.3056206548870752
24.526014327395522,-18.144597899345214,0.35215602925986966,1.2538461586978293
24.283344327395525,-17.90192789934521,0.31603988653333165,1.3015402908450353
24.20245432739552,-17.90192789934521,0.35215602925986966,1.245401280088767
23.87889432739552,-17.578367899345217,0.31603988653333165,1.3056206548870752
23.798004327395525,-17.578367899345217,0.35215602925986966,1.2538461586978293
23.55533432739552,-17.335697899345213,0.31603988653333165,1.3056206548870752
23.474444327395524,-17.335697899345213,0.35215602925986966,1.2538461586978293
23.23177432739552,-17.093027899345216,0.31603988653333165,1.3056206548870752
23.150884327395524,-17.093027899345216,0.35215602925986966,1.2538461586978293
22.90821432739552,-16.850357899345212,0.31603988653333165,1.3015402908450353
22.827324327395523,-16.850357899345212,0.35215602925986966,1.245401280088767
22.503764327395523,-16.526797899345212,0.31603988653333165,1.3056206548870752
22.422874327395526,-16.526797899345212,0.35215602925986966,1.2538461586978293
22.180204327395522,-16.284127899345215,0.31603988653333165,1.3056206548870752
22.099314327395525,-16.284127899345215,0.35215602925986966,1.2538461586978293
21.85664432739552,-16.04145789934521,0.31603988653333165,1.3056206548870752
21.775754327395525,-16.04145789934521,0.35215602925986966,1.2538461586978293
21.53308432739552,-15.798787899345214,0.31603988653333165,1.3015402908450353
21.452194327395524,-15.798787899345214,0.35215602925986966,1.245401280088767
21.128634327395524,-15.475227899345214,0.31603988653333165,1.3056206548870752
21.04774432739552,-15.475227899345214,0.35215602925986966,1.2538461586978293
20.805074327395523,-15.232557899345217,0.31603988653333165,1.3056206548870752
20.72418432739552,-15.232557899345217,0.35215602925986966,1.2538461586978293
20.481514327395523,-14.989887899345213,0.31603988653333165,1.3056206548870752
20.40062432739552,-14.989887899345213,0.35215602925986966,1.2538461586978293
20.157954327395522,-14.747217899345216,0.31603988653333165,1.3056206548870752
20.077064327395526,-14.747217899345216,0.35215602925986966,1.2538461586978293
19.834394327395522,-14.504547899345212,0.31603988653333165,1.3015402908450353
19.753504327395525,-14.504547899345212,0.35215602925986966,1.245401280088767
19.429944327395525,-14.180987899345212,0.31603988653333165,1.3056206548870752
19.34905432739552,-14.180987899345212,0.35215602925986966,1.2538461586978293
19.106384327395524,-13.938317899345215,0.31603988653333165,1.3056206548870752
19.02549432739552,-13.938317899345215,0.35215602925986966,1.2538461586978293
18.782824327395524,-13.69564789934521,0.31603988653333165,1.3056206548870752
18.70193432739552,-13.69564789934521,0.35215602925986966,1.2538461586978293
18.459264327395523,-13.452977899345214,0.31603988653333165,1.3015402908450353
18.37837432739552,-13.452977899345214,0.35215602925986966,1.245401280088767
18.05481432739552,-13.129417899345214,0.31603988653333165,1.3056206548870752
17.973924327395522,-13.129417899345214,0.35215602925986966,1.2538461586978293
17.731254327395526,-12.886747899345217,0.31603988653333165,1.3056206548870752
17.650364327395522,-12.886747899345217,0.35215602925986966,1.2538461586978293
17.407694327395525,-12.644077899345213,0.31603988653333165,1.3056206548870752
17.32680432739552,-12.644077899345213,0.35215602925986966,1.2538461586978293
17.084134327395525,-12.401407899345216,0.31603988653333165,1.3056206548870752
17.00324432739552,-12.401407899345216,0.35215602925986966,1.2538461586978293
16.67968432739552,-12.077847899345215,0.31603988653333165,1.3056206548870752
16.598794327395524,-12.077847899345215,0.35215602925986966,1.2538461586978293
16.35612432739552,-11.835177899345211,0.31603988653333165,1.3056206548870752
16.275234327395523,-11.835177899345211,0.35215602925986966,1.2538461586978293
16.03256432739552,-11.592507899345215,0.31603988653333165,1.3056206548870752
15.951674327395523,-11.592507899345215,0.35215602925986966,1.2538461586978293
15.709004327395519,-11.34983789934521,0.31603988653333165,1.3056206548870752
15.628114327395522,-11.34983789934521,0.35215602925986966,1.2538461586978293
15.385444327395525,-11.107167899345214,0.31603988653333165,1.3015402908450353
15.304554327395522,-11.107167899345214,0.35215602925986966,1.245401280088767
14.980994327395521,-10.783607899345213,0.31603988653333165,1.3056206548870752
14.900104327395525,-10.783607899345213,0.35215602925986966,1.2538461586978293
14.65743432739552,-10.540937899345217,0.31603988653333165,1.3056206548870752
14.576544327395524,-10.540937899345217,0.35215602925986966,1.2538461586978293
14.33387432739552,-10.298267899345213,0.31603988653333165,1.3056206548870752
14.252984327395524,-10.298267899345213,0.35215602925986966,1.2538461586978293
14.01031432739552,-10.055597899345216,0.31603988653333165,1.3015402908450353
13.929424327395523,-10.055597899345216,0.35215602925986966,1.245401280088767
13.605864327395523,-9.732037899345215,0.31603988653333165,1.3056206548870752
13.524974327395519,-9.732037899345215,0.35215602925986966,1.2538461586978293
13.282304327395522,-9.489367899345211,0.31603988653333165,1.3056206548870752
13.201414327395526,-9.489367899345211,0.35215602925986966,1.2538461586978293
12.958744327395522,-9.246697899345214,0.31603988653333165,1.3056206548870752
12.877854327395525,-9.246697899345214,0.35215602925986966,1.2538461586978293
12.635184327395521,-9.00402789934521,0.31603988653333165,1.3056206548870752
12.554294327395525,-9.00402789934521,0.35215602925986966,1.2538461586978293
12.230734327395524,-8.680467899345217,0.31603988653333165,1.3056206548870752
12.14984432739552,-8.680467899345217,0.35215602925986966,1.2538461586978293
11.907174327395524,-8.437797899345213,0.31603988653333165,1.3056206548870752
11.82628432739552,-8.437797899345213,0.35215602925986966,1.2538461586978293
11.583614327395523,-8.195127899345216,0.31603988653333165,1.3056206548870752
11.50272432739552,-8.195127899345216,0.35215602925986966,1.2538461586978293
11.260054327395522,-7.952457899345212,0.31603988653333165,1.3056206548870752
11.179164327395519,-7.952457899345212,0.35215602925986966,1.2538461586978293
10.936494327395522,-7.709787899345216,0.31603988653333165,1.3015402908450353
10.855604327395525,-7.709787899345216,0.35215602925986966,1.245401280088767
10.532044327395521,-7.386227899345215,0.31603988653333165,1.3056206548870752
10.451154327395521,-7.386227899345215,0.35215602925986966,1.2538461586978293
10.20848432739552,-7.143557899345211,0.31603988653333165,1.3056206548870752
10.12759432739552,-7.143557899345211,0.35215602925986966,1.2538461586978293
9.88492432739552,-6.900887899345214,0.31603988653333165,1.3056206548870752
9.80403432739552,-6.900887899345214,0.35215602925986966,1.2538461586978293
9.561364327395523,-6.6582178993452175,0.31603988653333165,1.3015402908450353
9.480474327395523,-6.6582178993452175,0.35215602925986966,1.245401280088767
9.156914327395523,-6.334657899345217,0.31603988653333165,1.3056206548870752
9.076024327395523,-6.334657899345217,0.35215602925986966,1.2538461586978293
8.833354327395522,-6.091987899345213,0.31603988653333165,1.3056206548870752
8.752464327395522,-6.091987899345213,0.35215602925986966,1.2538461586978293
8.509794327395522,-5.849317899345209,0.31603988653333165,1.3056206548870752
8.428904327395522,-5.849317899345209,0.35215602925986966,1.2538461586978293
8.186234327395521,-5.606647899345219,0.31603988653333165,1.3056206548870752
8.105344327395521,-5.606647899345219,0.35215602925986966,1.2538461586978293
7.7817843273955205,-5.283087899345219,0.31603988653333165,1.3056206548870752
7.70089432739552,-5.283087899345219,0.35215602925986966,1.2538461586978293
7.4582243273955235,-5.040417899345215,0.31603988653333165,1.3056206548870752
7.377334327395523,-5.040417899345215,0.35215602925986966,1.2538461586978293
7.134664327395523,-4.797747899345211,0.31603988653333165,1.3056206548870752
7.053774327395523,-4.797747899345211,0.35215602925986966,1.2538461586978293
6.8111043273955225,-4.555077899345207,0.31603988653333165,1.3056206548870752
6.730214327395522,-4.555077899345207,0.35215602925986966,1.2538461586978293
6.487544327395522,-4.312407899345217,0.31603988653333165,1.3015402908450353
6.406654327395522,-4.312407899345217,0.35215602925986966,1.245401280088767
6.083094327395521,-3.9888478993452168,0.31603988653333165,1.3056206548870752
6.002204327395521,-3.9888478993452168,0.35215602925986966,1.2538461586978293
5.759534327395521,-3.746177899345213,0.31603988653333165,1.3056206548870752
5.678644327395521,-3.746177899345213,0.35215602925986966,1.2538461586978293
5.43597432739552,-3.503507899345209,0.31603988653333165,1.3056206548870752
5.35508432739552,-3.503507899345209,0.35215602925986966,1.2538461586978293
5.112414327395523,-3.260837899345219,0.31603988653333165,1.3015402908450353
5.031524327395523,-3.260837899345219,0.35215602925986966,1.245401280088767
4.707964327395523,-2.9372778993452187,0.31603988653333165,1.3056206548870752
4.627074327395523,-2.9372778993452187,0.35215602925986966,1.2538461586978293
4.384404327395522,-2.6946078993452147,0.31603988653333165,1.3056206548870752
4.303514327395522,-2.6946078993452147,0.35215602925986966,1.2538461586978293
4.060844327395522,-2.451937899345211,0.31603988653333165,1.3056206548870752
3.9799543273955216,-2.451937899345211,0.35215602925986966,1.2538461586978293
3.737284327395521,-2.209267899345207,0.31603988653333165,1.3056206548870752
3.656394327395521,-2.209267899345207,0.35215602925986966,1.2538461586978293
3.4137243273955207,-1.9665978993452171,0.31603988653333165,1.3015402908450353
3.3328343273955205,-1.9665978993452171,0.35215602925986966,1.245401280088767
3.00927432739552,-1.6430378993452166,0.31603988653333165,1.3056206548870752
2.92838432739552,-1.6430378993452166,0.35215602925986966,1.2538461586978293
2.685714327395523,-1.4003678993452127,0.31603988653333165,1.3056206548870752
2.604824327395523,-1.4003678993452127,0.35215602925986966,1.2538461586978293
2.3621543273955226,-1.1576978993452087,0.31603988653333165,1.3056206548870752
2.2812643273955224,-1.1576978993452087,0.35215602925986966,1.2538461586978293
2.038594327395522,-0.915027899345219,0.31603988653333165,1.3015402908450353
1.957704327395522,-0.915027899345219,0.35215602925986966,1.245401280088767
1.6341443273955214,-0.5914678993452185,0.31603988653333165,1.3056206548870752
1.5532543273955213,-0.5914678993452185,0.35215602925986966,1.2538461586978293
1.3105843273955209,-0.34879789934521455,0.31603988653333165,1.3056206548870752
1.2296943273955208,-0.34879789934521455,0.35215602925986966,1.2538461586978293
0.9870243273955204,-0.10612789934521061,0.31603988653333165,1.3056206548870752
0.9061343273955202,-0.10612789934521061,0.35215602925986966,1.2538461586978293
0.6634643273955199,0.13654210065479333,0.31603988653333165,1.3015402908450353
0.5825743273955233,0.13654210065479333,0.35215602925986966,1.245401280088767
0.25901432739552277,0.46010210065479384,0.31603988653333165,1.3178
0.17812432739552264,0.46010210065479384,0.35215602925986966,1.2705997012924715
-0.06454567260447774,0.7027721006547836,0.31603988653333165,1.3056206548870752
-0.14543567260447787,0.7027721006547836,0.35215602925986966,1.2538461586978293
-0.38810567260447826,0.9454421006547875,0.31603988653333165,1.3056206548870752
-0.4689956726044784,0.9454421006547875,0.35215602925986966,1.2538461586978293
-0.7116656726044788,1.1881121006547914,0.31603988653333165,1.3015402908450353
-0.7925556726044789,1.1881121006547914,0.35215602925986966,1.245401280088767
-1.1161156726044794,1.511672100654792,0.31603988653333165,1.3056206548870752
-1.1970056726044795,1.511672100654792,0.35215602925986966,1.2538461586978293
-1.43967567260448,1.7543421006547817,0.31603988653333165,1.3056206548870752
-1.52056567260448,1.7543421006547817,0.35215602925986966,1.2538461586978293
-1.763235672604477,1.9970121006547856,0.31603988653333165,1.3056206548870752
-1.844125672604477,1.9970121006547856,0.35215602925986966,1.2538461586978293
-2.0867956726044774,2.2396821006547896,0.31603988653333165,1.3015402908450353
-2.1676856726044775,2.2396821006547896,0.35215602925986966,1.245401280088767
-2.491245672604478,2.56324210065479,0.31603988653333165,1.3056206548870752
-2.572135672604478,2.56324210065479,0.35215602925986966,1.2538461586978293
-2.8148056726044786,2.805912100654794,0.31603988653333165,1.3056206548870752
-2.8956956726044787,2.805912100654794,0.35215602925986966,1.2538461586978293
-3.138365672604479,3.0485821006547837,0.31603988653333165,1.3056206548870752
-3.219255672604479,3.0485821006547837,0.35215602925986966,1.2538461586978293
-3.4619256726044796,3.2912521006547877,0.31603988653333165,1.3015402908450353
-3.5428156726044797,3.2912521006547877,0.35215602925986966,1.245401280088767
-3.8663756726044802,3.614812100654788,0.31603988653333165,1.3056206548870752
-3.9472656726044804,3.614812100654788,0.35215602925986966,1.2538461586978293
-4.189935672604477,3.857482100654792,0.31603988653333165,1.3056206548870752
-4.270825672604477,3.857482100654792,0.35215602925986966,1.2538461586978293
-4.513495672604478,4.100152100654782,0.31603988653333165,1.3056206548870752
-4.594385672604478,4.100152100654782,0.35215602925986966,1.2538461586978293
-4.837055672604478,4.342822100654786,0.31603988653333165,1.3015402908450353
-4.917945672604478,4.342822100654786,0.35215602925986966,1.245401280088767
-5.241505672604479,4.666382100654786,0.31603988653333165,1.3056206548870752
-5.322395672604479,4.666382100654786,0.35215602925986966,1.2538461586978293
-5.565065672604479,4.90905210065479,0.31603988653333165,1.3056206548870752
-5.6459556726044795,4.90905210065479,0.35215602925986966,1.2538461586978293
-5.888625672604478,5.15172210065478,0.31603988653333165,1.3056206548870752
-5.969515672604478,5.15172210065478,0.35215602925986966,1.2538461586978293
-6.212185672604479,5.394392100654784,0.31603988653333165,1.3015402908450353
-6.293075672604479,5.394392100654784,0.35215602925986966,1.245401280088767
-6.616635672604479,5.717952100654784,0.31603988653333165,1.3056206548870752
-6.697525672604479,5.717952100654784,0.35215602925986966,1.2538461586978293
-6.940195672604478,5.960622100654788,0.31603988653333165,1.3056206548870752
-7.021085672604478,5.960622100654788,0.35215602925986966,1.2538461586978293
-7.2637556726044785,6.203292100654792,0.31603988653333165,1.3056206548870752
-7.344645672604479,6.203292100654792,0.35215602925986966,1.2538461586978293
-7.749095672604479,6.607742100654789,0.35215602925986966,1.3178
-7.749095672604479,6.688632100654786,0.31603988653333165,1.3832118640563347
-7.829985672604479,6.7695221006547825,0.35215602925986966,1.406376419345978
-7.829985672604479,6.850412100654793,0.31603988653333165,1.4731338934355747
-7.9108756726044795,6.93130210065479,0.36703602811242514,1.4731338934355747
-7.9108756726044795,7.416642100654784,0.35215602925986966,1.4758993755841012
-7.829985672604479,7.49753210065478,0.28888808894390117,1.4960494718409068
-7.829985672604479,7.578422100654791,0.31603988653333165,1.4499182560336927
-7.749095672604479,7.6593121006547875,0.27197867530179837,1.4731338934355747
-7.749095672604479,7.740202100654784,0.28888808894390117,1.415936025905395
-7.668205672604479,7.821092100654781,0.24262661609987404,1.4197449895842118
-7.668205672604479,7.9019821006547915,0.2833060853445642,1.367590070281063
-7.182865672604478,8.387322100654785,0.2833060853445642,1.3178
-7.101975672604478,8.387322100654785,0.24262661609987404,1.3656270442088771
-7.021085672604478,8.468212100654782,0.2833060853445642,1.3378976649961987
-6.940195672604478,8.468212100654782,0.24262661609987404,1.3832118640563347
-6.85930567260448,8.549102100654792,0.2833060853445642,1.3656270442088771
-6.7784156726044795,8.549102100654792,0.24262661609987404,1.4006148618073406
-6.697525672604479,8.629992100654789,0.2833060853445642,1.3656270442088771
-6.616635672604479,8.629992100654789,0.24262661609987404,1.4006148618073406
-6.535745672604479,8.710882100654786,0.2833060853445642,1.3656270442088771
-6.454855672604479,8.710882100654786,0.24262661609987404,1.3890327870115489
-6.373965672604479,8.791772100654782,0.2833060853445642,1.3378976649961987
-6.212185672604479,8.791772100654782,0.2115932798620405,1.4006148618073406
-6.1312956726044785,8.872662100654793,0.27197867530179837,1.3656270442088771
-6.050405672604478,8.872662100654793,0.24262661609987404,1.4006148618073406
-5.969515672604478,8.95355210065479,0.2833060853445642,1.3656270442088771
-5.888625672604478,8.95355210065479,0.24262661609987404,1.4006148618073406
-5.807735672604478,9.034442100654786,0.2833060853445642,1.3656270442088771
-5.72684567260448,9.034442100654786,0.24262661609987404,1.3890327870115489
-5.6459556726044795,9.115332100654783,0.2833060853445642,1.3378976649961987
-5.484175672604479,9.115332100654783,0.2115932798620405,1.4006148618073406
-5.403285672604479,9.196222100654794,0.27197867530179837,1.3656270442088771
-5.322395672604479,9.196222100654794,0.24262661609987404,1.4006148618073406
-5.241505672604479,9.27711210065479,0.2833060853445642,1.3656270442088771
-5.160615672604479,9.27711210065479,0.24262661609987404,1.3890327870115489
-5.079725672604479,9.358002100654787,0.2833060853445642,1.3378976649961987
-4.9988356726044785,9.358002100654787,0.24262661609987404,1.367590070281063
-4.917945672604478,9.438892100654783,0.2833060853445642,1.3278798482996221
-4.756165672604478,9.438892100654783,0.2115932798620405,1.4006148618073406
-4.675275672604478,9.519782100654794,0.27197867530179837,1.3656270442088771
-4.594385672604478,9.519782100654794,0.24262661609987404,1.4006148618073406
-4.513495672604478,9.60067210065479,0.2833060853445642,1.3656270442088771
-4.432605672604478,9.60067210065479,0.24262661609987404,1.3890327870115489
-4.3517156726044774,9.681562100654787,0.2833060853445642,1.3378976649961987
-4.189935672604477,9.681562100654787,0.2115932798620405,1.4006148618073406
-4.109045672604477,9.762452100654784,0.27197867530179837,1.3656270442088771
-4.028155672604477,9.762452100654784,0.24262661609987404,1.4006148618073406
-3.9472656726044804,9.84334210065478,0.2833060853445642,1.3656270442088771
-3.8663756726044802,9.84334210065478,0.24262661609987404,1.4006148618073406
-3.78548567260448,9.924232100654791,0.2833060853445642,1.3656270442088771
-3.70459567260448,9.924232100654791,0.24262661609987404,1.4006148618073406
-3.62370567260448,10.005122100654788,0.2833060853445642,1.3656270442088771
-3.5428156726044797,10.005122100654788,0.24262661609987404,1.3890327870115489
-3.4619256726044796,10.086012100654784,0.2833060853445642,1.3378976649961987
-3.3001456726044793,10.086012100654784,0.2115932798620405,1.4006148618073406
-3.219255672604479,10.16690210065478,0.27197867530179837,1.3656270442088771
-3.138365672604479,10.16690210065478,0.24262661609987404,1.4006148618073406
-3.057475672604479,10.247792100654792,0.2833060853445642,1.3656270442088771
-2.976585672604479,10.247792100654792,0.24262661609987404,1.4006148618073406
-2.8956956726044787,10.328682100654788,0.2833060853445642,1.3656270442088771
-2.8148056726044786,10.328682100654788,0.24262661609987404,1.3890327870115489
-2.7339156726044784,10.409572100654785,0.2833060853445642,1.3378976649961987
-2.6530256726044783,10.409572100654785,0.24262661609987404,1.367590070281063
-2.572135672604478,10.490462100654781,0.2833060853445642,1.3278798482996221
-2.410355672604478,10.490462100654781,0.2115932798620405,1.4006148618073406
-2.329465672604478,10.571352100654792,0.27197867530179837,1.3656270442088771
-2.2485756726044777,10.571352100654792,0.24262661609987404,1.4006148618073406
-2.1676856726044775,10.652242100654789,0.2833060853445642,1.3656270442088771
-2.0867956726044774,10.652242100654789,0.24262661609987404,1.4006148618073406
-2.0059056726044773,10.733132100654785,0.2833060853445642,1.3656270442088771
-1.9250156726044771,10.733132100654785,0.24262661609987404,1.3890327870115489
-1.844125672604477,10.814022100654782,0.2833060853445642,1.3378976649961987
-1.763235672604477,10.814022100654782,0.24262661609987404,1.367590070281063
-1.6823456726044803,10.894912100654793,0.2833060853445642,1.3278798482996221
-1.52056567260448,10.894912100654793,0.2115932798620405,1.4006148618073406
-1.43967567260448,10.97580210065479,0.27197867530179837,1.3656270442088771
-1.3587856726044798,10.97580210065479,0.24262661609987404,1.4006148618073406
-1.2778956726044797,11.056692100654786,0.2833060853445642,1.3656270442088771
-1.1970056726044795,11.056692100654786,0.24262661609987404,1.4006148618073406
-1.1161156726044794,11.137582100654782,0.2833060853445642,1.3656270442088771
-1.0352256726044793,11.137582100654782,0.24262661609987404,1.3890327870115489
-0.9543356726044792,11.218472100654793,0.2833060853445642,1.3378976649961987
-0.7925556726044789,11.218472100654793,0.2115932798620405,1.4006148618073406
-0.7116656726044788,11.29936210065479,0.27197867530179837,1.3656270442088771
-0.6307756726044786,11.29936210065479,0.24262661609987404,1.4006148618073406
-0.5498856726044785,11.380252100654786,0.2833060853445642,1.3656270442088771
-0.4689956726044784,11.380252100654786,0.24262661609987404,1.4006148618073406
-0.38810567260447826,11.461142100654783,0.2833060853445642,1.3656270442088771
-0.30721567260447813,11.461142100654783,0.24262661609987404,1.3890327870115489
-0.226325672604478,11.542032100654794,0.2833060853445642,1.3378976649961987
-0.14543567260447787,11.542032100654794,0.24262661609987404,1.367590070281063
-0.06454567260447774,11.62292210065479,0.2833060853445642,1.3278798482996221
0.09723432739552251,11.62292210065479,0.2115932798620405,1.4006148618073406
0.17812432739552264,11.703812100654787,0.27197867530179837,1.3656270442088771
0.25901432739552277,11.703812100654787,0.24262661609987404,1.4006148618073406
0.3399043273955229,11.784702100654783,0.2833060853445642,1.3656270442088771
0.420794327395523,11.784702100654783,0.24262661609987404,1.4006148618073406
0.5016843273955232,11.865592100654794,0.2833060853445642,1.3656270442088771
0.5825743273955233,11.865592100654794,0.24262661609987404,1.3890327870115489
0.6634643273955199,11.94648210065479,0.2833060853445642,1.3378976649961987
0.74435432739552,11.94648210065479,0.24262661609987404,1.367590070281063
0.8252443273955201,12.027372100654787,0.2833060853445642,1.3278798482996221
0.9870243273955204,12.027372100654787,0.2115932798620405,1.4006148618073406
1.0679143273955205,12.108262100654784,0.27197867530179837,1.3656270442088771
1.1488043273955206,12.108262100654784,0.24262661609987404,1.4006148618073406
1.2296943273955208,12.18915210065478,0.2833060853445642,1.3656270442088771
1.3105843273955209,12.18915210065478,0.24262661609987404,1.4006148618073406
1.391474327395521,12.270042100654791,0.2833060853445642,1.3656270442088771
1.4723643273955211,12.270042100654791,0.24262661609987404,1.3890327870115489
1.5532543273955213,12.350932100654788,0.2833060853445642,1.3378976649961987
1.6341443273955214,12.350932100654788,0.24262661609987404,1.367590070281063
1.7150343273955215,12.431822100654784,0.2833060853445642,1.3278798482996221
1.8768143273955218,12.431822100654784,0.2115932798620405,1.4006148618073406
1.957704327395522,12.512712100654781,0.27197867530179837,1.3656270442088771
2.038594327395522,12.512712100654781,0.24262661609987404,1.4006148618073406
2.119484327395522,12.593602100654792,0.2833060853445642,1.3656270442088771
2.2003743273955223,12.593602100654792,0.24262661609987404,1.4006148618073406
2.2812643273955224,12.674492100654788,0.2833060853445642,1.3656270442088771
2.3621543273955226,12.674492100654788,0.24262661609987404,1.3890327870115489
2.4430443273955227,12.755382100654785,0.2833060853445642,1.3378976649961987
2.604824327395523,12.755382100654785,0.2115932798620405,1.4006148618073406
2.685714327395523,12.836272100654782,0.27197867530179837,1.3656270442088771
2.766604327395523,12.836272100654782,0.24262661609987404,1.4006148618073406
2.8474943273955233,12.917162100654792,0.2833060853445642,1.3656270442088771
2.92838432739552,12.917162100654792,0.24262661609987404,1.4006148618073406
3.00927432739552,12.998052100654789,0.2833060853445642,1.3656270442088771
3.09016432739552,12.998052100654789,0.24262661609987404,1.3890327870115489
3.1710543273955203,13.078942100654785,0.2833060853445642,1.3378976649961987
3.2519443273955204,13.078942100654785,0.24262661609987404,1.367590070281063
3.3328343273955205,13.159832100654782,0.2833060853445642,1.3278798482996221
3.494614327395521,13.159832100654782,0.2115932798620405,1.4006148618073406
3.575504327395521,13.240722100654793,0.27197867530179837,1.3656270442088771
3.656394327395521,13.240722100654793,0.24262661609987404,1.4006148618073406
3.737284327395521,13.32161210065479,0.2833060853445642,1.3656270442088771
3.8181743273955213,13.32161210065479,0.24262661609987404,1.4006148618073406
3.8990643273955214,13.402502100654786,0.2833060853445642,1.3656270442088771
3.9799543273955216,13.402502100654786,0.24262661609987404,1.3890327870115489
4.060844327395522,13.483392100654783,0.2833060853445642,1.3378976649961987
4.141734327395522,13.483392100654783,0.24262661609987404,1.367590070281063
4.222624327395522,13.564282100654793,0.2833060853445642,1.3278798482996221
4.384404327395522,13.564282100654793,0.2115932798620405,1.4006148618073406
4.465294327395522,13.64517210065479,0.27197867530179837,1.3656270442088771
4.5461843273955225,13.64517210065479,0.24262661609987404,1.4006148618073406
4.627074327395523,13.726062100654786,0.2833060853445642,1.3656270442088771
4.707964327395523,13.726062100654786,0.24262661609987404,1.4006148618073406
4.788854327395523,13.806952100654783,0.2833060853445642,1.3656270442088771
4.869744327395523,13.806952100654783,0.24262661609987404,1.3890327870115489
4.950634327395523,13.887842100654794,0.2833060853445642,1.3378976649961987
5.112414327395523,13.887842100654794,0.2115932798620405,1.4006148618073406
5.1933043273955235,13.96873210065479,0.27197867530179837,1.3656270442088771
5.27419432739552,13.96873210065479,0.24262661609987404,1.4006148618073406
5.35508432739552,14.049622100654787,0.2833060853445642,1.3656270442088771
5.43597432739552,14.049622100654787,0.24262661609987404,1.4006148618073406
5.5168643273955205,14.130512100654784,0.2833060853445642,1.3656270442088771
5.597754327395521,14.130512100654784,0.24262661609987404,1.4006148618073406
5.678644327395521,14.211402100654794,0.2833060853445642,1.3656270442088771
5.759534327395521,14.211402100654794,0.24262661609987404,1.3890327870115489
5.840424327395521,14.292292100654791,0.2833060853445642,1.3378976649961987
5.921314327395521,14.292292100654791,0.24262661609987404,1.367590070281063
6.002204327395521,14.373182100654788,0.2833060853445642,1.3278798482996221
6.083094327395521,14.373182100654788,0.24262661609987404,1.3656270442088771
6.1639843273955215,14.454072100654784,0.2833060853445642,1.3278798482996221
6.325764327395522,14.454072100654784,0.2115932798620405,1.4006148618073406
6.406654327395522,14.53496210065478,0.27197867530179837,1.3656270442088771
6.487544327395522,14.53496210065478,0.24262661609987404,1.4006148618073406
6.568434327395522,14.615852100654791,0.2833060853445642,1.3656270442088771
6.649324327395522,14.615852100654791,0.24262661609987404,1.4006148618073406
6.730214327395522,14.696742100654788,0.2833060853445642,1.3656270442088771
6.8111043273955225,14.696742100654788,0.24262661609987404,1.4006148618073406
6.891994327395523,14.777632100654785,0.2833060853445642,1.3656270442088771
6.972884327395523,14.777632100654785,0.24262661609987404,1.3890327870115489
7.053774327395523,14.858522100654781,0.2833060853445642,1.3378976649961987
7.134664327395523,14.858522100654781,0.24262661609987404,1.367590070281063
7.215554327395523,14.939412100654792,0.2833060853445642,1.3278798482996221
7.377334327395523,14.939412100654792,0.2115932798620405,1.4006148618073406
7.4582243273955235,15.020302100654789,0.27197867530179837,1.3656270442088771
7.53911432739552,15.020302100654789,0.24262661609987404,1.4006148618073406
7.62000432739552,15.101192100654785,0.2833060853445642,1.3656270442088771
7.70089432739552,15.101192100654785,0.24262661609987404,1.4006148618073406
7.7817843273955205,15.182082100654782,0.2833060853445642,1.3656270442088771
7.862674327395521,15.182082100654782,0.24262661609987404,1.3890327870115489
7.943564327395521,15.262972100654792,0.2833060853445642,1.3378976649961987
8.105344327395521,15.262972100654792,0.2115932798620405,1.4006148618073406
8.186234327395521,15.343862100654789,0.27197867530179837,1.3656270442088771
8.267124327395521,15.343862100654789,0.24262661609987404,1.4006148618073406
8.348014327395521,15.424752100654786,0.2833060853445642,1.3656270442088771
8.428904327395522,15.424752100654786,0.24262661609987404,1.4006148618073406
8.509794327395522,15.505642100654782,0.2833060853445642,1.3656270442088771
8.590684327395522,15.505642100654782,0.24262661609987404,1.3890327870115489
8.671574327395522,15.586532100654793,0.28888808894390117,1.3378976649961987
8.833354327395522,15.586532100654793,0.24262661609987404,1.4006148618073406
8.914244327395522,15.66742210065479,0.2833060853445642,1.3656270442088771
8.995134327395522,15.66742210065479,0.24262661609987404,1.3890327870115489
9.076024327395523,15.748312100654786,0.2833060853445642,1.3378976649961987
9.237804327395523,15.748312100654786,0.2115932798620405,1.4006148618073406
9.318694327395523,15.829202100654783,0.27197867530179837,1.3656270442088771
9.399584327395523,15.829202100654783,0.24262661609987404,1.3890327870115489
9.480474327395523,15.910092100654794,0.28888808894390117,1.3378976649961987
9.642254327395523,15.910092100654794,0.24262661609987404,1.3890327870115489
9.723144327395524,15.99098210065479,0.28888808894390117,1.3378976649961987
9.88492432739552,15.99098210065479,0.24262661609987404,1.3890327870115489
9.96581432739552,16.071872100654787,0.28888808894390117,1.3358990093829144
10.12759432739552,16.071872100654787,0.2662300000000001,1.367590070281063
10.20848432739552,16.152762100654783,0.34712000000000004,1.3117218319859045
10.532044327395521,16.152762100654783,0.2662300000000001,1.367590070281063
10.612934327395521,16.233652100654794,0.34712000000000004,1.3117218319859045
11.583614327395523,16.233652100654794,0.34712000000000004,1.3117218319859045
11.66450432739552,16.152762100654783,0.27197867530179837,1.367590070281063
11.907174327395524,16.152762100654783,0.34712000000000004,1.3258688779849377
11.98806432739552,16.071872100654787,0.27197867530179837,1.367590070281063
12.14984432739552,16.071872100654787,0.31603988653333165,1.3117218319859045
12.230734327395524,15.99098210065479,0.2833060853445642,1.3656270442088771
12.31162432739552,15.99098210065479,0.31603988653333165,1.3178
12.392514327395524,15.910092100654794,0.2833060853445642,1.3378976649961987
12.47340432739552,15.910092100654794,0.33177109628408924,1.295400177667033
12.635184327395521,15.748312100654786,0.2833060853445642,1.3178
12.716074327395525,15.748312100654786,0.33177109628408924,1.2705997012924715
13.363194327395519,15.101192100654785,0.35215602925986966,1.2538461586978293
13.363194327395519,15.020302100654789,0.31603988653333165,1.3056206548870752
13.929424327395523,14.454072100654784,0.35215602925986966,1.2538461586978293
13.929424327395523,14.373182100654788,0.31603988653333165,1.3056206548870752
14.414764327395524,13.887842100654794,0.35215602925986966,1.245401280088767
14.414764327395524,13.806952100654783,0.31603988653333165,1.3015402908450353
14.738324327395524,13.483392100654783,0.35215602925986966,1.2538461586978293
14.738324327395524,13.402502100654786,0.31603988653333165,1.3056206548870752
15.142774327395522,12.998052100654789,0.35215602925986966,1.245401280088767
15.142774327395522,12.917162100654792,0.31603988653333165,1.3015402908450353
15.466334327395522,12.593602100654792,0.35215602925986966,1.245401280088767
15.466334327395522,12.512712100654781,0.31603988653333165,1.3015402908450353
15.709004327395519,12.270042100654791,0.35215602925986966,1.2538461586978293
15.709004327395519,12.18915210065478,0.31603988653333165,1.3056206548870752
16.03256432739552,11.865592100654794,0.35215602925986966,1.2538461586978293
16.03256432739552,11.784702100654783,0.31603988653333165,1.3056206548870752
16.275234327395523,11.542032100654794,0.35215602925986966,1.2538461586978293
16.275234327395523,11.461142100654783,0.31603988653333165,1.3056206548870752
16.598794327395524,11.137582100654782,0.35215602925986966,1.2538461586978293
16.598794327395524,11.056692100654786,0.31603988653333165,1.3056206548870752
16.84146432739552,10.814022100654782,0.35215602925986966,1.2538461586978293
16.84146432739552,10.733132100654785,0.31603988653333165,1.3056206548870752
17.084134327395525,10.490462100654781,0.35215602925986966,1.2538461586978293
17.084134327395525,10.409572100654785,0.31603988653333165,1.3056206548870752
17.32680432739552,10.16690210065478,0.35215602925986966,1.2538461586978293
17.32680432739552,10.086012100654784,0.31603988653333165,1.3056206548870752
17.569474327395525,9.84334210065478,0.35215602925986966,1.2538461586978293
17.569474327395525,9.762452100654784,0.31603988653333165,1.3056206548870752
17.812144327395522,9.519782100654794,0.35215602925986966,1.2538461586978293
17.812144327395522,9.438892100654783,0.31603988653333165,1.3056206548870752
18.05481432739552,9.196222100654794,0.35215602925986966,1.2538461586978293
18.05481432739552,9.115332100654783,0.31603988653333165,1.3056206548870752
18.297484327395523,8.872662100654793,0.35215602925986966,1.2538461586978293
18.297484327395523,8.791772100654782,0.31603988653333165,1.3056206548870752
18.54015432739552,8.549102100654792,0.35215602925986966,1.2538461586978293
18.54015432739552,8.468212100654782,0.31603988653333165,1.3056206548870752
18.782824327395524,8.225542100654792,0.35215602925986966,1.2538461586978293
18.782824327395524,8.144652100654781,0.31603988653333165,1.3056206548870752
19.106384327395524,7.821092100654781,0.35215602925986966,1.2538461586978293
19.106384327395524,7.740202100654784,0.31603988653333165,1.3056206548870752
19.34905432739552,7.49753210065478,0.35215602925986966,1.2538461586978293
19.34905432739552,7.416642100654784,0.31603988653333165,1.3056206548870752
19.67261432739552,7.093082100654783,0.35215602925986966,1.2538461586978293
19.67261432739552,7.0121921006547865,0.31603988653333165,1.3056206548870752
19.915284327395526,6.7695221006547825,0.35215602925986966,1.2538461586978293
19.915284327395526,6.688632100654786,0.31603988653333165,1.3056206548870752
20.157954327395522,6.445962100654782,0.35215602925986966,1.2538461586978293
20.157954327395522,6.3650721006547855,0.31603988653333165,1.295400177667033
20.319734327395523,6.203292100654792,0.35215602925986966,1.2538461586978293
20.319734327395523,6.1224021006547815,0.31603988653333165,1.295400177667033
20.481514327395523,5.960622100654788,0.35215602925986966,1.2538461586978293
20.481514327395523,5.879732100654792,0.31603988653333165,1.295400177667033
20.643294327395523,5.717952100654784,0.35215602925986966,1.2538461586978293
20.643294327395523,5.637062100654788,0.31603988653333165,1.295400177667033
20.805074327395523,5.4752821006547805,0.35215602925986966,1.2538461586978293
20.805074327395523,5.394392100654784,0.31603988653333165,1.295400177667033
20.966854327395524,5.232612100654791,0.35215602925986966,1.2538461586978293
20.966854327395524,5.15172210065478,0.31603988653333165,1.295400177667033
21.128634327395524,4.989942100654787,0.35215602925986966,1.2538461586978293
21.128634327395524,4.90905210065479,0.31603988653333165,1.295400177667033
21.290414327395524,4.747272100654783,0.35215602925986966,1.2538461586978293
21.290414327395524,4.666382100654786,0.31603988653333165,1.3056206548870752
21.53308432739552,4.423712100654782,0.35215602925986966,1.2538461586978293
21.53308432739552,4.342822100654786,0.31603988653333165,1.3056206548870752
21.85664432739552,4.019262100654785,0.35215602925986966,1.2538461586978293
21.85664432739552,3.9383721006547887,0.31603988653333165,1.3056206548870752
22.74643432739552,3.0485821006547837,0.2833060853445642,1.3178
22.827324327395523,3.0485821006547837,0.33177109628408924,1.2705997012924715
23.150884327395524,2.7250221006547832,0.2833060853445642,1.3178
23.23177432739552,2.7250221006547832,0.33177109628408924,1.2705997012924715
23.39355432739552,2.56324210065479,0.2833060853445642,1.3178
23.474444327395524,2.56324210065479,0.33177109628408924,1.2705997012924715
23.636224327395524,2.4014621006547827,0.2833060853445642,1.3278798482996221
23.71711432739552,2.4014621006547827,0.33177109628408924,1.2933482151745737
23.87889432739552,2.2396821006547896,0.2833060853445642,1.3378976649961987
23.959784327395525,2.2396821006547896,0.31603988653333165,1.295400177667033
24.04067432739552,2.158792100654793,0.2833060853445642,1.3278798482996221
24.121564327395525,2.158792100654793,0.31603988653333165,1.2933482151745737
24.20245432739552,2.077902100654782,0.2833060853445642,1.3278798482996221
24.283344327395525,2.077902100654782,0.31603988653333165,1.2933482151745737
24.364234327395522,1.9970121006547856,0.2833060853445642,1.3278798482996221
24.445124327395526,1.9970121006547856,0.31603988653333165,1.2933482151745737
24.526014327395522,1.916122100654789,0.2833060853445642,1.3278798482996221
24.606904327395526,1.916122100654789,0.31603988653333165,1.2933482151745737
24.687794327395522,1.8352321006547925,0.2833060853445642,1.3378976649961987
24.76868432739552,1.8352321006547925,0.31603988653333165,1.3117218319859045
24.849574327395523,1.7543421006547817,0.2833060853445642,1.3656270442088771
24.93046432739552,1.7543421006547817,0.31603988653333165,1.3278798482996221
25.011354327395523,1.6734521006547851,0.27197867530179837,1.367590070281063
25.173134327395523,1.6734521006547851,0.31603988653333165,1.3117218319859045
25.25402432739552,1.5925621006547885,0.27197867530179837,1.367590070281063
25.41580432739552,1.5925621006547885,0.31603988653333165,1.3117218319859045
25.496694327395524,1.511672100654792,0.27197867530179837,1.367590070281063
25.658474327395524,1.511672100654792,0.31603988653333165,1.3117218319859045
25.73936432739552,1.4307821006547812,0.27197867530179837,1.367590070281063
25.90114432739552,1.4307821006547812,0.31603988653333165,1.3117218319859045
25.982034327395525,1.3498921006547846,0.27197867530179837,1.367590070281063
26.143814327395525,1.3498921006547846,0.31603988653333165,1.3117218319859045
26.22470432739552,1.269002100654788,0.27197867530179837,1.367590070281063
26.38648432739552,1.269002100654788,0.31603988653333165,1.3117218319859045
26.467374327395525,1.1881121006547914,0.27197867530179837,1.367590070281063
26.629154327395526,1.1881121006547914,0.31603988653333165,1.3358990093829144
26.710044327395522,1.1072221006547807,0.27197867530179837,1.3890327870115489
26.871824327395522,1.1072221006547807,0.31603988653333165,1.3378976649961987
26.952714327395526,1.026332100654784,0.27197867530179837,1.3890327870115489
27.11449432739552,1.026332100654784,0.31603988653333165,1.3378976649961987
27.195384327395523,0.9454421006547875,0.27197867530179837,1.3890327870115489
27.43805432739552,0.9454421006547875,0.34712000000000004,1.3117218319859045
27.518944327395523,0.8645521006547909,0.27197867530179837,1.367590070281063
27.76161432739552,0.8645521006547909,0.34712000000000004,1.3117218319859045
27.842504327395524,0.7836621006547801,0.27197867530179837,1.367590070281063
28.08517432739552,0.7836621006547801,0.34712000000000004,1.3117218319859045
28.166064327395524,0.7027721006547836,0.27197867530179837,1.367590070281063
28.651404327395525,0.7027721006547836,0.34712000000000004,1.3117218319859045
28.732294327395522,0.621882100654787,0.27197867530179837,1.367590070281063
29.62208432739552,0.621882100654787,0.34712000000000004,1.3117218319859045
29.702974327395523,0.5409921006547904,0.27197867530179837,1.367590070281063
31.563444327395523,0.5409921006547904,0.2662300000000001,1.367590070281063
31.644334327395526,0.621882100654787,0.34712000000000004,1.3117218319859045
32.04878432739552,0.621882100654787,0.24262661609987404,1.3890327870115489
32.12967432739552,0.7027721006547836,0.28888808894390117,1.3378976649961987
32.29145432739552,0.7027721006547836,0.2662300000000001,1.3890327870115489
32.372344327395524,0.7836621006547801,0.31603988653333165,1.3378976649961987
32.534124327395524,0.7836621006547801,0.24262661609987404,1.3890327870115489
32.61501432739552,0.8645521006547909,0.28888808894390117,1.3378976649961987
32.77679432739552,0.8645521006547909,0.24262661609987404,1.3890327870115489
32.857684327395525,0.9454421006547875,0.2833060853445642,1.3378976649961987
33.019464327395525,0.9454421006547875,0.2115932798620405,1.4006148618073406
33.10035432739552,1.026332100654784,0.27197867530179837,1.3656270442088771
33.181244327395525,1.026332100654784,0.24262661609987404,1.4006148618073406
33.26213432739552,1.1072221006547807,0.2833060853445642,1.3656270442088771
33.343024327395526,1.1072221006547807,0.24262661609987404,1.4006148618073406
33.42391432739552,1.1881121006547914,0.2833060853445642,1.3656270442088771
33.504804327395526,1.1881121006547914,0.24262661609987404,1.4006148618073406
33.58569432739552,1.269002100654788,0.2833060853445642,1.3656270442088771
33.666584327395526,1.269002100654788,0.24262661609987404,1.4006148618073406
33.74747432739552,1.3498921006547846,0.2833060853445642,1.3656270442088771
33.828364327395526,1.3498921006547846,0.24262661609987404,1.4006148618073406
33.90925432739552,1.4307821006547812,0.2833060853445642,1.3656270442088771
33.99014432739552,1.4307821006547812,0.24262661609987404,1.4006148618073406
34.07103432739552,1.511672100654792,0.2833060853445642,1.3656270442088771
34.15192432739552,1.511672100654792,0.24262661609987404,1.4006148618073406
34.23281432739552,1.5925621006547885,0.2833060853445642,1.3656270442088771
34.31370432739552,1.5925621006547885,0.24262661609987404,1.4006148618073406
34.394594327395524,1.6734521006547851,0.2833060853445642,1.3656270442088771
34.47548432739552,1.6734521006547851,0.24262661609987404,1.4006148618073406
34.556374327395524,1.7543421006547817,0.2833060853445642,1.3656270442088771
34.63726432739552,1.7543421006547817,0.24262661609987404,1.4006148618073406
34.718154327395524,1.8352321006547925,0.2833060853445642,1.3656270442088771
34.79904432739552,1.8352321006547925,0.24262661609987404,1.4006148618073406
34.879934327395524,1.916122100654789,0.2833060853445642,1.3656270442088771
34.96082432739552,1.916122100654789,0.24262661609987404,1.4006148618073406
35.041714327395525,1.9970121006547856,0.2833060853445642,1.3656270442088771
35.12260432739552,1.9970121006547856,0.24262661609987404,1.3890327870115489
35.203494327395525,2.077902100654782,0.2833060853445642,1.3378976649961987
35.28438432739552,2.077902100654782,0.24262661609987404,1.367590070281063
35.365274327395525,2.158792100654793,0.2833060853445642,1.3278798482996221
35.527054327395525,2.158792100654793,0.2115932798620405,1.4006148618073406
35.60794432739552,2.2396821006547896,0.27197867530179837,1.3656270442088771
35.688834327395526,2.2396821006547896,0.24262661609987404,1.4006148618073406
35.76972432739552,2.320572100654786,0.2833060853445642,1.3656270442088771
35.850614327395526,2.320572100654786,0.24262661609987404,1.3890327870115489
35.93150432739552,2.4014621006547827,0.2833060853445642,1.3378976649961987
36.09328432739552,2.4014621006547827,0.2115932798620405,1.4006148618073406
36.17417432739553,2.4823521006547935,0.27197867530179837,1.3656270442088771
36.25506432739552,2.4823521006547935,0.24262661609987404,1.4006148618073406
36.33595432739552,2.56324210065479,0.2833060853445642,1.3656270442088771
36.41684432739552,2.56324210065479,0.24262661609987404,1.3890327870115489
36.49773432739552,2.6441321006547867,0.28888808894390117,1.3378976649961987
36.65951432739552,2.6441321006547867,0.24262661609987404,1.4006148618073406
36.740404327395524,2.7250221006547832,0.2833060853445642,1.3656270442088771
36.82129432739552,2.7250221006547832,0.24262661609987404,1.3890327870115489
36.902184327395524,2.805912100654794,0.2833060853445642,1.3378976649961987
36.98307432739552,2.805912100654794,0.24262661609987404,1.367590070281063
37.063964327395524,2.8868021006547906,0.2833060853445642,1.3278798482996221
37.14485432739552,2.8868021006547906,0.24262661609987404,1.3656270442088771
37.225744327395525,2.967692100654787,0.2833060853445642,1.3278798482996221
37.30663432739552,2.967692100654787,0.24262661609987404,1.3656270442088771
37.387524327395525,3.0485821006547837,0.2833060853445642,1.3278798482996221
37.46841432739552,3.0485821006547837,0.24262661609987404,1.3656270442088771
37.549304327395525,3.1294721006547803,0.2833060853445642,1.3278798482996221
37.63019432739552,3.1294721006547803,0.24262661609987404,1.3656270442088771
37.79197432739552,3.2912521006547877,0.2833060853445642,1.3178
37.872864327395526,3.2912521006547877,0.24262661609987404,1.3656270442088771
38.034644327395526,3.453032100654781,0.2833060853445642,1.3178
38.11553432739552,3.453032100654781,0.24262661609987404,1.367590070281063
38.924434327395524,4.261932100654789,0.24262661609987404,1.367590070281063
38.924434327395524,4.342822100654786,0.2833060853445642,1.3178
39.16710432739552,4.58549210065479,0.24262661609987404,1.3832118640563347
39.16710432739552,4.666382100654786,0.2833060853445642,1.3378976649961987
39.247994327395524,4.747272100654783,0.24262661609987404,1.3656270442088771
39.247994327395524,4.828162100654794,0.2833060853445642,1.3278798482996221
39.409774327395525,4.989942100654787,0.24262661609987404,1.3832118640563347
39.409774327395525,5.070832100654783,0.2833060853445642,1.3378976649961987
39.49066432739552,5.15172210065478,0.24262661609987404,1.3656270442088771
39.49066432739552,5.232612100654791,0.2833060853445642,1.3278798482996221
39.571554327395525,5.313502100654787,0.24262661609987404,1.367590070281063
39.571554327395525,5.394392100654784,0.2833060853445642,1.3378976649961987
39.65244432739552,5.4752821006547805,0.24262661609987404,1.3890327870115489
39.65244432739552,5.556172100654791,0.2833060853445642,1.3656270442088771
39.733334327395525,5.637062100654788,0.24262661609987404,1.4006148618073406
39.733334327395525,5.717952100654784,0.27197867530179837,1.3656270442088771
39.81422432739552,5.798842100654781,0.2115932798620405,1.4006148618073406
39.81422432739552,5.960622100654788,0.2833060853445642,1.3378976649961987
39.895114327395525,6.041512100654785,0.24262661609987404,1.3890327870115489
39.895114327395525,6.1224021006547815,0.27197867530179837,1.3656270442088771
39.97600432739552,6.203292100654792,0.2115932798620405,1.4006148618073406
39.97600432739552,6.3650721006547855,0.2833060853445642,1.3378976649961987
40.056894327395526,6.445962100654782,0.24262661609987404,1.3890327870115489
40.056894327395526,6.607742100654789,0.28888808894390117,1.3378976649961987
40.13778432739552,6.688632100654786,0.24262661609987404,1.3890327870115489
40.13778432739552,6.850412100654793,0.28888808894390117,1.3378976649961987
40.218674327395526,6.93130210065479,0.24262661609987404,1.3890327870115489
40.218674327395526,7.0121921006547865,0.2833060853445642,1.367590070281063
40.29956432739552,7.093082100654783,0.24262661609987404,1.4140283699227385
40.29956432739552,7.25486210065479,0.28888808894390117,1.367590070281063
40.380454327395526,7.335752100654787,0.24262661609987404,1.4140283699227385
40.380454327395526,7.49753210065478,0.28888808894390117,1.367590070281063
40.46134432739552,7.578422100654791,0.24262661609987404,1.4140283699227385
40.46134432739552,7.740202100654784,0.28888808894390117,1.367590070281063
40.542234327395526,7.821092100654781,0.24262661609987404,1.4140283699227385
40.542234327395526,7.982872100654788,0.28888808894390117,1.367590070281063
40.62312432739552,8.063762100654785,0.24262661609987404,1.4140283699227385
40.62312432739552,8.225542100654792,0.28888808894390117,1.367590070281063
40.70401432739553,8.306432100654789,0.24262661609987404,1.4140283699227385
40.70401432739553,8.549102100654792,0.31603988653333165,1.3378976649961987
40.78490432739552,8.629992100654789,0.2662300000000001,1.3890327870115489
40.78490432739552,8.872662100654793,0.31603988653333165,1.3358990093829144
40.86579432739552,8.95355210065479,0.2662300000000001,1.3890327870115489
40.86579432739552,9.196222100654794,0.31603988653333165,1.3358990093829144
40.94668432739552,9.27711210065479,0.2662300000000001,1.3890327870115489
40.94668432739552,9.681562100654787,0.34712000000000004,1.3198209876711688
41.02757432739552,9.762452100654784,0.2662300000000001,1.3890327870115489
41.02757432739552,11.218472100654793,0.27197867530179837,1.3498387538180814
40.94668432739552,11.29936210065479,0.34712000000000004,1.2892363419579858
40.94668432739552,11.703812100654787,0.27197867530179837,1.367590070281063
40.86579432739552,11.784702100654783,0.34712000000000004,1.3117218319859045
40.86579432739552,12.027372100654787,0.27197867530179837,1.367590070281063
40.78490432739552,12.108262100654784,0.31603988653333165,1.3117218319859045
40.78490432739552,12.270042100654791,0.27197867530179837,1.367590070281063
40.70401432739553,12.350932100654788,0.31603988653333165,1.3117218319859045
40.70401432739553,12.512712100654781,0.27197867530179837,1.367590070281063
40.62312432739552,12.593602100654792,0.31603988653333165,1.3117218319859045
40.62312432739552,12.755382100654785,0.27197867530179837,1.367590070281063
40.542234327395526,12.836272100654782,0.31603988653333165,1.3278798482996221
40.542234327395526,12.917162100654792,0.2833060853445642,1.3656270442088771
40.46134432739552,12.998052100654789,0.31603988653333165,1.3117218319859045
40.46134432739552,13.078942100654785,0.2833060853445642,1.3378976649961987
40.380454327395526,13.159832100654782,0.31603988653333165,1.2933482151745737
40.380454327395526,13.240722100654793,0.2833060853445642,1.3278798482996221
40.29956432739552,13.32161210065479,0.31603988653333165,1.2933482151745737
40.29956432739552,13.402502100654786,0.2833060853445642,1.3278798482996221
40.218674327395526,13.483392100654783,0.31603988653333165,1.2933482151745737
40.218674327395526,13.564282100654793,0.2833060853445642,1.3278798482996221
40.13778432739552,13.64517210065479,0.31603988653333165,1.2933482151745737
40.13778432739552,13.726062100654786,0.2833060853445642,1.3278798482996221
40.056894327395526,13.806952100654783,0.31603988653333165,1.2933482151745737
40.056894327395526,13.887842100654794,0.2833060853445642,1.3278798482996221
39.97600432739552,13.96873210065479,0.31603988653333165,1.295400177667033
39.97600432739552,14.049622100654787,0.2833060853445642,1.3378976649961987
39.895114327395525,14.130512100654784,0.31603988653333165,1.3178
39.895114327395525,14.211402100654794,0.2833060853445642,1.3656270442088771
39.733334327395525,14.373182100654788,0.33177109628408924,1.2933482151745737
39.733334327395525,14.454072100654784,0.2833060853445642,1.3278798482996221
39.65244432739552,14.53496210065478,0.31603988653333165,1.2933482151745737
39.65244432739552,14.615852100654791,0.2833060853445642,1.3278798482996221
39.49066432739552,14.777632100654785,0.33177109628408924,1.2705997012924715
39.49066432739552,14.858522100654781,0.2833060853445642,1.3178
39.409774327395525,14.939412100654792,0.31603988653333165,1.295400177667033
39.409774327395525,15.020302100654789,0.2833060853445642,1.3378976649961987
39.247994327395524,15.182082100654782,0.33177109628408924,1.2933482151745737
39.247994327395524,15.262972100654792,0.2833060853445642,1.3278798482996221
39.16710432739552,15.343862100654789,0.31603988653333165,1.295400177667033
39.16710432739552,15.424752100654786,0.2833060853445642,1.3378976649961987
39.00532432739552,15.586532100654793,0.33177109628408924,1.2933482151745737
39.00532432739552,15.66742210065479,0.2833060853445642,1.3278798482996221
38.924434327395524,15.748312100654786,0.31603988653333165,1.295400177667033
38.924434327395524,15.829202100654783,0.2833060853445642,1.3378976649961987
38.76265432739552,15.99098210065479,0.33177109628408924,1.2933482151745737
38.76265432739552,16.071872100654787,0.2833060853445642,1.3278798482996221
38.68176432739552,16.152762100654783,0.31603988653333165,1.295400177667033
38.68176432739552,16.233652100654794,0.2833060853445642,1.3378976649961987
38.51998432739553,16.395432100654787,0.33177109628408924,1.2933482151745737
38.51998432739553,16.476322100654784,0.2833060853445642,1.3278798482996221
38.43909432739552,16.557212100654795,0.31603988653333165,1.295400177667033
38.43909432739552,16.63810210065479,0.2833060853445642,1.3378976649961987
38.27731432739552,16.799882100654784,0.33177109628408924,1.2933482151745737
38.27731432739552,16.88077210065478,0.2833060853445642,1.3278798482996221
38.196424327395526,16.96166210065479,0.31603988653333165,1.295400177667033
38.196424327395526,17.042552100654788,0.2833060853445642,1.3378976649961987
38.034644327395526,17.20433210065478,0.33177109628408924,1.2933482151745737
38.034644327395526,17.285222100654792,0.2833060853445642,1.3278798482996221
37.872864327395526,17.447002100654785,0.33177109628408924,1.2705997012924715
37.872864327395526,17.527892100654782,0.2833060853445642,1.3178
37.79197432739552,17.608782100654793,0.31603988653333165,1.2933482151745737
37.79197432739552,17.68967210065479,0.2833060853445642,1.3278798482996221
37.711084327395525,17.770562100654786,0.31603988653333165,1.295400177667033
37.711084327395525,17.851452100654782,0.2833060853445642,1.3378976649961987
37.549304327395525,18.01323210065479,0.33177109628408924,1.2933482151745737
37.549304327395525,18.094122100654786,0.2833060853445642,1.3278798482996221
37.46841432739552,18.175012100654783,0.31603988653333165,1.295400177667033
37.46841432739552,18.255902100654794,0.2833060853445642,1.3378976649961987
37.30663432739552,18.417682100654787,0.33177109628408924,1.2933482151745737
37.30663432739552,18.498572100654783,0.2833060853445642,1.3278798482996221
37.225744327395525,18.579462100654794,0.31603988653333165,1.295400177667033
37.225744327395525,18.66035210065479,0.2833060853445642,1.3378976649961987
37.063964327395524,18.822132100654784,0.33177109628408924,1.2933482151745737
37.063964327395524,18.903022100654795,0.2833060853445642,1.3278798482996221
36.98307432739552,18.98391210065479,0.31603988653333165,1.295400177667033
36.98307432739552,19.064802100654788,0.2833060853445642,1.3378976649961987
36.82129432739552,19.22658210065478,0.33177109628408924,1.2933482151745737
36.82129432739552,19.307472100654792,0.2833060853445642,1.3278798482996221
36.740404327395524,19.38836210065479,0.31603988653333165,1.2933482151745737
36.740404327395524,19.469252100654785,0.2833060853445642,1.3278798482996221
36.578624327395524,19.631032100654792,0.33177109628408924,1.2705997012924715
36.578624327395524,19.71192210065479,0.2833060853445642,1.3178
36.49773432739552,19.792812100654785,0.31603988653333165,1.2933482151745737
36.49773432739552,19.873702100654782,0.2833060853445642,1.3278798482996221
36.33595432739552,20.03548210065479,0.33177109628408924,1.2705997012924715
36.33595432739552,20.116372100654786,0.2833060853445642,1.3178
36.25506432739552,20.197262100654783,0.31603988653333165,1.2933482151745737
36.25506432739552,20.278152100654793,0.2833060853445642,1.3278798482996221
36.09328432739552,20.439932100654786,0.33177109628408924,1.2705997012924715
36.09328432739552,20.520822100654783,0.2833060853445642,1.3178
36.012394327395526,20.601712100654794,0.31603988653333165,1.2933482151745737
36.012394327395526,20.68260210065479,0.2833060853445642,1.3278798482996221
35.850614327395526,20.844382100654784,0.33177109628408924,1.2705997012924715
35.850614327395526,20.925272100654794,0.2833060853445642,1.3178
35.76972432739552,21.00616210065479,0.31603988653333165,1.2933482151745737
35.76972432739552,21.087052100654788,0.2833060853445642,1.3278798482996221
35.60794432739552,21.24883210065478,0.33177109628408924,1.2705997012924715
35.60794432739552,21.32972210065479,0.2833060853445642,1.3178
35.527054327395525,21.410612100654788,0.31603988653333165,1.2933482151745737
35.527054327395525,21.491502100654785,0.2833060853445642,1.3278798482996221
35.44616432739552,21.57239210065478,0.31603988653333165,1.295400177667033
35.44616432739552,21.653282100654792,0.2833060853445642,1.3378976649961987
35.28438432739552,21.815062100654785,0.33177109628408924,1.2933482151745737
35.28438432739552,21.89595210065478,0.2833060853445642,1.3278798482996221
35.203494327395525,21.976842100654792,0.31603988653333165,1.295400177667033
35.203494327395525,22.05773210065479,0.2833060853445642,1.3378976649961987
35.041714327395525,22.219512100654782,0.33177109628408924,1.2933482151745737
35.041714327395525,22.300402100654793,0.2833060853445642,1.3278798482996221
34.96082432739552,22.38129210065479,0.31603988653333165,1.295400177667033
34.96082432739552,22.462182100654786,0.2833060853445642,1.3378976649961987
34.79904432739552,22.623962100654794,0.33177109628408924,1.2933482151745737
34.79904432739552,22.70485210065479,0.2833060853445642,1.3278798482996221
34.718154327395524,22.785742100654787,0.31603988653333165,1.2933482151745737
34.718154327395524,22.866632100654783,0.2833060853445642,1.3278798482996221
34.63726432739552,22.947522100654794,0.31603988653333165,1.295400177667033
34.63726432739552,23.02841210065479,0.2833060853445642,1.3378976649961987
34.47548432739552,23.190192100654784,0.33177109628408924,1.2933482151745737
34.47548432739552,23.271082100654795,0.2833060853445642,1.3278798482996221
34.394594327395524,23.35197210065479,0.31603988653333165,1.2933482151745737
34.394594327395524,23.432862100654788,0.2833060853445642,1.3278798482996221
34.23281432739552,23.59464210065478,0.33177109628408924,1.2705997012924715
34.23281432739552,23.67553210065479,0.2833060853445642,1.3178
34.15192432739552,23.756422100654788,0.31603988653333165,1.2933482151745737
34.15192432739552,23.837312100654785,0.2833060853445642,1.3278798482996221
34.07103432739552,23.91820210065478,0.31603988653333165,1.295400177667033
34.07103432739552,23.999092100654792,0.2833060853445642,1.3378976649961987
33.99014432739552,24.07998210065479,0.31603988653333165,1.3178
33.99014432739552,24.241762100654782,0.27197867530179837,1.4006148618073406
33.90925432739552,24.322652100654793,0.34712000000000004,1.3656270442088771
33.90925432739552,24.484432100654786,0.28888808894390117,1.4367819546794007
33.828364327395526,24.565322100654782,0.35215602925986966,1.4006148618073406
33.828364327395526,25.293332100654794,0.39112446295873504,1.6039244794371441
33.90925432739552,25.37422210065479,0.35215602925986966,1.6447274960261142
33.90925432739552,25.455112100654787,0.3958420908510781,1.5875296284959344
33.99014432739552,25.455112100654787,0.33177109628408924,1.6039244794371441
34.07103432739552,25.536002100654784,0.33177109628408924,1.5445758027253853
34.15192432739552,25.536002100654784,0.2833060853445642,1.56047
34.23281432739552,25.616892100654795,0.31603988653333165,1.4795800000000001
34.31370432739552,25.616892100654795,0.28888808894390117,1.4795800000000001
34.394594327395524,25.69778210065479,0.35215602925986966,1.39869
35.44616432739552,25.69778210065479,0.34712000000000004,1.2892363419579858
35.527054327395525,25.616892100654795,0.27197867530179837,1.3498387538180814
36.012394327395526,25.616892100654795,0.34712000000000004,1.2892363419579858
36.09328432739552,25.536002100654784,0.27197867530179837,1.3498387538180814
36.49773432739552,25.536002100654784,0.34712000000000004,1.3117218319859045
36.578624327395524,25.455112100654787,0.27197867530179837,1.367590070281063
36.82129432739552,25.455112100654787,0.34712000000000004,1.3117218319859045
36.902184327395524,25.37422210065479,0.27197867530179837,1.367590070281063
37.063964327395524,25.37422210065479,0.31603988653333165,1.3278798482996221
37.14485432739552,25.293332100654794,0.27197867530179837,1.367590070281063
37.30663432739552,25.293332100654794,0.31603988653333165,1.3117218319859045
37.387524327395525,25.212442100654783,0.2833060853445642,1.3656270442088771
37.46841432739552,25.212442100654783,0.31603988653333165,1.3278798482996221
37.549304327395525,25.131552100654787,0.2833060853445642,1.3656270442088771
37.63019432739552,25.131552100654787,0.31603988653333165,1.3178
37.711084327395525,25.05066210065479,0.2833060853445642,1.3378976649961987
37.79197432739552,25.05066210065479,0.33177109628408924,1.295400177667033
37.95375432739552,24.888882100654783,0.2833060853445642,1.3178
38.034644327395526,24.888882100654783,0.33177109628408924,1.2705997012924715
39.32888432739552,23.59464210065478,0.35215602925986966,1.2538461586978293
39.32888432739552,23.513752100654784,0.31603988653333165,1.3056206548870752
40.62312432739552,22.219512100654782,0.35215602925986966,1.2538461586978293
40.62312432739552,22.138622100654786,0.31603988653333165,1.3056206548870752
40.86579432739552,21.89595210065478,0.35215602925986966,1.2538461586978293
40.86579432739552,21.815062100654785,0.31603988653333165,1.2933482151745737
40.94668432739552,21.73417210065479,0.35215602925986966,1.255950216748595
40.94668432739552,21.653282100654792,0.31603988653333165,1.295400177667033
41.02757432739552,21.57239210065478,0.35215602925986966,1.2705997012924715
41.02757432739552,21.491502100654785,0.31603988653333165,1.3178
41.108464327395524,21.410612100654788,0.35215602925986966,1.2933482151745737
41.108464327395524,21.32972210065479,0.31603988653333165,1.3278798482996221
41.18935432739552,21.24883210065478,0.35215602925986966,1.2933482151745737
41.18935432739552,21.167942100654784,0.31603988653333165,1.3278798482996221
41.270244327395524,21.087052100654788,0.35215602925986966,1.2892363419579858
41.270244327395524,20.925272100654794,0.28888808894390117,1.3378976649961987
41.35113432739552,20.844382100654784,0.35215602925986966,1.2933482151745737
41.35113432739552,20.763492100654787,0.31603988653333165,1.3278798482996221
41.432024327395524,20.68260210065479,0.35215602925986966,1.2892363419579858
41.432024327395524,20.601712100654794,0.31603988653333165,1.3117218319859045
41.51291432739552,20.520822100654783,0.35215602925986966,1.2622453883113243
41.51291432739552,20.35904210065479,0.28888808894390117,1.3278798482996221
41.593804327395524,20.278152100654793,0.35215602925986966,1.2892363419579858
41.593804327395524,20.116372100654786,0.28888808894390117,1.3378976649961987
41.67469432739552,20.03548210065479,0.35215602925986966,1.2933482151745737
41.67469432739552,19.954592100654793,0.31603988653333165,1.3278798482996221
41.755584327395525,19.873702100654782,0.35215602925986966,1.2892363419579858
41.755584327395525,19.71192210065479,0.28888808894390117,1.3378976649961987
41.83647432739552,19.631032100654792,0.35215602925986966,1.2892363419579858
41.83647432739552,19.469252100654785,0.28888808894390117,1.3378976649961987
41.917364327395525,19.38836210065479,0.35215602925986966,1.2892363419579858
41.917364327395525,19.22658210065478,0.28888808894390117,1.3378976649961987
41.99825432739552,19.145692100654784,0.35215602925986966,1.2892363419579858
41.99825432739552,18.98391210065479,0.28888808894390117,1.3378976649961987
42.079144327395525,18.903022100654795,0.35215602925986966,1.2933482151745737
42.079144327395525,18.822132100654784,0.31603988653333165,1.3278798482996221
42.16003432739552,18.741242100654787,0.35215602925986966,1.2892363419579858
42.16003432739552,18.66035210065479,0.31603988653333165,1.3117218319859045
42.240924327395525,18.579462100654794,0.35215602925986966,1.2622453883113243
42.240924327395525,18.498572100654783,0.31603988653333165,1.2933482151745737
42.32181432739552,18.417682100654787,0.35215602925986966,1.255950216748595
42.32181432739552,18.33679210065479,0.31603988653333165,1.2933482151745737
42.402704327395526,18.255902100654794,0.35215602925986966,1.255950216748595
42.402704327395526,18.175012100654783,0.31603988653333165,1.295400177667033
42.564484327395526,18.01323210065479,0.35215602925986966,1.2538461586978293
42.564484327395526,17.932342100654793,0.31603988653333165,1.3056206548870752
43.13071432739552,17.36611210065479,0.2833060853445642,1.3378976649961987
43.21160432739552,17.36611210065479,0.31603988653333165,1.295400177667033
43.29249432739552,17.285222100654792,0.2833060853445642,1.3278798482996221
43.37338432739553,17.285222100654792,0.33177109628408924,1.2933482151745737
43.53516432739552,17.123442100654785,0.27197867530179837,1.367590070281063
43.69694432739553,17.123442100654785,0.31603988653333165,1.3117218319859045
43.777834327395524,17.042552100654788,0.2833060853445642,1.367590070281063
43.93961432739552,17.042552100654788,0.34712000000000004,1.3117218319859045
44.02050432739553,16.96166210065479,0.27197867530179837,1.367590070281063
44.26317432739552,16.96166210065479,0.34712000000000004,1.3117218319859045
44.34406432739553,16.88077210065478,0.27197867530179837,1.367590070281063
44.748514327395526,16.88077210065478,0.34712000000000004,1.3117218319859045
44.82940432739552,16.799882100654784,0.27197867530179837,1.367590070281063
46.04275432739553,16.799882100654784,0.35215602925986966,1.3178
46.123644327395525,16.718992100654788,0.28888808894390117,1.39869
47.66055432739553,16.718992100654788,0.34712000000000004,1.3117218319859045
47.74144432739553,16.63810210065479,0.27197867530179837,1.367590070281063
49.440134327395526,16.63810210065479,0.2662300000000001,1.3890327870115489
49.52102432739552,16.718992100654788,0.31603988653333165,1.3378976649961987
49.68280432739553,16.718992100654788,0.24262661609987404,1.3890327870115489
49.76369432739553,16.799882100654784,0.28888808894390117,1.3378976649961987
49.92547432739552,16.799882100654784,0.24262661609987404,1.4006148618073406
50.168144327395524,17.042552100654788,0.2833060853445642,1.3178
50.24903432739552,17.042552100654788,0.24262661609987404,1.367590070281063
50.57259432739552,17.36611210065479,0.24262661609987404,1.3832118640563347
50.57259432739552,17.447002100654785,0.2833060853445642,1.3378976649961987
50.73437432739553,17.608782100654793,0.24262661609987404,1.4006148618073406
50.73437432739553,17.68967210065479,0.2833060853445642,1.367590070281063
50.815264327395525,17.770562100654786,0.24262661609987404,1.4140283699227385
50.815264327395525,17.932342100654793,0.28888808894390117,1.367590070281063
50.89615432739552,18.01323210065479,0.24262661609987404,1.4140283699227385
50.89615432739552,18.33679210065479,0.34712000000000004,1.3358990093829144
50.97704432739552,18.417682100654787,0.27197867530179837,1.406376419345978
50.97704432739552,19.064802100654788,0.28888808894390117,1.39869
50.89615432739552,19.145692100654784,0.35215602925986966,1.3198209876711688
50.89615432739552,19.55014210065478,0.27197867530179837,1.3890327870115489
50.815264327395525,19.631032100654792,0.31603988653333165,1.3378976649961987
50.815264327395525,19.71192210065479,0.2833060853445642,1.367590070281063
50.73437432739553,19.792812100654785,0.31603988653333165,1.3117218319859045
50.73437432739553,19.873702100654782,0.2833060853445642,1.3378976649961987
50.65348432739552,19.954592100654793,0.31603988653333165,1.2933482151745737
50.65348432739552,20.03548210065479,0.2833060853445642,1.3278798482996221
50.57259432739552,20.116372100654786,0.31603988653333165,1.295400177667033
50.57259432739552,20.197262100654783,0.2833060853445642,1.3378976649961987
50.41081432739553,20.35904210065479,0.33177109628408924,1.2933482151745737
50.41081432739553,20.439932100654786,0.2833060853445642,1.3278798482996221
50.32992432739552,20.520822100654783,0.31603988653333165,1.295400177667033
50.32992432739552,20.601712100654794,0.2833060853445642,1.3378976649961987
50.168144327395524,20.763492100654787,0.33177109628408924,1.2933482151745737
50.168144327395524,20.844382100654784,0.2833060853445642,1.3278798482996221
50.08725432739553,20.925272100654794,0.31603988653333165,1.295400177667033
50.08725432739553,21.00616210065479,0.2833060853445642,1.3378976649961987
49.92547432739552,21.167942100654784,0.33177109628408924,1.2933482151745737
49.92547432739552,21.24883210065478,0.2833060853445642,1.3278798482996221
49.76369432739553,21.410612100654788,0.33177109628408924,1.2705997012924715
49.76369432739553,21.491502100654785,0.2833060853445642,1.3178
49.68280432739553,21.57239210065478,0.31603988653333165,1.295400177667033
49.68280432739553,21.653282100654792,0.2833060853445642,1.3378976649961987
49.52102432739552,21.815062100654785,0.33177109628408924,1.2933482151745737
49.52102432739552,21.89595210065478,0.2833060853445642,1.3278798482996221
49.35924432739553,22.05773210065479,0.33177109628408924,1.2705997012924715
49.35924432739553,22.138622100654786,0.2833060853445642,1.3178
49.19746432739552,22.300402100654793,0.33177109628408924,1.2705997012924715
49.19746432739552,22.38129210065479,0.2833060853445642,1.3178
49.03568432739553,22.543072100654783,0.33177109628408924,1.2705997012924715
49.03568432739553,22.623962100654794,0.2833060853445642,1.3178
48.95479432739552,22.70485210065479,0.31603988653333165,1.295400177667033
48.95479432739552,22.785742100654787,0.2833060853445642,1.3378976649961987
48.793014327395525,22.947522100654794,0.33177109628408924,1.295400177667033
48.793014327395525,23.02841210065479,0.2833060853445642,1.3378976649961987
48.63123432739552,23.190192100654784,0.33177109628408924,1.2933482151745737
48.63123432739552,23.271082100654795,0.2833060853445642,1.3278798482996221
48.469454327395525,23.432862100654788,0.33177109628408924,1.2705997012924715
48.469454327395525,23.513752100654784,0.2833060853445642,1.3178
48.30767432739552,23.67553210065479,0.33177109628408924,1.295400177667033
48.30767432739552,23.756422100654788,0.2833060853445642,1.3378976649961987
48.145894327395524,23.91820210065478,0.33177109628408924,1.295400177667033
48.145894327395524,23.999092100654792,0.2833060853445642,1.3378976649961987
47.90322432739552,24.241762100654782,0.33177109628408924,1.2705997012924715
47.90322432739552,24.322652100654793,0.2833060853445642,1.3178
47.74144432739553,24.484432100654786,0.33177109628408924,1.2705997012924715
47.74144432739553,24.565322100654782,0.2833060853445642,1.3178
47.57966432739552,24.72710210065479,0.33177109628408924,1.2705997012924715
47.57966432739552,24.807992100654786,0.2833060853445642,1.3178
47.41788432739553,24.969772100654794,0.33177109628408924,1.2705997012924715
47.41788432739553,25.05066210065479,0.2833060853445642,1.3178
47.17521432739552,25.293332100654794,0.33177109628408924,1.2705997012924715
47.17521432739552,25.37422210065479,0.2833060853445642,1.3178
46.93254432739552,25.616892100654795,0.33177109628408924,1.2705997012924715
46.93254432739552,25.69778210065479,0.2833060853445642,1.3178
46.770764327395526,25.859562100654784,0.33177109628408924,1.2705997012924715
46.770764327395526,25.94045210065478,0.2833060853445642,1.3178
46.52809432739552,26.183122100654785,0.33177109628408924,1.2705997012924715
46.52809432739552,26.26401210065478,0.2833060853445642,1.3178
46.28542432739552,26.506682100654785,0.33177109628408924,1.2705997012924715
46.28542432739552,26.587572100654782,0.2833060853445642,1.3178
45.96186432739552,26.911132100654783,0.33177109628408924,1.2538461586978293
45.96186432739552,26.992022100654793,0.2833060853445642,1.3056206548870752
45.71919432739553,27.234692100654783,0.33177109628408924,1.2705997012924715
45.71919432739553,27.315582100654794,0.2833060853445642,1.3178
45.39563432739553,27.639142100654794,0.33177109628408924,1.2705997012924715
45.39563432739553,27.72003210065479,0.2833060853445642,1.3178
45.072074327395526,28.04359210065479,0.33177109628408924,1.2538461586978293
45.072074327395526,28.124482100654788,0.2833060853445642,1.3056206548870752
44.748514327395526,28.44804210065479,0.33177109628408924,1.2705997012924715
44.748514327395526,28.528932100654785,0.2833060853445642,1.3178
44.424954327395525,28.852492100654786,0.33177109628408924,1.2705997012924715
44.424954327395525,28.933382100654782,0.2833060853445642,1.3178
44.101394327395525,29.256942100654783,0.33177109628408924,1.2705997012924715
44.101394327395525,29.337832100654794,0.2833060853445642,1.3178
43.777834327395524,29.661392100654794,0.33177109628408924,1.2705997012924715
43.777834327395524,29.74228210065479,0.2833060853445642,1.3178
43.454274327395524,30.06584210065479,0.33177109628408924,1.2705997012924715
43.454274327395524,30.146732100654788,0.2833060853445642,1.3178
43.13071432739552,30.470292100654788,0.33177109628408924,1.2705997012924715
43.13071432739552,30.551182100654785,0.2833060853445642,1.3178
42.88804432739552,30.79385210065479,0.33177109628408924,1.2705997012924715
42.88804432739552,30.874742100654785,0.2833060853445642,1.3178
42.726264327395526,31.036522100654793,0.33177109628408924,1.295400177667033
42.726264327395526,31.11741210065479,0.2833060853445642,1.3378976649961987
42.64537432739552,31.198302100654786,0.31603988653333165,1.3178
42.64537432739552,31.360082100654793,0.27197867530179837,1.406376419345978
42.564484327395526,31.44097210065479,0.34712000000000004,1.3832118640563347
42.564484327395526,31.521862100654786,0.31603988653333165,1.4311215964801547
42.48359432739552,31.602752100654783,0.36703602811242514,1.406376419345978
42.48359432739552,32.007202100654794,0.35215602925986966,1.5249615828559242
42.564484327395526,32.08809210065479,0.28888808894390117,1.5866627950961456
42.564484327395526,32.249872100654784,0.35215602925986966,1.4814174604791543
42.80715432739552,32.49254210065479,0.32917654283197817,1.4367819546794007
42.88804432739552,32.49254210065479,0.27197867530179837,1.4666642668317034
42.96893432739553,32.573432100654784,0.2833060853445642,1.406376419345978
43.04982432739553,32.573432100654784,0.24262661609987404,1.415936025905395
43.13071432739552,32.654322100654795,0.28888808894390117,1.3498387538180814
43.29249432739552,32.654322100654795,0.2662300000000001,1.3890327870115489
43.37338432739553,32.73521210065479,0.34712000000000004,1.3178
43.777834327395524,32.73521210065479,0.2662300000000001,1.367590070281063
43.85872432739552,32.81610210065479,0.34712000000000004,1.3117218319859045
44.58673432739552,32.81610210065479,0.2662300000000001,1.3890327870115489
44.66762432739553,32.896992100654785,0.34712000000000004,1.3178
45.31474432739553,32.896992100654785,0.2662300000000001,1.3890327870115489
45.39563432739553,32.97788210065478,0.34712000000000004,1.3178
46.123644327395525,32.97788210065478,0.2662300000000001,1.3890327870115489
46.20453432739552,33.05877210065479,0.34712000000000004,1.3178
46.770764327395526,33.05877210065479,0.2662300000000001,1.3890327870115489
46.85165432739552,33.13966210065479,0.34712000000000004,1.3178
47.41788432739553,33.13966210065479,0.2662300000000001,1.367590070281063
47.49877432739552,33.220552100654785,0.34712000000000004,1.3117218319859045
48.145894327395524,33.220552100654785,0.2662300000000001,1.3890327870115489
48.22678432739552,33.30144210065478,0.34712000000000004,1.3178
48.793014327395525,33.30144210065478,0.2662300000000001,1.3890327870115489
48.87390432739552,33.38233210065479,0.34712000000000004,1.3178
49.440134327395526,33.38233210065479,0.2662300000000001,1.367590070281063
49.52102432739552,33.46322210065479,0.34712000000000004,1.3117218319859045
50.168144327395524,33.46322210065479,0.2662300000000001,1.3890327870115489
50.24903432739552,33.544112100654786,0.34712000000000004,1.3178
50.815264327395525,33.544112100654786,0.2662300000000001,1.3890327870115489
50.89615432739552,33.62500210065478,0.34712000000000004,1.3178
51.54327432739552,33.62500210065478,0.2662300000000001,1.3890327870115489
51.62416432739552,33.70589210065479,0.34712000000000004,1.3178
52.19039432739552,33.70589210065479,0.2662300000000001,1.3890327870115489
52.27128432739552,33.78678210065479,0.34712000000000004,1.3178
52.837514327395525,33.78678210065479,0.2662300000000001,1.367590070281063
52.91840432739552,33.86767210065479,0.34712000000000004,1.3117218319859045
53.56552432739552,33.86767210065479,0.2662300000000001,1.3890327870115489
53.64641432739552,33.94856210065478,0.34712000000000004,1.3178
54.21264432739552,33.94856210065478,0.2662300000000001,1.3890327870115489
54.29353432739552,34.029452100654794,0.34712000000000004,1.3178
54.859764327395524,34.029452100654794,0.2662300000000001,1.3890327870115489
54.94065432739552,34.11034210065479,0.34712000000000004,1.3178
55.506884327395525,34.11034210065479,0.2662300000000001,1.3890327870115489
55.58777432739552,34.19123210065479,0.34712000000000004,1.3178
56.154004327395526,34.19123210065479,0.2662300000000001,1.3890327870115489
56.23489432739552,34.272122100654784,0.34712000000000004,1.3178
56.80112432739553,34.272122100654784,0.2662300000000001,1.3890327870115489
56.882014327395524,34.353012100654794,0.34712000000000004,1.3178
57.44824432739553,34.353012100654794,0.2662300000000001,1.3890327870115489
57.529134327395525,34.43390210065479,0.34712000000000004,1.3178
58.01447432739552,34.43390210065479,0.2662300000000001,1.367590070281063
58.09536432739553,34.51479210065479,0.34712000000000004,1.3117218319859045
58.74248432739553,34.51479210065479,0.2662300000000001,1.3890327870115489
58.82337432739553,34.595682100654784,0.34712000000000004,1.3178
59.38960432739552,34.595682100654784,0.2662300000000001,1.3890327870115489
59.47049432739553,34.676572100654795,0.34712000000000004,1.3178
60.03672432739552,34.676572100654795,0.2662300000000001,1.3890327870115489
60.11761432739553,34.75746210065479,0.34712000000000004,1.3178
60.68384432739552,34.75746210065479,0.2662300000000001,1.3890327870115489
60.76473432739553,34.83835210065479,0.34712000000000004,1.3178
61.33096432739552,34.83835210065479,0.2662300000000001,1.3890327870115489
61.41185432739553,34.919242100654785,0.34712000000000004,1.3178
61.97808432739552,34.919242100654785,0.2662300000000001,1.3890327870115489
62.05897432739552,35.000132100654795,0.34712000000000004,1.3178
62.62520432739552,35.000132100654795,0.2662300000000001,1.3890327870115489
62.70609432739552,35.08102210065479,0.34712000000000004,1.3178
63.27232432739552,35.08102210065479,0.2662300000000001,1.3890327870115489
63.35321432739552,35.16191210065479,0.34712000000000004,1.3178
63.919444327395524,35.16191210065479,0.2662300000000001,1.3890327870115489
64.00033432739552,35.242802100654785,0.34712000000000004,1.3178
64.56656432739553,35.242802100654785,0.2662300000000001,1.3890327870115489
64.64745432739552,35.32369210065478,0.34712000000000004,1.3178
65.21368432739553,35.32369210065478,0.2662300000000001,1.3890327870115489
65.29457432739552,35.40458210065479,0.34712000000000004,1.3178
65.77991432739553,35.40458210065479,0.2662300000000001,1.367590070281063
65.86080432739553,35.48547210065479,0.34712000000000004,1.3117218319859045
66.42703432739552,35.48547210065479,0.2662300000000001,1.3890327870115489
66.50792432739553,35.566362100654786,0.34712000000000004,1.3178
66.99326432739552,35.566362100654786,0.2662300000000001,1.367590070281063
67.07415432739552,35.64725210065478,0.34712000000000004,1.3117218319859045
67.55949432739553,35.64725210065478,0.2662300000000001,1.367590070281063
67.64038432739552,35.72814210065479,0.34712000000000004,1.3117218319859045
68.20661432739553,35.72814210065479,0.2662300000000001,1.3890327870115489
68.28750432739552,35.80903210065479,0.34712000000000004,1.3178
68.77284432739552,35.80903210065479,0.2662300000000001,1.3890327870115489
68.85373432739553,35.889922100654786,0.34712000000000004,1.3178
69.33907432739552,35.889922100654786,0.2662300000000001,1.3890327870115489
69.41996432739552,35.97081210065478,0.34712000000000004,1.3178
69.82441432739553,35.97081210065478,0.2662300000000001,1.367590070281063
69.90530432739553,36.05170210065479,0.34712000000000004,1.3117218319859045
70.39064432739552,36.05170210065479,0.2662300000000001,1.367590070281063
70.47153432739553,36.13259210065479,0.34712000000000004,1.3117218319859045
70.95687432739552,36.13259210065479,0.2662300000000001,1.3890327870115489
71.03776432739552,36.21348210065479,0.34712000000000004,1.3178
71.44221432739552,36.21348210065479,0.2662300000000001,1.367590070281063
71.52310432739553,36.29437210065478,0.34712000000000004,1.3117218319859045
72.00844432739552,36.29437210065478,0.2662300000000001,1.3890327870115489
72.08933432739552,36.375262100654794,0.34712000000000004,1.3178
72.49378432739553,36.375262100654794,0.2662300000000001,1.367590070281063
72.57467432739553,36.45615210065479,0.34712000000000004,1.3117218319859045
72.97912432739552,36.45615210065479,0.2662300000000001,1.367590070281063
73.06001432739552,36.53704210065479,0.34712000000000004,1.3117218319859045
73.54535432739553,36.53704210065479,0.2662300000000001,1.3890327870115489
73.62624432739553,36.617932100654784,0.34712000000000004,1.3198209876711688
74.03069432739552,36.617932100654784,0.2662300000000001,1.3890327870115489
74.11158432739552,36.698822100654795,0.34712000000000004,1.3198209876711688
74.51603432739553,36.698822100654795,0.2662300000000001,1.3890327870115489
74.59692432739553,36.77971210065479,0.34712000000000004,1.3198209876711688
75.00137432739552,36.77971210065479,0.2662300000000001,1.3890327870115489
75.08226432739552,36.86060210065479,0.34712000000000004,1.3198209876711688
75.48671432739552,36.86060210065479,0.2662300000000001,1.3890327870115489
75.56760432739553,36.941492100654784,0.34712000000000004,1.3198209876711688
75.97205432739553,36.941492100654784,0.2662300000000001,1.3890327870115489
76.05294432739552,37.022382100654795,0.34712000000000004,1.3198209876711688
76.45739432739552,37.022382100654795,0.2662300000000001,1.3890327870115489
76.53828432739553,37.10327210065479,0.34712000000000004,1.3198209876711688
76.94273432739553,37.10327210065479,0.2662300000000001,1.3890327870115489
77.02362432739552,37.18416210065479,0.34712000000000004,1.3198209876711688
77.34718432739552,37.18416210065479,0.2662300000000001,1.367590070281063
77.42807432739552,37.265052100654785,0.34712000000000004,1.3117218319859045
77.83252432739552,37.265052100654785,0.2662300000000001,1.367590070281063
77.91341432739553,37.34594210065478,0.34712000000000004,1.3117218319859045
78.31786432739553,37.34594210065478,0.2662300000000001,1.3890327870115489
78.39875432739552,37.42683210065479,0.34712000000000004,1.3198209876711688
78.72231432739552,37.42683210065479,0.2662300000000001,1.367590070281063
78.80320432739552,37.50772210065479,0.34712000000000004,1.3117218319859045
79.20765432739553,37.50772210065479,0.2662300000000001,1.3890327870115489
79.28854432739553,37.588612100654785,0.34712000000000004,1.3198209876711688
79.61210432739553,37.588612100654785,0.2662300000000001,1.367590070281063
79.69299432739552,37.66950210065478,0.34712000000000004,1.3117218319859045
80.09744432739552,37.66950210065478,0.2662300000000001,1.3890327870115489
80.17833432739552,37.75039210065479,0.34712000000000004,1.3198209876711688
80.50189432739552,37.75039210065479,0.2662300000000001,1.367590070281063
80.58278432739553,37.83128210065479,0.34712000000000004,1.3117218319859045
80.98723432739553,37.83128210065479,0.2662300000000001,1.3890327870115489
81.06812432739552,37.912172100654786,0.34712000000000004,1.3198209876711688
81.39168432739552,37.912172100654786,0.2662300000000001,1.367590070281063
81.47257432739552,37.99306210065478,0.34712000000000004,1.3117218319859045
81.79613432739552,37.99306210065478,0.2662300000000001,1.367590070281063
81.87702432739553,38.07395210065479,0.34712000000000004,1.3117218319859045
82.28147432739553,38.07395210065479,0.2662300000000001,1.3890327870115489
82.36236432739553,38.15484210065479,0.34712000000000004,1.3258688779849377
82.68592432739553,38.15484210065479,0.2662300000000001,1.3890327870115489
82.76681432739552,38.235732100654786,0.34712000000000004,1.3198209876711688
83.09037432739552,38.235732100654786,0.2662300000000001,1.367590070281063
83.17126432739552,38.31662210065478,0.34712000000000004,1.3117218319859045
83.49482432739552,38.31662210065478,0.2662300000000001,1.367590070281063
83.57571432739553,38.397512100654794,0.34712000000000004,1.3117218319859045
83.89927432739553,38.397512100654794,0.2662300000000001,1.367590070281063
83.98016432739553,38.47840210065479,0.34712000000000004,1.3117218319859045
84.30372432739553,38.47840210065479,0.2662300000000001,1.367590070281063
84.38461432739552,38.55929210065479,0.34712000000000004,1.3117218319859045
84.70817432739553,38.55929210065479,0.2662300000000001,1.3890327870115489
84.78906432739552,38.64018210065478,0.34712000000000004,1.3258688779849377
85.11262432739552,38.64018210065478,0.2662300000000001,1.3890327870115489
85.19351432739552,38.721072100654794,0.34712000000000004,1.3258688779849377
85.51707432739552,38.721072100654794,0.2662300000000001,1.3890327870115489
85.59796432739553,38.80196210065479,0.31603988653333165,1.3258688779849377
85.84063432739552,38.80196210065479,0.2662300000000001,1.367590070281063
85.92152432739553,38.88285210065479,0.34712000000000004,1.3117218319859045
86.24508432739553,38.88285210065479,0.2662300000000001,1.367590070281063
86.32597432739553,38.963742100654784,0.34712000000000004,1.3117218319859045
86.64953432739553,38.963742100654784,0.2662300000000001,1.3890327870115489
86.73042432739553,39.044632100654795,0.34712000000000004,1.3258688779849377
87.05398432739553,39.044632100654795,0.2662300000000001,1.3890327870115489
87.13487432739552,39.12552210065479,0.31603988653333165,1.3258688779849377
87.37754432739553,39.12552210065479,0.2662300000000001,1.367590070281063
87.45843432739552,39.20641210065479,0.34712000000000004,1.3117218319859045
87.78199432739552,39.20641210065479,0.2662300000000001,1.3890327870115489
87.86288432739552,39.287302100654784,0.34712000000000004,1.3258688779849377
88.18644432739552,39.287302100654784,0.2662300000000001,1.3890327870115489
88.26733432739553,39.368192100654795,0.31603988653333165,1.3258688779849377
88.51000432739552,39.368192100654795,0.2662300000000001,1.367590070281063
88.59089432739553,39.44908210065479,0.34712000000000004,1.3117218319859045
88.91445432739553,39.44908210065479,0.2662300000000001,1.3890327870115489
88.99534432739553,39.52997210065479,0.34712000000000004,1.3258688779849377
89.31890432739553,39.52997210065479,0.2662300000000001,1.3890327870115489
89.39979432739553,39.610862100654785,0.31603988653333165,1.3358990093829144
89.64246432739553,39.610862100654785,0.2662300000000001,1.3890327870115489
89.72335432739553,39.69175210065478,0.34712000000000004,1.3258688779849377
90.04691432739553,39.69175210065478,0.2662300000000001,1.3890327870115489
90.12780432739552,39.77264210065479,0.34712000000000004,1.3258688779849377
90.45136432739552,39.77264210065479,0.2662300000000001,1.3890327870115489
90.53225432739552,39.85353210065479,0.31603988653333165,1.3358990093829144
90.77492432739552,39.85353210065479,0.2662300000000001,1.3890327870115489
90.85581432739552,39.934422100654785,0.34712000000000004,1.3258688779849377
91.17937432739552,39.934422100654785,0.2662300000000001,1.3890327870115489
91.26026432739553,40.01531210065478,0.34712000000000004,1.3258688779849377
91.58382432739552,40.01531210065478,0.2662300000000001,1.3890327870115489
91.66471432739553,40.09620210065479,0.31603988653333165,1.3358990093829144
91.90738432739552,40.09620210065479,0.2662300000000001,1.3890327870115489
91.98827432739553,40.17709210065479,0.31603988653333165,1.3258688779849377
92.23094432739552,40.17709210065479,0.2662300000000001,1.367590070281063
92.31183432739553,40.257982100654786,0.34712000000000004,1.3117218319859045
92.63539432739553,40.257982100654786,0.2662300000000001,1.3890327870115489
92.71628432739553,40.33887210065478,0.31603988653333165,1.3358990093829144
92.95895432739553,40.33887210065478,0.2662300000000001,1.3890327870115489
93.03984432739553,40.41976210065479,0.31603988653333165,1.3258688779849377
93.28251432739553,40.41976210065479,0.2662300000000001,1.367590070281063
93.36340432739553,40.50065210065479,0.34712000000000004,1.3117218319859045
93.68696432739553,40.50065210065479,0.2662300000000001,1.3890327870115489
93.76785432739553,40.58154210065479,0.31603988653333165,1.3358990093829144
94.01052432739553,40.58154210065479,0.2662300000000001,1.3890327870115489
94.09141432739553,40.66243210065478,0.31603988653333165,1.3358990093829144
94.33408432739553,40.66243210065478,0.2662300000000001,1.3890327870115489
94.41497432739553,40.743322100654794,0.31603988653333165,1.3358990093829144
94.65764432739553,40.743322100654794,0.2662300000000001,1.3890327870115489
94.73853432739553,40.82421210065479,0.31603988653333165,1.3358990093829144
94.98120432739553,40.82421210065479,0.2662300000000001,1.3890327870115489
95.06209432739553,40.90510210065479,0.31603988653333165,1.3358990093829144
95.30476432739553,40.90510210065479,0.2662300000000001,1.3890327870115489
95.38565432739553,40.985992100654784,0.31603988653333165,1.3358990093829144
95.62832432739553,40.985992100654784,0.2662300000000001,1.3890327870115489
95.70921432739553,41.066882100654794,0.31603988653333165,1.3358990093829144
95.95188432739553,41.066882100654794,0.2662300000000001,1.3890327870115489
96.03277432739553,41.14777210065479,0.31603988653333165,1.3358990093829144
96.27544432739552,41.14777210065479,0.2662300000000001,1.3890327870115489
96.35633432739553,41.22866210065479,0.31603988653333165,1.3358990093829144
96.59900432739552,41.22866210065479,0.2662300000000001,1.3890327870115489
96.67989432739553,41.309552100654784,0.31603988653333165,1.3258688779849377
96.92256432739552,41.309552100654784,0.2662300000000001,1.367590070281063
97.00345432739553,41.390442100654795,0.31603988653333165,1.3117218319859045
97.24612432739552,41.390442100654795,0.2662300000000001,1.367590070281063
97.32701432739553,41.47133210065479,0.31603988653333165,1.3117218319859045
97.56968432739552,41.47133210065479,0.2662300000000001,1.367590070281063
97.65057432739553,41.55222210065479,0.31603988653333165,1.3117218319859045
97.89324432739552,41.55222210065479,0.2662300000000001,1.367590070281063
97.97413432739553,41.633112100654785,0.31603988653333165,1.3117218319859045
98.21680432739552,41.633112100654785,0.2662300000000001,1.367590070281063
98.29769432739553,41.714002100654795,0.31603988653333165,1.3117218319859045
98.54036432739552,41.714002100654795,0.2662300000000001,1.367590070281063
98.62125432739552,41.79489210065479,0.34712000000000004,1.3117218319859045
98.94481432739552,41.79489210065479,0.2662300000000001,1.3890327870115489
99.02570432739553,41.87578210065479,0.31603988653333165,1.3358990093829144
99.26837432739552,41.87578210065479,0.2662300000000001,1.3890327870115489
99.34926432739553,41.956672100654785,0.31603988653333165,1.3358990093829144
99.59193432739552,41.956672100654785,0.2662300000000001,1.3890327870115489
99.67282432739553,42.03756210065478,0.31603988653333165,1.3358990093829144
99.91549432739552,42.03756210065478,0.2662300000000001,1.3890327870115489
99.99638432739553,42.11845210065479,0.31603988653333165,1.3358990093829144
100.23905432739552,42.11845210065479,0.2662300000000001,1.3890327870115489
100.31994432739553,42.19934210065479,0.31603988653333165,1.3358990093829144
100.56261432739552,42.19934210065479,0.2662300000000001,1.3890327870115489
100.64350432739553,42.280232100654786,0.31603988653333165,1.3358990093829144
100.88617432739552,42.280232100654786,0.2662300000000001,1.3890327870115489
100.96706432739552,42.36112210065478,0.31603988653333165,1.3358990093829144
101.20973432739552,42.36112210065478,0.2662300000000001,1.3890327870115489
101.29062432739552,42.44201210065479,0.31603988653333165,1.3358990093829144
101.53329432739552,42.44201210065479,0.2662300000000001,1.3890327870115489
101.61418432739552,42.52290210065479,0.31603988653333165,1.3358990093829144
101.85685432739552,42.52290210065479,0.2662300000000001,1.3890327870115489
101.93774432739552,42.603792100654786,0.31603988653333165,1.3358990093829144
102.18041432739552,42.603792100654786,0.2662300000000001,1.3890327870115489
102.26130432739552,42.68468210065478,0.31603988653333165,1.3358990093829144
102.50397432739553,42.68468210065478,0.24262661609987404,1.3890327870115489
102.58486432739552,42.76557210065479,0.28888808894390117,1.3378976649961987
102.74664432739553,42.76557210065479,0.2662300000000001,1.3890327870115489
102.82753432739553,42.84646210065479,0.31603988653333165,1.3358990093829144
103.07020432739553,42.84646210065479,0.2662300000000001,1.3890327870115489
103.15109432739553,42.92735210065479,0.31603988653333165,1.3358990093829144
103.39376432739553,42.92735210065479,0.2662300000000001,1.3890327870115489
103.47465432739553,43.00824210065478,0.31603988653333165,1.3358990093829144
103.71732432739553,43.00824210065478,0.2662300000000001,1.3890327870115489
103.79821432739553,43.089132100654794,0.31603988653333165,1.3358990093829144
104.04088432739553,43.089132100654794,0.2662300000000001,1.3890327870115489
104.12177432739553,43.17002210065479,0.31603988653333165,1.3358990093829144
104.36444432739553,43.17002210065479,0.24262661609987404,1.3890327870115489
104.44533432739553,43.25091210065479,0.28888808894390117,1.3378976649961987
104.60711432739552,43.25091210065479,0.2662300000000001,1.3890327870115489
104.68800432739553,43.331802100654784,0.31603988653333165,1.3358990093829144
104.93067432739552,43.331802100654784,0.2662300000000001,1.3890327870115489
105.01156432739553,43.412692100654795,0.31603988653333165,1.3358990093829144
105.25423432739552,43.412692100654795,0.2662300000000001,1.3890327870115489
105.33512432739552,43.49358210065479,0.31603988653333165,1.3378976649961987
105.57779432739552,43.49358210065479,0.24262661609987404,1.4140283699227385
105.65868432739552,43.57447210065479,0.28888808894390117,1.3498387538180814
105.82046432739553,43.57447210065479,0.2662300000000001,1.3890327870115489
105.90135432739552,43.655362100654784,0.31603988653333165,1.3358990093829144
106.14402432739553,43.655362100654784,0.24262661609987404,1.3890327870115489
106.22491432739552,43.736252100654795,0.28888808894390117,1.3378976649961987
106.38669432739553,43.736252100654795,0.2662300000000001,1.3890327870115489
106.46758432739553,43.81714210065479,0.31603988653333165,1.3358990093829144
106.71025432739553,43.81714210065479,0.24262661609987404,1.3890327870115489
106.79114432739551,43.89803210065479,0.28888808894390117,1.3378976649961987
106.95292432739554,43.89803210065479,0.2662300000000001,1.3890327870115489
107.03381432739552,43.978922100654785,0.31603988653333165,1.3358990093829144
107.27648432739552,43.978922100654785,0.24262661609987404,1.3890327870115489
107.35737432739553,44.059812100654796,0.28888808894390117,1.3378976649961987
107.51915432739553,44.059812100654796,0.2662300000000001,1.3890327870115489
107.60004432739554,44.14070210065479,0.31603988653333165,1.3358990093829144
107.84271432739551,44.14070210065479,0.24262661609987404,1.3890327870115489
107.92360432739552,44.22159210065479,0.28888808894390117,1.3378976649961987
108.08538432739552,44.22159210065479,0.2662300000000001,1.3890327870115489
108.16627432739553,44.302482100654785,0.31603988653333165,1.3358990093829144
108.40894432739553,44.302482100654785,0.24262661609987404,1.3890327870115489
108.48983432739551,44.38337210065478,0.28888808894390117,1.3378976649961987
108.65161432739554,44.38337210065478,0.2662300000000001,1.3890327870115489
108.73250432739552,44.46426210065479,0.31603988653333165,1.3358990093829144
108.97517432739552,44.46426210065479,0.24262661609987404,1.3890327870115489
109.05606432739553,44.54515210065479,0.28888808894390117,1.3378976649961987
109.21784432739553,44.54515210065479,0.2662300000000001,1.3890327870115489
109.29873432739554,44.626042100654786,0.31603988653333165,1.3358990093829144
109.54140432739554,44.626042100654786,0.24262661609987404,1.3890327870115489
109.62229432739552,44.70693210065478,0.28888808894390117,1.3378976649961987
109.78407432739552,44.70693210065478,0.2662300000000001,1.3890327870115489
109.86496432739553,44.78782210065479,0.31603988653333165,1.3378976649961987
110.10763432739553,44.78782210065479,0.24262661609987404,1.4140283699227385
110.18852432739551,44.86871210065479,0.28888808894390117,1.3498387538180814
110.35030432739553,44.86871210065479,0.2662300000000001,1.3890327870115489
110.43119432739552,44.949602100654786,0.31603988653333165,1.3378976649961987
110.67386432739552,44.949602100654786,0.24262661609987404,1.4140283699227385
110.75475432739553,45.03049210065478,0.28888808894390117,1.3498387538180814
110.91653432739552,45.03049210065478,0.24262661609987404,1.3890327870115489
110.99742432739554,45.111382100654794,0.28888808894390117,1.3378976649961987
111.15920432739553,45.111382100654794,0.2662300000000001,1.3890327870115489
111.24009432739554,45.19227210065479,0.31603988653333165,1.3358990093829144
111.48276432739551,45.19227210065479,0.24262661609987404,1.3890327870115489
111.56365432739553,45.27316210065479,0.28888808894390117,1.3378976649961987
111.72543432739552,45.27316210065479,0.2662300000000001,1.3890327870115489
111.80632432739553,45.35405210065478,0.31603988653333165,1.3378976649961987
112.04899432739553,45.35405210065478,0.24262661609987404,1.4140283699227385
112.12988432739552,45.434942100654794,0.28888808894390117,1.3498387538180814
112.29166432739554,45.434942100654794,0.24262661609987404,1.3890327870115489
112.37255432739552,45.51583210065479,0.28888808894390117,1.3378976649961987
112.53433432739551,45.51583210065479,0.2662300000000001,1.3890327870115489
112.61522432739552,45.59672210065479,0.31603988653333165,1.3358990093829144
112.85789432739553,45.59672210065479,0.24262661609987404,1.3890327870115489
112.93878432739554,45.677612100654784,0.28888808894390117,1.3378976649961987
113.10056432739553,45.677612100654784,0.2662300000000001,1.3890327870115489
113.18145432739551,45.758502100654795,0.31603988653333165,1.3378976649961987
113.42412432739552,45.758502100654795,0.24262661609987404,1.4140283699227385
113.50501432739553,45.83939210065479,0.28888808894390117,1.3498387538180814
113.66679432739552,45.83939210065479,0.24262661609987404,1.3890327870115489
113.74768432739553,45.92028210065479,0.28888808894390117,1.3378976649961987
113.90946432739553,45.92028210065479,0.2662300000000001,1.3890327870115489
113.99035432739554,46.001172100654784,0.31603988653333165,1.3378976649961987
114.23302432739554,46.001172100654784,0.24262661609987404,1.4140283699227385
114.31391432739552,46.082062100654795,0.28888808894390117,1.3498387538180814
114.47569432739552,46.082062100654795,0.24262661609987404,1.3890327870115489
114.55658432739553,46.16295210065479,0.28888808894390117,1.3378976649961987
114.71836432739552,46.16295210065479,0.2662300000000001,1.3890327870115489
114.79925432739553,46.24384210065479,0.31603988653333165,1.3378976649961987
115.04192432739553,46.24384210065479,0.24262661609987404,1.4140283699227385
115.12281432739552,46.324732100654785,0.28888808894390117,1.3498387538180814
115.28459432739554,46.324732100654785,0.24262661609987404,1.3890327870115489
115.36548432739552,46.405622100654796,0.28888808894390117,1.3378976649961987
115.52726432739551,46.405622100654796,0.2662300000000001,1.3890327870115489
115.60815432739552,46.48651210065479,0.31603988653333165,1.3378976649961987
115.85082432739553,46.48651210065479,0.24262661609987404,1.4140283699227385
115.93171432739554,46.56740210065479,0.28888808894390117,1.3498387538180814
116.09349432739553,46.56740210065479,0.24262661609987404,1.3890327870115489
116.17438432739552,46.648292100654785,0.28888808894390117,1.3378976649961987
116.33616432739554,46.648292100654785,0.24262661609987404,1.3890327870115489
116.41705432739552,46.72918210065478,0.28888808894390117,1.3378976649961987
116.57883432739554,46.72918210065478,0.2662300000000001,1.3890327870115489
116.65972432739552,46.81007210065479,0.31603988653333165,1.3378976649961987
116.90239432739553,46.81007210065479,0.24262661609987404,1.4140283699227385
116.98328432739554,46.89096210065479,0.28888808894390117,1.367590070281063
117.14506432739553,46.89096210065479,0.24262661609987404,1.4140283699227385
117.22595432739551,46.971852100654786,0.28888808894390117,1.3498387538180814
117.38773432739553,46.971852100654786,0.24262661609987404,1.3890327870115489
117.46862432739552,47.05274210065478,0.28888808894390117,1.3378976649961987
117.63040432739554,47.05274210065478,0.24262661609987404,1.3890327870115489
117.71129432739552,47.13363210065479,0.28888808894390117,1.3378976649961987
117.87307432739551,47.13363210065479,0.24262661609987404,1.3890327870115489
117.95396432739552,47.21452210065479,0.28888808894390117,1.3378976649961987
118.11574432739552,47.21452210065479,0.24262661609987404,1.3890327870115489
118.19663432739553,47.29541210065479,0.28888808894390117,1.3378976649961987
118.35841432739552,47.29541210065479,0.2662300000000001,1.3890327870115489
118.43930432739553,47.37630210065478,0.31603988653333165,1.3378976649961987
118.68197432739554,47.37630210065478,0.24262661609987404,1.4140283699227385
118.76286432739552,47.457192100654794,0.28888808894390117,1.367590070281063
118.92464432739554,47.457192100654794,0.24262661609987404,1.4140283699227385
119.00553432739552,47.53808210065479,0.28888808894390117,1.367590070281063
119.16731432739552,47.53808210065479,0.24262661609987404,1.4140283699227385
119.24820432739553,47.61897210065479,0.28888808894390117,1.367590070281063
119.40998432739552,47.61897210065479,0.24262661609987404,1.4140283699227385
119.49087432739553,47.699862100654784,0.28888808894390117,1.367590070281063
119.65265432739552,47.699862100654784,0.24262661609987404,1.4140283699227385
119.73354432739553,47.780752100654794,0.28888808894390117,1.367590070281063
119.89532432739553,47.780752100654794,0.24262661609987404,1.4140283699227385
119.97621432739554,47.86164210065479,0.28888808894390117,1.3498387538180814
120.13799432739553,47.86164210065479,0.24262661609987404,1.3890327870115489
120.21888432739551,47.94253210065479,0.28888808894390117,1.3378976649961987
120.38066432739554,47.94253210065479,0.24262661609987404,1.3890327870115489
120.46155432739552,48.023422100654784,0.28888808894390117,1.3378976649961987
120.62333432739554,48.023422100654784,0.24262661609987404,1.3890327870115489
120.70422432739552,48.104312100654795,0.28888808894390117,1.3378976649961987
120.86600432739552,48.104312100654795,0.24262661609987404,1.3890327870115489
120.94689432739553,48.18520210065479,0.28888808894390117,1.3378976649961987
121.10867432739552,48.18520210065479,0.24262661609987404,1.3890327870115489
121.18956432739553,48.26609210065479,0.28888808894390117,1.3378976649961987
121.35134432739552,48.26609210065479,0.24262661609987404,1.3890327870115489
121.43223432739553,48.346982100654785,0.28888808894390117,1.3378976649961987
121.59401432739553,48.346982100654785,0.24262661609987404,1.3890327870115489
121.67490432739554,48.427872100654795,0.28888808894390117,1.3378976649961987
121.83668432739553,48.427872100654795,0.24262661609987404,1.3890327870115489
121.91757432739551,48.50876210065479,0.28888808894390117,1.3378976649961987
122.07935432739554,48.50876210065479,0.24262661609987404,1.3890327870115489
122.16024432739552,48.58965210065479,0.28888808894390117,1.3378976649961987
122.32202432739554,48.58965210065479,0.24262661609987404,1.3890327870115489
122.40291432739552,48.670542100654785,0.28888808894390117,1.3378976649961987
122.56469432739551,48.670542100654785,0.24262661609987404,1.3890327870115489
122.64558432739553,48.751432100654796,0.28888808894390117,1.3378976649961987
122.80736432739552,48.751432100654796,0.24262661609987404,1.3890327870115489
122.88825432739553,48.83232210065479,0.28888808894390117,1.3378976649961987
123.05003432739552,48.83232210065479,0.2662300000000001,1.3890327870115489
123.13092432739553,48.91321210065479,0.31603988653333165,1.3378976649961987
123.37359432739554,48.91321210065479,0.24262661609987404,1.4140283699227385
123.45448432739552,48.994102100654786,0.28888808894390117,1.367590070281063
123.61626432739554,48.994102100654786,0.24262661609987404,1.4140283699227385
123.69715432739552,49.07499210065478,0.28888808894390117,1.367590070281063
123.85893432739552,49.07499210065478,0.24262661609987404,1.4140283699227385
123.93982432739553,49.15588210065479,0.28888808894390117,1.367590070281063
124.10160432739552,49.15588210065479,0.24262661609987404,1.4140283699227385
124.18249432739553,49.23677210065479,0.28888808894390117,1.367590070281063
124.34427432739552,49.23677210065479,0.24262661609987404,1.4140283699227385
124.42516432739554,49.317662100654786,0.28888808894390117,1.367590070281063
124.58694432739553,49.317662100654786,0.24262661609987404,1.4140283699227385
124.66783432739554,49.39855210065478,0.28888808894390117,1.367590070281063
124.82961432739553,49.39855210065478,0.24262661609987404,1.4140283699227385
124.91050432739551,49.47944210065479,0.28888808894390117,1.3498387538180814
125.07228432739554,49.47944210065479,0.24262661609987404,1.3890327870115489
125.15317432739552,49.56033210065479,0.28888808894390117,1.3378976649961987
125.31495432739554,49.56033210065479,0.24262661609987404,1.3890327870115489
125.39584432739552,49.64122210065479,0.28888808894390117,1.3378976649961987
125.55762432739552,49.64122210065479,0.24262661609987404,1.3890327870115489
125.63851432739553,49.72211210065478,0.28888808894390117,1.3378976649961987
125.80029432739552,49.72211210065478,0.24262661609987404,1.3890327870115489
125.88118432739553,49.803002100654794,0.28888808894390117,1.3378976649961987
126.04296432739552,49.803002100654794,0.24262661609987404,1.3890327870115489
126.12385432739553,49.88389210065479,0.28888808894390117,1.3378976649961987
126.28563432739553,49.88389210065479,0.24262661609987404,1.3890327870115489
126.36652432739554,49.96478210065479,0.28888808894390117,1.3378976649961987
126.52830432739553,49.96478210065479,0.24262661609987404,1.3890327870115489
126.60919432739551,50.045672100654784,0.28888808894390117,1.3378976649961987
126.77097432739554,50.045672100654784,0.24262661609987404,1.4006148618073406
126.85186432739552,50.126562100654795,0.28888808894390117,1.3656270442088771
127.01364432739554,50.126562100654795,0.24262661609987404,1.4140283699227385
127.09453432739552,50.20745210065479,0.2833060853445642,1.367590070281063
127.17542432739553,50.20745210065479,0.24262661609987404,1.3890327870115489
127.25631432739551,50.28834210065479,0.28888808894390117,1.3378976649961987
127.41809432739554,50.28834210065479,0.24262661609987404,1.3890327870115489
127.49898432739552,50.369232100654784,0.28888808894390117,1.3378976649961987
127.66076432739554,50.369232100654784,0.24262661609987404,1.3890327870115489
127.74165432739552,50.450122100654795,0.28888808894390117,1.3378976649961987
127.90343432739552,50.450122100654795,0.24262661609987404,1.3890327870115489
127.98432432739553,50.53101210065479,0.28888808894390117,1.3378976649961987
128.1461043273955,50.53101210065479,0.24262661609987404,1.3890327870115489
128.22699432739552,50.61190210065479,0.28888808894390117,1.3378976649961987
128.38877432739554,50.61190210065479,0.2662300000000001,1.3890327870115489
128.46966432739555,50.692792100654785,0.31603988653333165,1.3358990093829144
128.71233432739552,50.692792100654785,0.2662300000000001,1.3890327870115489
128.79322432739554,50.773682100654796,0.34712000000000004,1.3258688779849377
129.35945432739555,50.773682100654796,0.27197867530179837,1.39869
129.4403443273955,50.85457210065479,0.34712000000000004,1.3178
