#x_m,y_m,w_tr_right_m,w_tr_left_m
130.2492443273955,51.663472100654786,1.2933482151745737,0.5089
130.3301343273955,51.58258210065479,1.255950216748595,0.57121196249822
130.41102432739552,51.58258210065479,1.295400177667033,0.5328135221044386
130.49191432739553,51.50169210065479,1.2705997012924715,0.57121196249822
130.57280432739554,51.50169210065479,1.3178,0.5328135221044386
130.97725432739554,51.097242100654796,1.3178,0.5579680129526975
130.97725432739554,51.016352100654785,1.2705997012924715,0.60437769349979
131.05814432739555,50.93546210065479,1.295400177667033,0.57121196249822
131.05814432739555,50.85457210065479,1.255950216748595,0.60437769349979
131.1390343273955,50.773682100654796,1.2933482151745737,0.57121196249822
131.1390343273955,50.692792100654785,1.2622453883113243,0.60437769349979
131.21992432739552,50.61190210065479,1.3117218319859045,0.5445163935057745
131.21992432739552,49.72211210065478,1.2705997012924715,0.5249193769090407
131.1390343273955,49.64122210065479,1.2111499074876724,0.57121196249822
131.1390343273955,49.56033210065479,1.2347798395861214,0.5328135221044386
131.05814432739555,49.47944210065479,1.1761039832274691,0.57121196249822
131.05814432739555,49.317662100654786,1.2111499074876724,0.5089
130.97725432739554,49.23677210065479,1.1582652133614104,0.5328135221044386
130.97725432739554,49.15588210065479,1.1871445557846756,0.49667410758728686
130.89636432739553,49.07499210065478,1.1333744519140838,0.5328135221044386
130.89636432739553,48.994102100654786,1.1582652133614104,0.49667410758728686
130.81547432739552,48.91321210065479,1.1126831175107883,0.5328135221044386
130.81547432739552,48.83232210065479,1.147004309599664,0.49667410758728686
130.7345843273955,48.751432100654796,1.1126831175107883,0.5089
130.7345843273955,48.670542100654785,1.147004309599664,0.46311473377205864
130.6536943273955,48.58965210065479,1.114997096322109,0.49667410758728686
130.6536943273955,48.50876210065479,1.1582652133614104,0.44576895115042164
130.49191432739553,48.346982100654785,1.114997096322109,0.49667410758728686
130.49191432739553,48.26609210065479,1.1582652133614104,0.44576895115042164
130.3301343273955,48.104312100654795,1.114997096322109,0.49667410758728686
130.3301343273955,48.023422100654784,1.1582652133614104,0.44576895115042164
130.16835432739555,47.86164210065479,1.114997096322109,0.49667410758728686
130.16835432739555,47.780752100654794,1.1582652133614104,0.44576895115042164
130.00657432739553,47.61897210065479,1.114997096322109,0.49667410758728686
130.00657432739553,47.53808210065479,1.1582652133614104,0.44576895115042164
129.8447943273955,47.37630210065478,1.1310901883878597,0.49667410758728686
129.8447943273955,47.29541210065479,1.184943008232976,0.4435722778923378
129.60212432739553,47.05274210065478,1.1310901883878597,0.49667410758728686
129.60212432739553,46.971852100654786,1.184943008232976,0.4435722778923378
129.35945432739555,46.72918210065478,1.1310901883878597,0.49667410758728686
129.35945432739555,46.648292100654785,1.184943008232976,0.4435722778923378
129.0358943273955,46.324732100654785,1.1299466882544957,0.49667410758728686
129.0358943273955,46.24384210065479,1.184943008232976,0.4435722778923378
128.71233432739552,45.92028210065479,1.1299466882544957,0.49667410758728686
128.71233432739552,45.83939210065479,1.184943008232976,0.4435722778923378
128.38877432739554,45.51583210065479,1.1299466882544957,0.49667410758728686
128.38877432739554,45.434942100654794,1.184943008232976,0.4435722778923378
128.06521432739555,45.111382100654794,1.1299466882544957,0.49667410758728686
128.06521432739555,45.03049210065478,1.184943008232976,0.4435722778923378
127.74165432739552,44.70693210065478,1.1299466882544957,0.49667410758728686
127.74165432739552,44.626042100654786,1.1871445557846756,0.4435722778923378
127.41809432739554,44.302482100654785,1.1310901883878597,0.49667410758728686
127.41809432739554,44.22159210065479,1.1871445557846756,0.4435722778923378
127.09453432739552,43.89803210065479,1.1310901883878597,0.49667410758728686
127.09453432739552,43.81714210065479,1.1871445557846756,0.4435722778923378
126.77097432739554,43.49358210065479,1.1310901883878597,0.49667410758728686
126.77097432739554,43.412692100654795,1.1871445557846756,0.4435722778923378
126.44741432739552,43.089132100654794,1.1310901883878597,0.49667410758728686
126.44741432739552,43.00824210065478,1.1871445557846756,0.4435722778923378
126.12385432739553,42.68468210065478,1.1310901883878597,0.49667410758728686
126.12385432739553,42.603792100654786,1.1871445557846756,0.4435722778923378
125.71940432739554,42.19934210065479,1.1299466882544957,0.49667410758728686
125.71940432739554,42.11845210065479,1.184943008232976,0.4435722778923378
125.39584432739552,41.79489210065479,1.1299466882544957,0.49667410758728686
125.39584432739552,41.714002100654795,1.1871445557846756,0.4435722778923378
125.07228432739554,41.390442100654795,1.1310901883878597,0.49667410758728686
125.07228432739554,41.309552100654784,1.1871445557846756,0.4435722778923378
124.74872432739552,40.985992100654784,1.1310901883878597,0.49667410758728686
124.74872432739552,40.90510210065479,1.1871445557846756,0.4435722778923378
124.42516432739554,40.58154210065479,1.1310901883878597,0.49667410758728686
124.42516432739554,40.50065210065479,1.1871445557846756,0.4435722778923378
124.10160432739552,40.17709210065479,1.1310901883878597,0.49667410758728686
124.10160432739552,40.09620210065479,1.1871445557846756,0.4435722778923378
123.69715432739552,39.69175210065478,1.1299466882544957,0.49667410758728686
123.69715432739552,39.610862100654785,1.1871445557846756,0.4435722778923378
123.37359432739554,39.287302100654784,1.1310901883878597,0.49667410758728686
123.37359432739554,39.20641210065479,1.1871445557846756,0.4435722778923378
123.05003432739552,38.88285210065479,1.1310901883878597,0.49667410758728686
123.05003432739552,38.80196210065479,1.1871445557846756,0.4435722778923378
122.72647432739554,38.47840210065479,1.1310901883878597,0.49667410758728686
122.72647432739554,38.397512100654794,1.1871445557846756,0.4435722778923378
122.40291432739552,38.07395210065479,1.1310901883878597,0.49667410758728686
122.40291432739552,37.99306210065478,1.1871445557846756,0.4435722778923378
121.99846432739552,37.588612100654785,1.1299466882544957,0.49667410758728686
121.99846432739552,37.50772210065479,1.184943008232976,0.4435722778923378
121.67490432739554,37.18416210065479,1.1299466882544957,0.49667410758728686
121.67490432739554,37.10327210065479,1.1871445557846756,0.4435722778923378
121.35134432739552,36.77971210065479,1.1310901883878597,0.49667410758728686
121.35134432739552,36.698822100654795,1.1871445557846756,0.4435722778923378
121.02778432739554,36.375262100654794,1.1310901883878597,0.49667410758728686
121.02778432739554,36.29437210065478,1.1871445557846756,0.4435722778923378
120.70422432739552,35.97081210065478,1.1310901883878597,0.49667410758728686
120.70422432739552,35.889922100654786,1.1871445557846756,0.4435722778923378
120.38066432739554,35.566362100654786,1.1310901883878597,0.49667410758728686
120.38066432739554,35.48547210065479,1.1871445557846756,0.4435722778923378
119.97621432739554,35.08102210065479,1.1299466882544957,0.49667410758728686
119.97621432739554,35.000132100654795,1.184943008232976,0.4435722778923378
119.65265432739552,34.676572100654795,1.1299466882544957,0.49667410758728686
119.65265432739552,34.595682100654784,1.1871445557846756,0.4435722778923378
119.32909432739554,34.272122100654784,1.1310901883878597,0.49667410758728686
119.32909432739554,34.19123210065479,1.1871445557846756,0.4435722778923378
119.00553432739552,33.86767210065479,1.1310901883878597,0.49667410758728686
119.00553432739552,33.78678210065479,1.1871445557846756,0.4435722778923378
118.68197432739554,33.46322210065479,1.1310901883878597,0.49667410758728686
118.68197432739554,33.38233210065479,1.1871445557846756,0.4435722778923378
118.35841432739552,33.05877210065479,1.1310901883878597,0.49667410758728686
118.35841432739552,32.97788210065478,1.1871445557846756,0.4435722778923378
117.95396432739552,32.573432100654784,1.1299466882544957,0.49667410758728686
117.95396432739552,32.49254210065479,1.184943008232976,0.4435722778923378
117.63040432739554,32.16898210065479,1.1299466882544957,0.49667410758728686
117.63040432739554,32.08809210065479,1.1871445557846756,0.4435722778923378
117.30684432739552,31.76453210065479,1.1310901883878597,0.49667410758728686
117.30684432739552,31.683642100654794,1.1871445557846756,0.4435722778923378
116.98328432739554,31.360082100654793,1.1310901883878597,0.49667410758728686
116.98328432739554,31.279192100654782,1.1871445557846756,0.4435722778923378
116.65972432739552,30.955632100654782,1.1310901883878597,0.49667410758728686
116.65972432739552,30.874742100654785,1.1871445557846756,0.4435722778923378
116.33616432739554,30.551182100654785,1.1310901883878597,0.49667410758728686
116.33616432739554,30.470292100654788,1.1871445557846756,0.4435722778923378
115.93171432739554,30.06584210065479,1.1299466882544957,0.49667410758728686
115.93171432739554,29.984952100654795,1.1871445557846756,0.4435722778923378
115.60815432739552,29.661392100654794,1.1310901883878597,0.49667410758728686
115.60815432739552,29.580502100654783,1.1871445557846756,0.4435722778923378
115.28459432739554,29.256942100654783,1.1310901883878597,0.49667410758728686
115.28459432739554,29.176052100654786,1.1871445557846756,0.4435722778923378
114.96103432739552,28.852492100654786,1.1310901883878597,0.49667410758728686
114.96103432739552,28.77160210065479,1.1871445557846756,0.4435722778923378
114.63747432739554,28.44804210065479,1.1310901883878597,0.49667410758728686
114.63747432739554,28.367152100654792,1.1871445557846756,0.4435722778923378
114.31391432739552,28.04359210065479,1.1310901883878597,0.49667410758728686
114.31391432739552,27.962702100654795,1.1871445557846756,0.4435722778923378
113.99035432739554,27.639142100654794,1.1310901883878597,0.49667410758728686
113.99035432739554,27.558252100654784,1.1871445557846756,0.4435722778923378
113.66679432739552,27.234692100654783,1.1310901883878597,0.49667410758728686
113.66679432739552,27.153802100654786,1.1871445557846756,0.4435722778923378
113.18145432739551,26.668462100654793,1.1871445557846756,0.4435722778923378
113.10056432739553,26.668462100654793,1.1310901883878597,0.49667410758728686
112.93878432739554,26.506682100654785,1.1582652133614104,0.44576895115042164
112.85789432739553,26.506682100654785,1.114997096322109,0.49667410758728686
112.77700432739552,26.42579210065479,1.147004309599664,0.46311473377205864
112.69611432739553,26.42579210065479,1.1126831175107883,0.5089
112.61522432739552,26.344902100654792,1.147004309599664,0.49667410758728686
112.53433432739551,26.344902100654792,1.1126831175107883,0.5328135221044386
112.45344432739553,26.26401210065478,1.147004309599664,0.49667410758728686
112.37255432739552,26.26401210065478,1.1126831175107883,0.5249193769090407
112.29166432739554,26.183122100654785,1.1582652133614104,0.46738991979306066
112.12988432739552,26.183122100654785,1.1126831175107883,0.5328135221044386
112.04899432739553,26.10223210065479,1.1582652133614104,0.49667410758728686
111.88721432739554,26.10223210065479,1.1126831175107883,0.5249193769090407
111.80632432739553,26.021342100654792,1.1761039832274691,0.46738991979306066
111.56365432739553,26.021342100654792,1.1126831175107883,0.5249193769090407
111.48276432739551,25.94045210065478,1.1761039832274691,0.46738991979306066
111.24009432739554,25.94045210065478,1.1126831175107883,0.5129344389924688
111.15920432739553,25.859562100654784,1.1761039832274691,0.44576895115042164
110.83564432739551,25.859562100654784,1.1126831175107883,0.5249193769090407
110.75475432739553,25.778672100654788,1.1761039832274691,0.46738991979306066
110.51208432739553,25.778672100654788,1.1126831175107883,0.5249193769090407
110.43119432739552,25.69778210065479,1.1761039832274691,0.46738991979306066
110.18852432739551,25.69778210065479,1.1126831175107883,0.5249193769090407
110.10763432739553,25.616892100654795,1.1761039832274691,0.46738991979306066
109.86496432739553,25.616892100654795,1.1126831175107883,0.5129344389924688
109.78407432739552,25.536002100654784,1.1761039832274691,0.44576895115042164
109.46051432739553,25.536002100654784,1.1126831175107883,0.5249193769090407
109.37962432739552,25.455112100654787,1.1761039832274691,0.46738991979306066
109.13695432739551,25.455112100654787,1.1126831175107883,0.5129344389924688
109.05606432739553,25.37422210065479,1.1761039832274691,0.44576895115042164
108.73250432739552,25.37422210065479,1.1126831175107883,0.5249193769090407
108.65161432739554,25.293332100654794,1.1761039832274691,0.46738991979306066
108.40894432739553,25.293332100654794,1.1126831175107883,0.5249193769090407
108.32805432739552,25.212442100654783,1.1761039832274691,0.46738991979306066
108.00449432739553,25.212442100654783,1.1126831175107883,0.5249193769090407
107.92360432739552,25.131552100654787,1.1761039832274691,0.46738991979306066
107.68093432739552,25.131552100654787,1.1126831175107883,0.5249193769090407
107.60004432739554,25.05066210065479,1.1761039832274691,0.46738991979306066
107.35737432739553,25.05066210065479,1.1126831175107883,0.5129344389924688
107.27648432739552,24.969772100654794,1.1761039832274691,0.44576895115042164
106.95292432739554,24.969772100654794,1.1126831175107883,0.5249193769090407
106.87203432739553,24.888882100654783,1.1761039832274691,0.46738991979306066
106.62936432739552,24.888882100654783,1.1126831175107883,0.5249193769090407
106.54847432739552,24.807992100654786,1.1761039832274691,0.46738991979306066
106.22491432739552,24.807992100654786,1.1126831175107883,0.5249193769090407
106.14402432739553,24.72710210065479,1.1761039832274691,0.46738991979306066
105.90135432739552,24.72710210065479,1.1126831175107883,0.5249193769090407
105.82046432739553,24.646212100654793,1.1761039832274691,0.46738991979306066
105.57779432739552,24.646212100654793,1.1126831175107883,0.5129344389924688
105.49690432739553,24.565322100654782,1.1761039832274691,0.44576895115042164
105.17334432739553,24.565322100654782,1.1126831175107883,0.5249193769090407
105.09245432739553,24.484432100654786,1.1761039832274691,0.46738991979306066
104.84978432739553,24.484432100654786,1.1126831175107883,0.5249193769090407
104.76889432739553,24.40354210065479,1.1761039832274691,0.46738991979306066
104.44533432739553,24.40354210065479,1.1126831175107883,0.5249193769090407
104.36444432739553,24.322652100654793,1.1761039832274691,0.46738991979306066
104.12177432739553,24.322652100654793,1.1126831175107883,0.5249193769090407
104.04088432739553,24.241762100654782,1.1761039832274691,0.46738991979306066
103.79821432739553,24.241762100654782,1.1126831175107883,0.5129344389924688
103.71732432739553,24.160872100654785,1.1761039832274691,0.44576895115042164
103.39376432739553,24.160872100654785,1.1126831175107883,0.5249193769090407
103.31287432739552,24.07998210065479,1.1761039832274691,0.46738991979306066
103.07020432739553,24.07998210065479,1.1126831175107883,0.5249193769090407
102.98931432739552,23.999092100654792,1.1761039832274691,0.46738991979306066
102.66575432739553,23.999092100654792,1.1126831175107883,0.5249193769090407
102.58486432739552,23.91820210065478,1.1761039832274691,0.46738991979306066
102.34219432739553,23.91820210065478,1.1126831175107883,0.5249193769090407
102.26130432739552,23.837312100654785,1.1761039832274691,0.46738991979306066
101.93774432739552,23.837312100654785,1.1126831175107883,0.5249193769090407
101.85685432739552,23.756422100654788,1.1761039832274691,0.46738991979306066
101.61418432739552,23.756422100654788,1.1126831175107883,0.5249193769090407
101.53329432739552,23.67553210065479,1.1761039832274691,0.46738991979306066
101.20973432739552,23.67553210065479,1.1126831175107883,0.5249193769090407
101.12884432739553,23.59464210065478,1.1761039832274691,0.46738991979306066
100.88617432739552,23.59464210065478,1.1126831175107883,0.5249193769090407
100.80528432739553,23.513752100654784,1.1761039832274691,0.46738991979306066
100.56261432739552,23.513752100654784,1.1126831175107883,0.5249193769090407
100.48172432739553,23.432862100654788,1.1761039832274691,0.46738991979306066
100.23905432739552,23.432862100654788,1.1126831175107883,0.5249193769090407
100.15816432739553,23.35197210065479,1.1761039832274691,0.46738991979306066
99.91549432739552,23.35197210065479,1.1126831175107883,0.5249193769090407
99.83460432739552,23.271082100654795,1.1761039832274691,0.46738991979306066
99.59193432739552,23.271082100654795,1.1126831175107883,0.5249193769090407
99.51104432739552,23.190192100654784,1.1761039832274691,0.46738991979306066
99.26837432739552,23.190192100654784,1.1126831175107883,0.5129344389924688
99.18748432739552,23.109302100654787,1.1761039832274691,0.44576895115042164
97.97413432739553,23.109302100654787,1.1761039832274691,0.46738991979306066
97.89324432739552,23.190192100654784,1.1126831175107883,0.5249193769090407
97.65057432739553,23.190192100654784,1.1761039832274691,0.46738991979306066
97.56968432739552,23.271082100654795,1.1126831175107883,0.5249193769090407
97.40790432739553,23.271082100654795,1.1582652133614104,0.46738991979306066
97.32701432739553,23.35197210065479,1.1126831175107883,0.5089
97.24612432739552,23.35197210065479,1.147004309599664,0.46311473377205864
97.16523432739552,23.432862100654788,1.1126831175107883,0.49667410758728686
97.08434432739553,23.432862100654788,1.147004309599664,0.46311473377205864
97.00345432739553,23.513752100654784,1.114997096322109,0.49667410758728686
96.92256432739552,23.513752100654784,1.1582652133614104,0.46311473377205864
96.84167432739552,23.59464210065478,1.1402055046763293,0.49667410758728686
96.76078432739553,23.59464210065478,1.1915379023008432,0.4435722778923378
96.27544432739552,24.07998210065479,1.2046409759806491,0.423502154799832
96.27544432739552,24.160872100654785,1.1582652133614104,0.46311473377205864
96.11366432739553,24.322652100654793,1.2046409759806491,0.423502154799832
96.11366432739553,24.40354210065479,1.1582652133614104,0.46311473377205864
96.03277432739553,24.484432100654786,1.184943008232976,0.423502154799832
96.03277432739553,24.565322100654782,1.147004309599664,0.46311473377205864
95.95188432739553,24.646212100654793,1.184943008232976,0.423502154799832
95.95188432739553,24.72710210065479,1.147004309599664,0.46311473377205864
95.87099432739552,24.807992100654786,1.184943008232976,0.423502154799832
95.87099432739552,24.888882100654783,1.1402055046763293,0.46311473377205864
95.70921432739553,25.05066210065479,1.184943008232976,0.423502154799832
95.70921432739553,25.131552100654787,1.1402055046763293,0.46311473377205864
95.46654432739552,25.37422210065479,1.1915379023008432,0.423502154799832
95.46654432739552,25.455112100654787,1.1402055046763293,0.46311473377205864
94.90031432739552,26.021342100654792,1.1310901883878597,0.49667410758728686
94.81942432739552,26.021342100654792,1.1871445557846756,0.4435722778923378
94.57675432739552,26.26401210065478,1.114997096322109,0.49667410758728686
94.49586432739552,26.26401210065478,1.1582652133614104,0.44576895115042164
94.33408432739553,26.42579210065479,1.1126831175107883,0.49667410758728686
94.25319432739552,26.42579210065479,1.147004309599664,0.46311473377205864
94.17230432739552,26.506682100654785,1.1126831175107883,0.49667410758728686
94.09141432739553,26.506682100654785,1.147004309599664,0.46311473377205864
94.01052432739553,26.587572100654782,1.1126831175107883,0.49667410758728686
93.92963432739552,26.587572100654782,1.147004309599664,0.46738991979306066
93.84874432739552,26.668462100654793,1.1126831175107883,0.5249193769090407
93.60607432739553,26.668462100654793,1.1761039832274691,0.44576895115042164
93.52518432739552,26.74935210065479,1.1126831175107883,0.5129344389924688
93.20162432739552,26.74935210065479,1.1761039832274691,0.44576895115042164
93.12073432739552,26.830242100654786,1.1126831175107883,0.5129344389924688
91.58382432739552,26.830242100654786,1.1126831175107883,0.5249193769090407
91.50293432739552,26.74935210065479,1.1761039832274691,0.46738991979306066
91.17937432739552,26.74935210065479,1.1126831175107883,0.5129344389924688
91.09848432739552,26.668462100654793,1.1761039832274691,0.44576895115042164
90.85581432739552,26.668462100654793,1.1126831175107883,0.5249193769090407
90.77492432739552,26.587572100654782,1.147004309599664,0.46738991979306066
90.69403432739553,26.587572100654782,1.1126831175107883,0.49667410758728686
90.61314432739553,26.506682100654785,1.1582652133614104,0.46311473377205864
90.53225432739552,26.506682100654785,1.1333744519140838,0.49667410758728686
90.45136432739552,26.42579210065479,1.1582652133614104,0.46311473377205864
90.37047432739553,26.42579210065479,1.114997096322109,0.49667410758728686
90.28958432739553,26.344902100654792,1.147004309599664,0.46311473377205864
90.20869432739552,26.344902100654792,1.1126831175107883,0.49667410758728686
88.99534432739553,25.131552100654787,1.114997096322109,0.49667410758728686
88.99534432739553,25.05066210065479,1.1582652133614104,0.44576895115042164
88.83356432739552,24.888882100654783,1.114997096322109,0.49667410758728686
88.83356432739552,24.807992100654786,1.1582652133614104,0.44576895115042164
88.67178432739553,24.646212100654793,1.114997096322109,0.49667410758728686
88.67178432739553,24.565322100654782,1.1582652133614104,0.46311473377205864
88.59089432739553,24.484432100654786,1.1402055046763293,0.49667410758728686
88.59089432739553,24.40354210065479,1.184943008232976,0.44576895115042164
88.42911432739552,24.241762100654782,1.1402055046763293,0.49667410758728686
88.42911432739552,24.160872100654785,1.184943008232976,0.4435722778923378
88.18644432739552,23.91820210065478,1.114997096322109,0.49667410758728686
88.18644432739552,23.837312100654785,1.1582652133614104,0.44576895115042164
88.02466432739553,23.67553210065479,1.1310901883878597,0.49667410758728686
88.02466432739553,23.59464210065478,1.1871445557846756,0.4435722778923378
87.70110432739553,23.271082100654795,1.1310901883878597,0.49667410758728686
87.70110432739553,23.190192100654784,1.1871445557846756,0.4435722778923378
86.00241432739553,21.491502100654785,1.1871445557846756,0.4435722778923378
85.92152432739553,21.491502100654785,1.1299466882544957,0.49667410758728686
85.43618432739552,21.00616210065479,1.1871445557846756,0.4435722778923378
85.35529432739553,21.00616210065479,1.1310901883878597,0.49667410758728686
85.03173432739553,20.68260210065479,1.1871445557846756,0.4435722778923378
84.95084432739553,20.68260210065479,1.1310901883878597,0.49667410758728686
84.70817432739553,20.439932100654786,1.184943008232976,0.4435722778923378
84.62728432739553,20.439932100654786,1.1310901883878597,0.49667410758728686
84.46550432739552,20.278152100654793,1.1582652133614104,0.44576895115042164
84.38461432739552,20.278152100654793,1.114997096322109,0.49667410758728686
84.22283432739553,20.116372100654786,1.1582652133614104,0.44576895115042164
84.14194432739552,20.116372100654786,1.114997096322109,0.49667410758728686
83.98016432739553,19.954592100654793,1.1582652133614104,0.44576895115042164
83.89927432739553,19.954592100654793,1.114997096322109,0.49667410758728686
83.81838432739552,19.873702100654782,1.147004309599664,0.46311473377205864
83.73749432739552,19.873702100654782,1.1126831175107883,0.49667410758728686
83.65660432739553,19.792812100654785,1.147004309599664,0.46311473377205864
83.57571432739553,19.792812100654785,1.1126831175107883,0.49667410758728686
83.49482432739552,19.71192210065479,1.147004309599664,0.46311473377205864
83.41393432739552,19.71192210065479,1.1126831175107883,0.5089
83.33304432739553,19.631032100654792,1.147004309599664,0.46738991979306066
83.17126432739552,19.631032100654792,1.0822489259174701,0.5328135221044386
83.09037432739552,19.55014210065478,1.1333744519140838,0.49667410758728686
83.00948432739553,19.55014210065478,1.1126831175107883,0.5328135221044386
82.92859432739553,19.469252100654785,1.1582652133614104,0.49667410758728686
82.84770432739552,19.469252100654785,1.1333744519140838,0.5249193769090407
82.76681432739552,19.38836210065479,1.1871445557846756,0.46738991979306066
82.60503432739553,19.38836210065479,1.1333744519140838,0.5249193769090407
82.52414432739552,19.307472100654792,1.1915379023008432,0.46738991979306066
81.55346432739553,19.307472100654792,1.1761039832274691,0.46738991979306066
81.47257432739552,19.38836210065479,1.1126831175107883,0.5249193769090407
81.22990432739553,19.38836210065479,1.1871445557846756,0.46738991979306066
81.14901432739552,19.469252100654785,1.1333744519140838,0.5249193769090407
80.98723432739553,19.469252100654785,1.1871445557846756,0.46738991979306066
80.90634432739553,19.55014210065478,1.1333744519140838,0.5249193769090407
80.82545432739552,19.55014210065478,1.1582652133614104,0.49667410758728686
80.74456432739552,19.631032100654792,1.1126831175107883,0.5328135221044386
80.66367432739553,19.631032100654792,1.1333744519140838,0.49667410758728686
80.58278432739553,19.71192210065479,1.0822489259174701,0.5328135221044386
80.42100432739552,19.71192210065479,1.147004309599664,0.46738991979306066
80.34011432739553,19.792812100654785,1.1126831175107883,0.5249193769090407
80.25922432739553,19.792812100654785,1.1333744519140838,0.49667410758728686
80.17833432739552,19.873702100654782,1.0822489259174701,0.5328135221044386
80.01655432739553,19.873702100654782,1.147004309599664,0.46738991979306066
79.93566432739553,19.954592100654793,1.1126831175107883,0.5249193769090407
79.85477432739553,19.954592100654793,1.147004309599664,0.49667410758728686
79.77388432739552,20.03548210065479,1.1126831175107883,0.5328135221044386
79.69299432739552,20.03548210065479,1.1333744519140838,0.49667410758728686
79.61210432739553,20.116372100654786,1.0822489259174701,0.5328135221044386
79.45032432739552,20.116372100654786,1.147004309599664,0.46738991979306066
79.36943432739552,20.197262100654783,1.1126831175107883,0.5249193769090407
79.28854432739553,20.197262100654783,1.147004309599664,0.49667410758728686
79.20765432739553,20.278152100654793,1.1126831175107883,0.5328135221044386
79.12676432739552,20.278152100654793,1.147004309599664,0.49667410758728686
79.04587432739552,20.35904210065479,1.1126831175107883,0.5328135221044386
78.96498432739553,20.35904210065479,1.1333744519140838,0.49667410758728686
78.88409432739553,20.439932100654786,1.0822489259174701,0.5328135221044386
78.72231432739552,20.439932100654786,1.147004309599664,0.46738991979306066
78.64142432739553,20.520822100654783,1.1126831175107883,0.5249193769090407
78.56053432739553,20.520822100654783,1.147004309599664,0.49667410758728686
78.47964432739552,20.601712100654794,1.1126831175107883,0.5328135221044386
78.39875432739552,20.601712100654794,1.1333744519140838,0.49667410758728686
78.31786432739553,20.68260210065479,1.0822489259174701,0.5328135221044386
78.15608432739552,20.68260210065479,1.147004309599664,0.46311473377205864
78.07519432739552,20.763492100654787,1.1126831175107883,0.49667410758728686
77.99430432739553,20.763492100654787,1.147004309599664,0.46738991979306066
77.91341432739553,20.844382100654784,1.1126831175107883,0.5249193769090407
77.83252432739552,20.844382100654784,1.147004309599664,0.49667410758728686
77.75163432739552,20.925272100654794,1.1126831175107883,0.5328135221044386
77.67074432739552,20.925272100654794,1.1333744519140838,0.49667410758728686
77.58985432739553,21.00616210065479,1.0822489259174701,0.5328135221044386
77.42807432739552,21.00616210065479,1.147004309599664,0.46311473377205864
77.34718432739552,21.087052100654788,1.1126831175107883,0.49667410758728686
77.26629432739553,21.087052100654788,1.147004309599664,0.46738991979306066
77.18540432739553,21.167942100654784,1.1126831175107883,0.5249193769090407
77.10451432739552,21.167942100654784,1.147004309599664,0.49667410758728686
77.02362432739552,21.24883210065478,1.1126831175107883,0.5328135221044386
76.94273432739553,21.24883210065478,1.147004309599664,0.49667410758728686
76.86184432739553,21.32972210065479,1.1126831175107883,0.5328135221044386
76.78095432739552,21.32972210065479,1.1333744519140838,0.49667410758728686
76.70006432739552,21.410612100654788,1.0822489259174701,0.5328135221044386
76.53828432739553,21.410612100654788,1.147004309599664,0.46311473377205864
76.45739432739552,21.491502100654785,1.1126831175107883,0.49667410758728686
76.37650432739552,21.491502100654785,1.147004309599664,0.46738991979306066
76.29561432739553,21.57239210065478,1.1126831175107883,0.5249193769090407
76.21472432739553,21.57239210065478,1.147004309599664,0.49667410758728686
76.13383432739552,21.653282100654792,1.1126831175107883,0.5328135221044386
76.05294432739552,21.653282100654792,1.147004309599664,0.49667410758728686
75.97205432739553,21.73417210065479,1.1126831175107883,0.5328135221044386
75.89116432739553,21.73417210065479,1.147004309599664,0.49667410758728686
75.81027432739552,21.815062100654785,1.1126831175107883,0.5328135221044386
75.72938432739552,21.815062100654785,1.147004309599664,0.49667410758728686
75.64849432739553,21.89595210065478,1.1126831175107883,0.5328135221044386
75.56760432739553,21.89595210065478,1.1333744519140838,0.49667410758728686
75.48671432739552,21.976842100654792,1.0822489259174701,0.5328135221044386
75.32493432739552,21.976842100654792,1.147004309599664,0.46311473377205864
75.24404432739553,22.05773210065479,1.1126831175107883,0.49667410758728686
75.16315432739553,22.05773210065479,1.147004309599664,0.46311473377205864
75.08226432739552,22.138622100654786,1.1126831175107883,0.49667410758728686
75.00137432739552,22.138622100654786,1.147004309599664,0.46311473377205864
74.92048432739553,22.219512100654782,1.1126831175107883,0.49667410758728686
74.83959432739553,22.219512100654782,1.147004309599664,0.46738991979306066
74.75870432739552,22.300402100654793,1.1126831175107883,0.5249193769090407
74.67781432739552,22.300402100654793,1.147004309599664,0.49667410758728686
74.59692432739553,22.38129210065479,1.1126831175107883,0.5328135221044386
74.51603432739553,22.38129210065479,1.1333744519140838,0.49667410758728686
74.43514432739552,22.462182100654786,1.0822489259174701,0.5328135221044386
74.27336432739553,22.462182100654786,1.147004309599664,0.46738991979306066
74.19247432739553,22.543072100654783,1.1126831175107883,0.5249193769090407
74.03069432739552,22.543072100654783,1.1582652133614104,0.46738991979306066
73.94980432739553,22.623962100654794,1.1126831175107883,0.5249193769090407
73.70713432739552,22.623962100654794,1.1761039832274691,0.46738991979306066
73.62624432739553,22.70485210065479,1.1126831175107883,0.5249193769090407
73.38357432739552,22.70485210065479,1.1761039832274691,0.46738991979306066
73.30268432739553,22.785742100654787,1.1126831175107883,0.5249193769090407
72.89823432739553,22.785742100654787,1.1761039832274691,0.46738991979306066
72.81734432739553,22.866632100654783,1.1126831175107883,0.5249193769090407
71.11865432739552,22.866632100654783,1.1126831175107883,0.5129344389924688
71.03776432739552,22.785742100654787,1.1761039832274691,0.44576895115042164
70.63331432739552,22.785742100654787,1.1126831175107883,0.5129344389924688
70.55242432739553,22.70485210065479,1.1761039832274691,0.44576895115042164
70.22886432739553,22.70485210065479,1.1126831175107883,0.5249193769090407
70.14797432739553,22.623962100654794,1.1582652133614104,0.46738991979306066
69.98619432739552,22.623962100654794,1.1126831175107883,0.5249193769090407
69.90530432739553,22.543072100654783,1.1582652133614104,0.46738991979306066
69.74352432739552,22.543072100654783,1.1126831175107883,0.5249193769090407
69.66263432739552,22.462182100654786,1.1582652133614104,0.46738991979306066
69.50085432739553,22.462182100654786,1.1126831175107883,0.5249193769090407
69.41996432739552,22.38129210065479,1.147004309599664,0.46738991979306066
69.25818432739553,22.38129210065479,1.0822489259174701,0.5328135221044386
69.17729432739553,22.300402100654793,1.1333744519140838,0.49667410758728686
69.09640432739552,22.300402100654793,1.1126831175107883,0.5328135221044386
69.01551432739552,22.219512100654782,1.147004309599664,0.49667410758728686
68.93462432739553,22.219512100654782,1.1126831175107883,0.5249193769090407
68.85373432739553,22.138622100654786,1.147004309599664,0.46738991979306066
68.77284432739552,22.138622100654786,1.1126831175107883,0.49667410758728686
68.69195432739552,22.05773210065479,1.147004309599664,0.46311473377205864
68.61106432739552,22.05773210065479,1.1126831175107883,0.49667410758728686
68.53017432739553,21.976842100654792,1.147004309599664,0.46311473377205864
68.44928432739553,21.976842100654792,1.1126831175107883,0.49667410758728686
68.36839432739552,21.89595210065478,1.147004309599664,0.46311473377205864
68.28750432739552,21.89595210065478,1.1126831175107883,0.49667410758728686
68.12572432739553,21.73417210065479,1.184943008232976,0.44576895115042164
68.04483432739552,21.73417210065479,1.1402055046763293,0.49667410758728686
67.96394432739552,21.653282100654792,1.1582652133614104,0.46311473377205864
67.88305432739553,21.653282100654792,1.114997096322109,0.49667410758728686
67.80216432739553,21.57239210065478,1.147004309599664,0.46311473377205864
67.72127432739552,21.57239210065478,1.1126831175107883,0.49667410758728686
67.55949432739553,21.410612100654788,1.1582652133614104,0.44576895115042164
67.47860432739553,21.410612100654788,1.114997096322109,0.49667410758728686
67.31682432739552,21.24883210065478,1.1582652133614104,0.44576895115042164
67.23593432739553,21.24883210065478,1.114997096322109,0.49667410758728686
67.07415432739552,21.087052100654788,1.1582652133614104,0.44576895115042164
66.99326432739552,21.087052100654788,1.114997096322109,0.49667410758728686
66.75059432739552,20.844382100654784,1.184943008232976,0.4435722778923378
66.66970432739552,20.844382100654784,1.1299466882544957,0.49667410758728686
65.13279432739553,19.307472100654792,1.1310901883878597,0.49667410758728686
65.13279432739553,19.22658210065478,1.184943008232976,0.4435722778923378
64.89012432739553,18.98391210065479,1.1310901883878597,0.49667410758728686
64.89012432739553,18.903022100654795,1.184943008232976,0.44576895115042164
64.72834432739552,18.741242100654787,1.1402055046763293,0.49667410758728686
64.72834432739552,18.66035210065479,1.184943008232976,0.44576895115042164
64.56656432739553,18.498572100654783,1.114997096322109,0.49667410758728686
64.56656432739553,18.417682100654787,1.1582652133614104,0.46311473377205864
64.48567432739553,18.33679210065479,1.1402055046763293,0.49667410758728686
64.48567432739553,18.255902100654794,1.184943008232976,0.46311473377205864
64.32389432739552,18.094122100654786,1.1126831175107883,0.5328135221044386
64.32389432739552,18.01323210065479,1.147004309599664,0.49667410758728686
64.24300432739552,17.932342100654793,1.1126831175107883,0.5328135221044386
64.24300432739552,17.851452100654782,1.147004309599664,0.49667410758728686
64.16211432739553,17.770562100654786,1.1126831175107883,0.5328135221044386
64.16211432739553,17.608782100654793,1.1582652133614104,0.46738991979306066
64.08122432739552,17.527892100654782,1.1126831175107883,0.5249193769090407
64.08122432739552,17.36611210065479,1.184943008232976,0.46738991979306066
64.00033432739552,17.285222100654792,1.1333744519140838,0.5249193769090407
64.00033432739552,17.123442100654785,1.1761039832274691,0.46738991979306066
63.919444327395524,17.042552100654788,1.1126831175107883,0.5249193769090407
63.919444327395524,16.799882100654784,1.1761039832274691,0.46738991979306066
63.83855432739553,16.718992100654788,1.1126831175107883,0.5249193769090407
63.83855432739553,16.395432100654787,1.1761039832274691,0.44576895115042164
63.75766432739553,16.31454210065479,1.1126831175107883,0.5129344389924688
63.75766432739553,15.829202100654783,1.1761039832274691,0.44576895115042164
63.67677432739552,15.748312100654786,1.1126831175107883,0.5129344389924688
63.67677432739552,15.182082100654782,1.1761039832274691,0.46738991979306066
63.595884327395524,15.101192100654785,1.1126831175107883,0.5249193769090407
63.595884327395524,14.454072100654784,1.1761039832274691,0.46738991979306066
63.51499432739553,14.373182100654788,1.1126831175107883,0.5249193769090407
63.51499432739553,13.726062100654786,1.1761039832274691,0.44576895115042164
63.43410432739553,13.64517210065479,1.1126831175107883,0.5129344389924688
63.43410432739553,13.240722100654793,1.1761039832274691,0.44576895115042164
63.35321432739552,13.159832100654782,1.1126831175107883,0.5129344389924688
63.35321432739552,12.917162100654792,1.1761039832274691,0.46738991979306066
63.27232432739552,12.836272100654782,1.1126831175107883,0.5249193769090407
63.27232432739552,12.593602100654792,1.1761039832274691,0.46738991979306066
63.19143432739553,12.512712100654781,1.1126831175107883,0.5249193769090407
63.19143432739553,12.350932100654788,1.1582652133614104,0.46738991979306066
63.11054432739553,12.270042100654791,1.1126831175107883,0.5249193769090407
63.11054432739553,12.108262100654784,1.1582652133614104,0.46738991979306066
63.02965432739552,12.027372100654787,1.1126831175107883,0.5249193769090407
63.02965432739552,11.94648210065479,1.147004309599664,0.49667410758728686
62.94876432739552,11.865592100654794,1.1126831175107883,0.5328135221044386
62.94876432739552,11.784702100654783,1.1333744519140838,0.49667410758728686
62.867874327395526,11.703812100654787,1.0822489259174701,0.5328135221044386
62.867874327395526,11.542032100654794,1.147004309599664,0.46311473377205864
62.78698432739553,11.461142100654783,1.114997096322109,0.49667410758728686
62.78698432739553,11.380252100654786,1.1582652133614104,0.44576895115042164
62.62520432739552,11.218472100654793,1.114997096322109,0.49667410758728686
62.62520432739552,11.137582100654782,1.1582652133614104,0.44576895115042164
62.46342432739553,10.97580210065479,1.1310901883878597,0.49667410758728686
62.46342432739553,10.894912100654793,1.1871445557846756,0.4435722778923378
61.65452432739552,10.086012100654784,1.1871445557846756,0.4435722778923378
61.573634327395524,10.086012100654784,1.1310901883878597,0.49667410758728686
61.33096432739552,9.84334210065478,1.184943008232976,0.4435722778923378
61.250074327395524,9.84334210065478,1.1310901883878597,0.49667410758728686
61.08829432739553,9.681562100654787,1.1582652133614104,0.44576895115042164
61.00740432739552,9.681562100654787,1.114997096322109,0.49667410758728686
60.92651432739552,9.60067210065479,1.147004309599664,0.46311473377205864
60.84562432739553,9.60067210065479,1.1126831175107883,0.49667410758728686
60.76473432739553,9.519782100654794,1.147004309599664,0.46311473377205864
60.68384432739552,9.519782100654794,1.1126831175107883,0.5089
60.60295432739552,9.438892100654783,1.147004309599664,0.49667410758728686
60.522064327395526,9.438892100654783,1.1126831175107883,0.5249193769090407
60.44117432739553,9.358002100654787,1.147004309599664,0.46738991979306066
60.27939432739552,9.358002100654787,1.0822489259174701,0.5328135221044386
60.198504327395526,9.27711210065479,1.1333744519140838,0.49667410758728686
60.11761432739553,9.27711210065479,1.1126831175107883,0.5328135221044386
60.03672432739552,9.196222100654794,1.147004309599664,0.49667410758728686
59.95583432739552,9.196222100654794,1.1126831175107883,0.5249193769090407
59.874944327395525,9.115332100654783,1.1582652133614104,0.46738991979306066
59.71316432739552,9.115332100654783,1.1126831175107883,0.5249193769090407
59.63227432739552,9.034442100654786,1.1582652133614104,0.46738991979306066
59.47049432739553,9.034442100654786,1.1126831175107883,0.5328135221044386
59.38960432739552,8.95355210065479,1.147004309599664,0.49667410758728686
59.30871432739552,8.95355210065479,1.1126831175107883,0.5249193769090407
59.227824327395524,8.872662100654793,1.1582652133614104,0.46738991979306066
59.06604432739553,8.872662100654793,1.1126831175107883,0.5249193769090407
58.98515432739552,8.791772100654782,1.1582652133614104,0.46738991979306066
58.82337432739553,8.791772100654782,1.1126831175107883,0.5249193769090407
58.74248432739553,8.710882100654786,1.1582652133614104,0.46738991979306066
58.58070432739552,8.710882100654786,1.1126831175107883,0.5328135221044386
58.49981432739553,8.629992100654789,1.147004309599664,0.49667410758728686
58.41892432739553,8.629992100654789,1.1126831175107883,0.5249193769090407
58.33803432739552,8.549102100654792,1.147004309599664,0.46738991979306066
58.176254327395526,8.549102100654792,1.0822489259174701,0.5328135221044386
58.09536432739553,8.468212100654782,1.1333744519140838,0.49667410758728686
58.01447432739552,8.468212100654782,1.1126831175107883,0.5328135221044386
57.852694327395525,8.306432100654789,1.184943008232976,0.46311473377205864
57.77180432739553,8.306432100654789,1.1402055046763293,0.49667410758728686
57.69091432739552,8.225542100654792,1.1582652133614104,0.46311473377205864
57.61002432739552,8.225542100654792,1.114997096322109,0.49667410758728686
57.529134327395525,8.144652100654781,1.147004309599664,0.46311473377205864
57.44824432739553,8.144652100654781,1.1126831175107883,0.49667410758728686
57.28646432739552,7.982872100654788,1.1582652133614104,0.44576895115042164
57.205574327395524,7.982872100654788,1.114997096322109,0.49667410758728686
56.07311432739553,6.850412100654793,1.114997096322109,0.49667410758728686
56.07311432739553,6.7695221006547825,1.1582652133614104,0.44576895115042164
55.91133432739552,6.607742100654789,1.1126831175107883,0.49667410758728686
55.91133432739552,6.526852100654793,1.147004309599664,0.46311473377205864
55.830444327395526,6.445962100654782,1.114997096322109,0.49667410758728686
55.830444327395526,6.3650721006547855,1.1582652133614104,0.46311473377205864
55.74955432739553,6.284182100654789,1.1402055046763293,0.49667410758728686
55.74955432739553,6.203292100654792,1.184943008232976,0.46311473377205864
55.58777432739552,6.041512100654785,1.1126831175107883,0.5328135221044386
55.58777432739552,5.960622100654788,1.147004309599664,0.49667410758728686
55.506884327395525,5.879732100654792,1.1126831175107883,0.5328135221044386
55.506884327395525,5.798842100654781,1.147004309599664,0.49667410758728686
55.42599432739553,5.717952100654784,1.1126831175107883,0.5328135221044386
55.42599432739553,5.637062100654788,1.1333744519140838,0.49667410758728686
55.34510432739552,5.556172100654791,1.0822489259174701,0.5328135221044386
55.34510432739552,5.394392100654784,1.147004309599664,0.46738991979306066
55.26421432739552,5.313502100654787,1.1126831175107883,0.5249193769090407
55.26421432739552,5.232612100654791,1.147004309599664,0.49667410758728686
55.183324327395525,5.15172210065478,1.1126831175107883,0.5328135221044386
55.183324327395525,4.989942100654787,1.1582652133614104,0.46738991979306066
55.10243432739553,4.90905210065479,1.1126831175107883,0.5249193769090407
55.10243432739553,4.747272100654783,1.1582652133614104,0.46738991979306066
55.02154432739552,4.666382100654786,1.1126831175107883,0.5249193769090407
55.02154432739552,4.58549210065479,1.147004309599664,0.49667410758728686
54.94065432739552,4.504602100654793,1.1126831175107883,0.5328135221044386
54.94065432739552,4.342822100654786,1.1582652133614104,0.46738991979306066
54.859764327395524,4.261932100654789,1.1126831175107883,0.5249193769090407
54.859764327395524,4.100152100654782,1.1582652133614104,0.46738991979306066
54.77887432739553,4.019262100654785,1.1126831175107883,0.5249193769090407
54.77887432739553,3.9383721006547887,1.147004309599664,0.49667410758728686
54.69798432739552,3.857482100654792,1.1126831175107883,0.5328135221044386
54.69798432739552,3.6957021006547848,1.1582652133614104,0.46738991979306066
54.61709432739552,3.614812100654788,1.1126831175107883,0.5249193769090407
54.61709432739552,3.453032100654781,1.1582652133614104,0.46738991979306066
54.536204327395524,3.3721421006547843,1.1126831175107883,0.5249193769090407
54.536204327395524,3.2912521006547877,1.147004309599664,0.49667410758728686
54.45531432739553,3.210362100654791,1.1126831175107883,0.5328135221044386
54.45531432739553,3.0485821006547837,1.1582652133614104,0.46738991979306066
54.37442432739553,2.967692100654787,1.1126831175107883,0.5249193769090407
54.37442432739553,2.8868021006547906,1.147004309599664,0.49667410758728686
54.29353432739552,2.805912100654794,1.1126831175107883,0.5328135221044386
54.29353432739552,2.7250221006547832,1.147004309599664,0.49667410758728686
54.21264432739552,2.6441321006547867,1.1126831175107883,0.5328135221044386
54.21264432739552,2.56324210065479,1.1333744519140838,0.49667410758728686
54.13175432739553,2.4823521006547935,1.0822489259174701,0.5328135221044386
54.13175432739553,2.320572100654786,1.147004309599664,0.46311473377205864
54.05086432739553,2.2396821006547896,1.1126831175107883,0.49667410758728686
54.05086432739553,2.158792100654793,1.147004309599664,0.46311473377205864
53.96997432739552,2.077902100654782,1.1126831175107883,0.49667410758728686
53.96997432739552,1.9970121006547856,1.147004309599664,0.46311473377205864
53.88908432739552,1.916122100654789,1.114997096322109,0.49667410758728686
53.88908432739552,1.8352321006547925,1.1582652133614104,0.46311473377205864
53.808194327395526,1.7543421006547817,1.1402055046763293,0.49667410758728686
53.808194327395526,1.6734521006547851,1.184943008232976,0.44576895115042164
53.64641432739552,1.511672100654792,1.114997096322109,0.49667410758728686
53.64641432739552,1.4307821006547812,1.1582652133614104,0.44576895115042164
53.484634327395526,1.269002100654788,1.114997096322109,0.49667410758728686
53.484634327395526,1.1881121006547914,1.1582652133614104,0.44576895115042164
53.32285432739552,1.026332100654784,1.1310901883878597,0.49667410758728686
53.32285432739552,0.9454421006547875,1.184943008232976,0.4435722778923378
53.08018432739553,0.7027721006547836,1.1310901883878597,0.49667410758728686
53.08018432739553,0.621882100654787,1.1871445557846756,0.4435722778923378
52.75662432739553,0.2983221006547865,1.1871445557846756,0.4435722778923378
52.67573432739552,0.2983221006547865,1.1310901883878597,0.49667410758728686
52.35217432739553,-0.025237899345214032,1.1871445557846756,0.4435722778923378
52.27128432739552,-0.025237899345214032,1.1310901883878597,0.49667410758728686
52.10950432739553,-0.18701789934520718,1.1582652133614104,0.44576895115042164
52.02861432739553,-0.18701789934520718,1.114997096322109,0.49667410758728686
51.86683432739552,-0.34879789934521455,1.1582652133614104,0.44576895115042164
51.785944327395526,-0.34879789934521455,1.114997096322109,0.49667410758728686
51.62416432739552,-0.5105778993452077,1.1582652133614104,0.44576895115042164
51.54327432739552,-0.5105778993452077,1.114997096322109,0.49667410758728686
51.38149432739553,-0.6723578993452151,1.1582652133614104,0.44576895115042164
51.30060432739552,-0.6723578993452151,1.114997096322109,0.49667410758728686
51.138824327395525,-0.8341378993452082,1.1582652133614104,0.44576895115042164
51.05793432739553,-0.8341378993452082,1.114997096322109,0.49667410758728686
50.89615432739552,-0.9959178993452156,1.1582652133614104,0.44576895115042164
50.815264327395525,-0.9959178993452156,1.114997096322109,0.49667410758728686
50.65348432739552,-1.1576978993452087,1.184943008232976,0.44576895115042164
50.57259432739552,-1.1576978993452087,1.1402055046763293,0.49667410758728686
50.41081432739553,-1.319477899345216,1.184943008232976,0.44576895115042164
50.32992432739552,-1.319477899345216,1.1402055046763293,0.49667410758728686
50.24903432739552,-1.4003678993452127,1.1582652133614104,0.46311473377205864
50.168144327395524,-1.4003678993452127,1.114997096322109,0.49667410758728686
50.00636432739553,-1.56214789934522,1.1582652133614104,0.44576895115042164
49.92547432739552,-1.56214789934522,1.114997096322109,0.49667410758728686
49.76369432739553,-1.7239278993452132,1.184943008232976,0.44576895115042164
49.68280432739553,-1.7239278993452132,1.1402055046763293,0.49667410758728686
49.60191432739552,-1.8048178993452098,1.1582652133614104,0.46311473377205864
49.52102432739552,-1.8048178993452098,1.114997096322109,0.49667410758728686
49.35924432739553,-1.9665978993452171,1.1582652133614104,0.44576895115042164
49.27835432739552,-1.9665978993452171,1.114997096322109,0.49667410758728686
49.116574327395526,-2.1283778993452103,1.184943008232976,0.44576895115042164
49.03568432739553,-2.1283778993452103,1.1402055046763293,0.49667410758728686
48.95479432739552,-2.209267899345207,1.1582652133614104,0.46311473377205864
48.87390432739552,-2.209267899345207,1.114997096322109,0.49667410758728686
48.71212432739553,-2.371047899345214,1.1582652133614104,0.44576895115042164
48.63123432739552,-2.371047899345214,1.114997096322109,0.49667410758728686
48.55034432739552,-2.451937899345211,1.147004309599664,0.46311473377205864
48.469454327395525,-2.451937899345211,1.1126831175107883,0.49667410758728686
48.30767432739552,-2.613717899345218,1.1582652133614104,0.44576895115042164
48.22678432739552,-2.613717899345218,1.114997096322109,0.49667410758728686
48.06500432739553,-2.7754978993452113,1.184943008232976,0.44576895115042164
47.98411432739552,-2.7754978993452113,1.1402055046763293,0.49667410758728686
47.90322432739552,-2.856387899345208,1.1582652133614104,0.46311473377205864
47.822334327395524,-2.856387899345208,1.114997096322109,0.49667410758728686
47.66055432739553,-3.0181678993452152,1.1582652133614104,0.44576895115042164
47.57966432739552,-3.0181678993452152,1.114997096322109,0.49667410758728686
47.49877432739552,-3.099057899345212,1.147004309599664,0.46311473377205864
47.41788432739553,-3.099057899345212,1.1126831175107883,0.49667410758728686
47.25610432739552,-3.260837899345219,1.1582652133614104,0.44576895115042164
47.17521432739552,-3.260837899345219,1.114997096322109,0.49667410758728686
47.01343432739553,-3.4226178993452123,1.184943008232976,0.44576895115042164
46.93254432739552,-3.4226178993452123,1.1402055046763293,0.49667410758728686
46.85165432739552,-3.503507899345209,1.1582652133614104,0.46311473377205864
46.770764327395526,-3.503507899345209,1.114997096322109,0.49667410758728686
46.60898432739552,-3.6652878993452163,1.1582652133614104,0.44576895115042164
46.52809432739552,-3.6652878993452163,1.114997096322109,0.49667410758728686
46.36631432739553,-3.8270678993452094,1.184943008232976,0.44576895115042164
46.28542432739552,-3.8270678993452094,1.1402055046763293,0.49667410758728686
46.20453432739552,-3.90795789934522,1.1582652133614104,0.46311473377205864
46.123644327395525,-3.90795789934522,1.114997096322109,0.49667410758728686
45.96186432739552,-4.069737899345213,1.1582652133614104,0.44576895115042164
45.88097432739552,-4.069737899345213,1.114997096322109,0.49667410758728686
45.71919432739553,-4.2315178993452065,1.184943008232976,0.44576895115042164
45.63830432739552,-4.2315178993452065,1.1402055046763293,0.49667410758728686
45.55741432739552,-4.312407899345217,1.1582652133614104,0.46311473377205864
45.47652432739552,-4.312407899345217,1.114997096322109,0.49667410758728686
45.31474432739553,-4.47418789934521,1.1582652133614104,0.44576895115042164
45.23385432739552,-4.47418789934521,1.114997096322109,0.49667410758728686
45.072074327395526,-4.635967899345218,1.184943008232976,0.44576895115042164
44.99118432739553,-4.635967899345218,1.1402055046763293,0.49667410758728686
44.91029432739552,-4.716857899345214,1.1582652133614104,0.46311473377205864
44.82940432739552,-4.716857899345214,1.114997096322109,0.49667410758728686
44.66762432739553,-4.8786378993452075,1.1582652133614104,0.44576895115042164
44.58673432739552,-4.8786378993452075,1.114997096322109,0.49667410758728686
44.424954327395525,-5.040417899345215,1.184943008232976,0.44576895115042164
44.34406432739553,-5.040417899345215,1.1402055046763293,0.49667410758728686
44.26317432739552,-5.1213078993452115,1.1582652133614104,0.46311473377205864
44.18228432739552,-5.1213078993452115,1.114997096322109,0.49667410758728686
44.02050432739553,-5.283087899345219,1.1582652133614104,0.44576895115042164
43.93961432739552,-5.283087899345219,1.114997096322109,0.49667410758728686
43.777834327395524,-5.444867899345212,1.184943008232976,0.44576895115042164
43.69694432739553,-5.444867899345212,1.1402055046763293,0.49667410758728686
43.61605432739552,-5.525757899345209,1.1582652133614104,0.46311473377205864
43.53516432739552,-5.525757899345209,1.114997096322109,0.49667410758728686
43.37338432739553,-5.687537899345216,1.1582652133614104,0.44576895115042164
43.29249432739552,-5.687537899345216,1.114997096322109,0.49667410758728686
43.13071432739552,-5.849317899345209,1.1582652133614104,0.44576895115042164
43.04982432739553,-5.849317899345209,1.114997096322109,0.49667410758728686
42.88804432739552,-6.011097899345216,1.184943008232976,0.44576895115042164
42.80715432739552,-6.011097899345216,1.1402055046763293,0.49667410758728686
42.726264327395526,-6.091987899345213,1.1582652133614104,0.46311473377205864
42.64537432739552,-6.091987899345213,1.114997096322109,0.49667410758728686
42.48359432739552,-6.25376789934522,1.1582652133614104,0.44576895115042164
42.402704327395526,-6.25376789934522,1.114997096322109,0.49667410758728686
42.240924327395525,-6.4155478993452135,1.184943008232976,0.44576895115042164
42.16003432739552,-6.4155478993452135,1.1402055046763293,0.49667410758728686
42.079144327395525,-6.49643789934521,1.1582652133614104,0.46311473377205864
41.99825432739552,-6.49643789934521,1.114997096322109,0.49667410758728686
41.83647432739552,-6.6582178993452175,1.1582652133614104,0.44576895115042164
41.755584327395525,-6.6582178993452175,1.114997096322109,0.49667410758728686
41.593804327395524,-6.819997899345211,1.1582652133614104,0.44576895115042164
41.51291432739552,-6.819997899345211,1.114997096322109,0.49667410758728686
41.35113432739552,-6.981777899345211,1.1582652133614104,0.44576895115042164
41.270244327395524,-6.981777899345211,1.114997096322109,0.49667410758728686
41.108464327395524,-7.143557899345211,1.1582652133614104,0.44576895115042164
41.02757432739552,-7.143557899345211,1.114997096322109,0.49667410758728686
40.78490432739552,-7.386227899345215,1.184943008232976,0.4435722778923378
40.70401432739553,-7.386227899345215,1.1310901883878597,0.49667410758728686
40.542234327395526,-7.548007899345215,1.1582652133614104,0.44576895115042164
40.46134432739552,-7.548007899345215,1.114997096322109,0.49667410758728686
40.13778432739552,-7.871567899345216,1.1871445557846756,0.4435722778923378
40.056894327395526,-7.871567899345216,1.1310901883878597,0.49667410758728686
38.76265432739552,-9.16580789934521,1.114997096322109,0.49667410758728686
38.76265432739552,-9.246697899345214,1.1582652133614104,0.44576895115042164
38.60087432739552,-9.408477899345215,1.114997096322109,0.49667410758728686
38.60087432739552,-9.489367899345211,1.1582652133614104,0.44576895115042164
38.43909432739552,-9.651147899345212,1.114997096322109,0.49667410758728686
38.43909432739552,-9.732037899345215,1.1582652133614104,0.46311473377205864
38.358204327395526,-9.812927899345212,1.1402055046763293,0.49667410758728686
38.358204327395526,-9.893817899345215,1.184943008232976,0.44576895115042164
38.196424327395526,-10.055597899345216,1.1126831175107883,0.49667410758728686
38.196424327395526,-10.136487899345212,1.147004309599664,0.46311473377205864
38.11553432739552,-10.217377899345216,1.1126831175107883,0.49667410758728686
38.11553432739552,-10.298267899345213,1.147004309599664,0.46311473377205864
38.034644327395526,-10.379157899345216,1.1126831175107883,0.49667410758728686
38.034644327395526,-10.460047899345213,1.147004309599664,0.46311473377205864
37.95375432739552,-10.540937899345217,1.1126831175107883,0.49667410758728686
37.95375432739552,-10.621827899345213,1.147004309599664,0.46311473377205864
37.872864327395526,-10.702717899345217,1.1126831175107883,0.49667410758728686
37.872864327395526,-10.783607899345213,1.147004309599664,0.46738991979306066
37.79197432739552,-10.864497899345217,1.1126831175107883,0.5249193769090407
37.79197432739552,-10.945387899345214,1.147004309599664,0.49667410758728686
37.711084327395525,-11.02627789934521,1.1126831175107883,0.5328135221044386
37.711084327395525,-11.18805789934521,1.1582652133614104,0.46738991979306066
37.63019432739552,-11.268947899345214,1.1126831175107883,0.5249193769090407
37.63019432739552,-11.430727899345214,1.1582652133614104,0.46738991979306066
37.549304327395525,-11.511617899345211,1.1126831175107883,0.5249193769090407
37.549304327395525,-11.673397899345211,1.184943008232976,0.46738991979306066
37.46841432739552,-11.754287899345215,1.1333744519140838,0.5249193769090407
37.46841432739552,-11.916067899345215,1.1761039832274691,0.46738991979306066
37.387524327395525,-11.996957899345212,1.1126831175107883,0.5249193769090407
37.387524327395525,-12.239627899345216,1.1761039832274691,0.46738991979306066
37.30663432739552,-12.320517899345212,1.1126831175107883,0.5249193769090407
37.30663432739552,-12.563187899345216,1.1761039832274691,0.46738991979306066
37.225744327395525,-12.644077899345213,1.1126831175107883,0.5249193769090407
37.225744327395525,-13.048527899345217,1.1761039832274691,0.46738991979306066
37.14485432739552,-13.129417899345214,1.1126831175107883,0.5249193769090407
37.14485432739552,-15.313447899345213,1.1126831175107883,0.5129344389924688
37.225744327395525,-15.394337899345217,1.1761039832274691,0.44576895115042164
37.225744327395525,-15.71789789934521,1.1126831175107883,0.5129344389924688
37.30663432739552,-15.798787899345214,1.1761039832274691,0.44576895115042164
37.30663432739552,-16.122347899345215,1.1126831175107883,0.5249193769090407
37.387524327395525,-16.20323789934521,1.1582652133614104,0.46738991979306066
37.387524327395525,-16.36501789934521,1.1126831175107883,0.5249193769090407
37.46841432739552,-16.445907899345215,1.1582652133614104,0.46738991979306066
37.46841432739552,-16.607687899345215,1.1126831175107883,0.5249193769090407
37.549304327395525,-16.688577899345212,1.1582652133614104,0.46738991979306066
37.549304327395525,-16.850357899345212,1.1126831175107883,0.5249193769090407
37.63019432739552,-16.931247899345216,1.1582652133614104,0.46738991979306066
37.63019432739552,-17.093027899345216,1.1126831175107883,0.5249193769090407
37.711084327395525,-17.173917899345213,1.1582652133614104,0.46738991979306066
37.711084327395525,-17.335697899345213,1.1126831175107883,0.5328135221044386
37.79197432739552,-17.416587899345217,1.147004309599664,0.49667410758728686
37.79197432739552,-17.497477899345213,1.1126831175107883,0.5249193769090407
37.872864327395526,-17.578367899345217,1.1582652133614104,0.46738991979306066
37.872864327395526,-17.740147899345217,1.1126831175107883,0.5249193769090407
37.95375432739552,-17.821037899345214,1.1582652133614104,0.46738991979306066
37.95375432739552,-17.982817899345214,1.1126831175107883,0.5328135221044386
38.034644327395526,-18.06370789934521,1.1582652133614104,0.49667410758728686
38.034644327395526,-18.144597899345214,1.1333744519140838,0.5249193769090407
38.11553432739552,-18.22548789934521,1.184943008232976,0.46738991979306066
38.11553432739552,-18.38726789934521,1.1126831175107883,0.5249193769090407
38.196424327395526,-18.468157899345215,1.1582652133614104,0.46738991979306066
38.196424327395526,-18.629937899345215,1.1126831175107883,0.5249193769090407
38.27731432739552,-18.71082789934521,1.1582652133614104,0.46738991979306066
38.27731432739552,-18.872607899345212,1.1126831175107883,0.5249193769090407
38.358204327395526,-18.953497899345216,1.1582652133614104,0.46738991979306066
38.358204327395526,-19.115277899345216,1.1126831175107883,0.5328135221044386
38.43909432739552,-19.196167899345213,1.1582652133614104,0.49667410758728686
38.43909432739552,-19.277057899345216,1.1333744519140838,0.5249193769090407
38.51998432739553,-19.357947899345213,1.184943008232976,0.46738991979306066
38.51998432739553,-19.519727899345213,1.1126831175107883,0.5249193769090407
38.60087432739552,-19.600617899345217,1.1582652133614104,0.46738991979306066
38.60087432739552,-19.762397899345217,1.1126831175107883,0.5249193769090407
38.68176432739552,-19.843287899345214,1.1582652133614104,0.46738991979306066
38.68176432739552,-20.005067899345214,1.1126831175107883,0.5249193769090407
38.76265432739552,-20.085957899345217,1.1582652133614104,0.46738991979306066
38.76265432739552,-20.24773789934521,1.1126831175107883,0.5328135221044386
38.84354432739552,-20.328627899345214,1.1582652133614104,0.49667410758728686
38.84354432739552,-20.40951789934521,1.1333744519140838,0.5249193769090407
38.924434327395524,-20.490407899345215,1.184943008232976,0.46738991979306066
38.924434327395524,-20.652187899345215,1.1126831175107883,0.5249193769090407
39.00532432739552,-20.73307789934521,1.1582652133614104,0.46738991979306066
39.00532432739552,-20.89485789934521,1.1126831175107883,0.5249193769090407
39.086214327395524,-20.975747899345215,1.1582652133614104,0.46738991979306066
39.086214327395524,-21.137527899345216,1.1126831175107883,0.5249193769090407
39.16710432739552,-21.218417899345212,1.1582652133614104,0.46738991979306066
39.16710432739552,-21.380197899345212,1.1126831175107883,0.5328135221044386
39.247994327395524,-21.461087899345216,1.1582652133614104,0.49667410758728686
39.247994327395524,-21.541977899345213,1.1333744519140838,0.5249193769090407
39.32888432739552,-21.622867899345216,1.184943008232976,0.46738991979306066
39.32888432739552,-21.784647899345217,1.1126831175107883,0.5249193769090407
39.409774327395525,-21.865537899345213,1.1582652133614104,0.46738991979306066
39.409774327395525,-22.027317899345213,1.1126831175107883,0.5249193769090407
39.49066432739552,-22.108207899345217,1.1582652133614104,0.46738991979306066
39.49066432739552,-22.269987899345217,1.1126831175107883,0.5249193769090407
39.571554327395525,-22.350877899345214,1.1582652133614104,0.46738991979306066
39.571554327395525,-22.512657899345214,1.1126831175107883,0.5328135221044386
39.65244432739552,-22.59354789934521,1.1582652133614104,0.49667410758728686
39.65244432739552,-22.674437899345214,1.1333744519140838,0.5249193769090407
39.733334327395525,-22.75532789934521,1.184943008232976,0.46738991979306066
39.733334327395525,-22.91710789934521,1.1126831175107883,0.5249193769090407
39.81422432739552,-22.997997899345215,1.1582652133614104,0.46738991979306066
39.81422432739552,-23.159777899345215,1.1126831175107883,0.5249193769090407
39.895114327395525,-23.240667899345212,1.1582652133614104,0.46738991979306066
39.895114327395525,-23.402447899345212,1.1126831175107883,0.5249193769090407
39.97600432739552,-23.483337899345216,1.1582652133614104,0.46738991979306066
39.97600432739552,-23.645117899345216,1.1126831175107883,0.5328135221044386
40.056894327395526,-23.726007899345213,1.1582652133614104,0.49667410758728686
40.056894327395526,-23.806897899345216,1.1333744519140838,0.5249193769090407
40.13778432739552,-23.887787899345213,1.184943008232976,0.46738991979306066
40.13778432739552,-24.049567899345213,1.1126831175107883,0.5249193769090407
40.218674327395526,-24.130457899345217,1.1582652133614104,0.46738991979306066
40.218674327395526,-24.292237899345217,1.1126831175107883,0.5249193769090407
40.29956432739552,-24.373127899345214,1.1582652133614104,0.46738991979306066
40.29956432739552,-24.534907899345214,1.1126831175107883,0.5249193769090407
40.380454327395526,-24.615797899345218,1.1582652133614104,0.46738991979306066
40.380454327395526,-24.777577899345218,1.1126831175107883,0.5249193769090407
40.46134432739552,-24.858467899345214,1.1582652133614104,0.46738991979306066
40.46134432739552,-25.020247899345215,1.1126831175107883,0.5328135221044386
40.542234327395526,-25.10113789934521,1.1582652133614104,0.49667410758728686
40.542234327395526,-25.182027899345215,1.1333744519140838,0.5249193769090407
40.62312432739552,-25.26291789934521,1.1871445557846756,0.46738991979306066
40.62312432739552,-25.42469789934521,1.1333744519140838,0.5249193769090407
40.70401432739553,-25.505587899345215,1.1871445557846756,0.46738991979306066
40.70401432739553,-25.667367899345216,1.1333744519140838,0.5249193769090407
40.78490432739552,-25.748257899345212,1.1871445557846756,0.46738991979306066
40.78490432739552,-25.910037899345213,1.1333744519140838,0.5249193769090407
40.86579432739552,-25.990927899345216,1.1871445557846756,0.46738991979306066
40.86579432739552,-26.152707899345216,1.1333744519140838,0.5249193769090407
40.94668432739552,-26.233597899345213,1.1871445557846756,0.46738991979306066
40.94668432739552,-26.395377899345213,1.1333744519140838,0.5249193769090407
41.02757432739552,-26.476267899345217,1.1871445557846756,0.46738991979306066
41.02757432739552,-26.638047899345217,1.1333744519140838,0.5249193769090407
41.108464327395524,-26.718937899345214,1.1871445557846756,0.46738991979306066
41.108464327395524,-26.880717899345214,1.1333744519140838,0.5249193769090407
41.18935432739552,-26.961607899345218,1.1915379023008432,0.46738991979306066
41.18935432739552,-27.28516789934521,1.15602,0.5445163935057745
41.270244327395524,-27.366057899345215,1.23691,0.49667410758728686
41.270244327395524,-27.60872789934521,1.23691,0.57121196249822
41.35113432739552,-27.689617899345215,1.3178,0.5129344389924688
41.35113432739552,-28.498517899345217,1.4424239249964401,0.60437769349979
41.270244327395524,-28.579407899345213,1.4006148618073406,0.6467931757781106
41.270244327395524,-28.660297899345217,1.4367819546794007,0.6222879013626927
41.18935432739552,-28.741187899345213,1.406376419345978,0.677397588804065
41.18935432739552,-28.822077899345217,1.4499182560336927,0.6433313975480728
41.108464327395524,-28.902967899345214,1.4311215964801547,0.6723637480130571
41.108464327395524,-28.983857899345217,1.4814174604791543,0.6151658804828773
41.02757432739552,-29.064747899345214,1.4740561998144253,0.6151658804828773
40.94668432739552,-29.064747899345214,1.415936025905395,0.6723637480130571
40.78490432739552,-29.226527899345214,1.4311215964801547,0.6222879013626927
40.70401432739553,-29.226527899345214,1.3832118640563347,0.6467931757781106
40.62312432739552,-29.307417899345218,1.406376419345978,0.60437769349979
40.46134432739552,-29.307417899345218,1.3278798482996221,0.6467931757781106
40.380454327395526,-29.388307899345214,1.367590070281063,0.5934592526802775
39.49066432739552,-29.388307899345214,1.245401280088767,0.5129344389924688
39.409774327395525,-29.307417899345218,1.1761039832274691,0.57121196249822
39.16710432739552,-29.307417899345218,1.2347798395861214,0.49667410758728686
39.086214327395524,-29.226527899345214,1.1582652133614104,0.5445163935057745
38.84354432739552,-29.226527899345214,1.1915379023008432,0.46738991979306066
38.76265432739552,-29.145637899345218,1.1333744519140838,0.5249193769090407
38.68176432739552,-29.145637899345218,1.1582652133614104,0.49667410758728686
38.60087432739552,-29.064747899345214,1.1126831175107883,0.5328135221044386
38.51998432739553,-29.064747899345214,1.1333744519140838,0.49667410758728686
38.43909432739552,-28.983857899345217,1.0822489259174701,0.5328135221044386
38.27731432739552,-28.983857899345217,1.147004309599664,0.46311473377205864
38.196424327395526,-28.902967899345214,1.1126831175107883,0.49667410758728686
38.11553432739552,-28.902967899345214,1.147004309599664,0.46311473377205864
38.034644327395526,-28.822077899345217,1.1126831175107883,0.49667410758728686
37.95375432739552,-28.822077899345217,1.147004309599664,0.46738991979306066
37.872864327395526,-28.741187899345213,1.1126831175107883,0.5249193769090407
37.79197432739552,-28.741187899345213,1.147004309599664,0.49667410758728686
37.711084327395525,-28.660297899345217,1.1126831175107883,0.5328135221044386
37.63019432739552,-28.660297899345217,1.147004309599664,0.49667410758728686
37.549304327395525,-28.579407899345213,1.1126831175107883,0.5328135221044386
37.46841432739552,-28.579407899345213,1.147004309599664,0.49667410758728686
37.387524327395525,-28.498517899345217,1.1126831175107883,0.5328135221044386
37.30663432739552,-28.498517899345217,1.147004309599664,0.49667410758728686
37.225744327395525,-28.417627899345213,1.1126831175107883,0.5328135221044386
37.14485432739552,-28.417627899345213,1.147004309599664,0.49667410758728686
37.063964327395524,-28.336737899345216,1.1126831175107883,0.5328135221044386
36.98307432739552,-28.336737899345216,1.147004309599664,0.49667410758728686
36.902184327395524,-28.255847899345213,1.1126831175107883,0.5328135221044386
36.82129432739552,-28.255847899345213,1.147004309599664,0.49667410758728686
36.740404327395524,-28.174957899345216,1.1126831175107883,0.5328135221044386
36.65951432739552,-28.174957899345216,1.147004309599664,0.49667410758728686
36.578624327395524,-28.094067899345212,1.1126831175107883,0.5328135221044386
36.49773432739552,-28.094067899345212,1.147004309599664,0.49667410758728686
36.41684432739552,-28.013177899345216,1.1126831175107883,0.5328135221044386
36.33595432739552,-28.013177899345216,1.147004309599664,0.49667410758728686
36.25506432739552,-27.932287899345212,1.1126831175107883,0.5089
36.17417432739553,-27.932287899345212,1.147004309599664,0.46311473377205864
36.09328432739552,-27.851397899345216,1.1126831175107883,0.49667410758728686
36.012394327395526,-27.851397899345216,1.147004309599664,0.46311473377205864
35.93150432739552,-27.770507899345212,1.114997096322109,0.49667410758728686
35.850614327395526,-27.770507899345212,1.1582652133614104,0.44576895115042164
35.688834327395526,-27.60872789934521,1.114997096322109,0.49667410758728686
35.60794432739552,-27.60872789934521,1.1582652133614104,0.44576895115042164
35.44616432739552,-27.44694789934521,1.1310901883878597,0.49667410758728686
35.365274327395525,-27.44694789934521,1.184943008232976,0.4435722778923378
35.12260432739552,-27.204277899345215,1.1310901883878597,0.49667410758728686
35.041714327395525,-27.204277899345215,1.184943008232976,0.4435722778923378
34.79904432739552,-26.961607899345218,1.1310901883878597,0.49667410758728686
34.718154327395524,-26.961607899345218,1.184943008232976,0.4435722778923378
34.47548432739552,-26.718937899345214,1.1310901883878597,0.49667410758728686
34.394594327395524,-26.718937899345214,1.184943008232976,0.4435722778923378
34.15192432739552,-26.476267899345217,1.1310901883878597,0.49667410758728686
34.07103432739552,-26.476267899345217,1.184943008232976,0.4435722778923378
33.74747432739552,-26.152707899345216,1.1299466882544957,0.49667410758728686
33.666584327395526,-26.152707899345216,1.184943008232976,0.4435722778923378
33.42391432739552,-25.910037899345213,1.1310901883878597,0.49667410758728686
33.343024327395526,-25.910037899345213,1.184943008232976,0.4435722778923378
33.10035432739552,-25.667367899345216,1.1310901883878597,0.49667410758728686
33.019464327395525,-25.667367899345216,1.184943008232976,0.4435722778923378
32.77679432739552,-25.42469789934521,1.1310901883878597,0.49667410758728686
32.695904327395525,-25.42469789934521,1.1871445557846756,0.4435722778923378
32.372344327395524,-25.10113789934521,1.1310901883878597,0.49667410758728686
32.29145432739552,-25.10113789934521,1.184943008232976,0.4435722778923378
32.04878432739552,-24.858467899345214,1.1310901883878597,0.49667410758728686
31.96789432739552,-24.858467899345214,1.184943008232976,0.4435722778923378
31.725224327395523,-24.615797899345218,1.1310901883878597,0.49667410758728686
31.644334327395526,-24.615797899345218,1.184943008232976,0.4435722778923378
31.401664327395522,-24.373127899345214,1.1310901883878597,0.49667410758728686
31.320774327395526,-24.373127899345214,1.184943008232976,0.4435722778923378
30.997214327395525,-24.049567899345213,1.1299466882544957,0.49667410758728686
30.91632432739552,-24.049567899345213,1.184943008232976,0.4435722778923378
30.673654327395525,-23.806897899345216,1.1310901883878597,0.49667410758728686
30.59276432739552,-23.806897899345216,1.184943008232976,0.4435722778923378
30.350094327395524,-23.564227899345212,1.1310901883878597,0.49667410758728686
30.26920432739552,-23.564227899345212,1.184943008232976,0.4435722778923378
30.026534327395524,-23.321557899345216,1.1310901883878597,0.49667410758728686
29.94564432739552,-23.321557899345216,1.184943008232976,0.4435722778923378
29.62208432739552,-22.997997899345215,1.1299466882544957,0.49667410758728686
29.541194327395523,-22.997997899345215,1.184943008232976,0.4435722778923378
29.298524327395526,-22.75532789934521,1.1310901883878597,0.49667410758728686
29.217634327395523,-22.75532789934521,1.184943008232976,0.4435722778923378
28.974964327395526,-22.512657899345214,1.1310901883878597,0.49667410758728686
28.894074327395522,-22.512657899345214,1.184943008232976,0.4435722778923378
28.651404327395525,-22.269987899345217,1.1310901883878597,0.49667410758728686
28.57051432739552,-22.269987899345217,1.184943008232976,0.4435722778923378
28.327844327395525,-22.027317899345213,1.1310901883878597,0.49667410758728686
28.24695432739552,-22.027317899345213,1.1871445557846756,0.4435722778923378
27.92339432739552,-21.703757899345213,1.1310901883878597,0.49667410758728686
27.842504327395524,-21.703757899345213,1.184943008232976,0.4435722778923378
27.59983432739552,-21.461087899345216,1.1310901883878597,0.49667410758728686
27.518944327395523,-21.461087899345216,1.184943008232976,0.4435722778923378
27.27627432739552,-21.218417899345212,1.1310901883878597,0.49667410758728686
27.195384327395523,-21.218417899345212,1.184943008232976,0.4435722778923378
26.952714327395526,-20.975747899345215,1.1310901883878597,0.49667410758728686
26.871824327395522,-20.975747899345215,1.184943008232976,0.4435722778923378
26.548264327395522,-20.652187899345215,1.1299466882544957,0.49667410758728686
26.467374327395525,-20.652187899345215,1.184943008232976,0.4435722778923378
26.22470432739552,-20.40951789934521,1.1310901883878597,0.49667410758728686
26.143814327395525,-20.40951789934521,1.184943008232976,0.4435722778923378
25.90114432739552,-20.166847899345214,1.1310901883878597,0.49667410758728686
25.820254327395524,-20.166847899345214,1.184943008232976,0.4435722778923378
25.57758432739552,-19.924177899345217,1.1310901883878597,0.49667410758728686
25.496694327395524,-19.924177899345217,1.184943008232976,0.4435722778923378
25.173134327395523,-19.600617899345217,1.1299466882544957,0.49667410758728686
25.09224432739552,-19.600617899345217,1.184943008232976,0.4435722778923378
24.849574327395523,-19.357947899345213,1.1310901883878597,0.49667410758728686
24.76868432739552,-19.357947899345213,1.184943008232976,0.4435722778923378
24.526014327395522,-19.115277899345216,1.1310901883878597,0.49667410758728686
24.445124327395526,-19.115277899345216,1.184943008232976,0.4435722778923378
24.20245432739552,-18.872607899345212,1.1310901883878597,0.49667410758728686
24.121564327395525,-18.872607899345212,1.184943008232976,0.4435722778923378
23.87889432739552,-18.629937899345215,1.1310901883878597,0.49667410758728686
23.798004327395525,-18.629937899345215,1.184943008232976,0.4435722778923378
23.474444327395524,-18.306377899345215,1.1299466882544957,0.49667410758728686
23.39355432739552,-18.306377899345215,1.184943008232976,0.4435722778923378
23.150884327395524,-18.06370789934521,1.1310901883878597,0.49667410758728686
23.06999432739552,-18.06370789934521,1.184943008232976,0.4435722778923378
22.827324327395523,-17.821037899345214,1.1310901883878597,0.49667410758728686
22.74643432739552,-17.821037899345214,1.184943008232976,0.4435722778923378
22.503764327395523,-17.578367899345217,1.1310901883878597,0.49667410758728686
22.422874327395526,-17.578367899345217,1.184943008232976,0.4435722778923378
22.099314327395525,-17.254807899345217,1.1299466882544957,0.49667410758728686
22.018424327395522,-17.254807899345217,1.184943008232976,0.4435722778923378
21.775754327395525,-17.012137899345213,1.1310901883878597,0.49667410758728686
21.69486432739552,-17.012137899345213,1.184943008232976,0.4435722778923378
21.452194327395524,-16.769467899345216,1.1310901883878597,0.49667410758728686
21.37130432739552,-16.769467899345216,1.184943008232976,0.4435722778923378
21.128634327395524,-16.526797899345212,1.1310901883878597,0.49667410758728686
21.04774432739552,-16.526797899345212,1.184943008232976,0.4435722778923378
20.72418432739552,-16.20323789934521,1.1299466882544957,0.49667410758728686
20.643294327395523,-16.20323789934521,1.184943008232976,0.4435722778923378
20.40062432739552,-15.960567899345214,1.1310901883878597,0.49667410758728686
20.319734327395523,-15.960567899345214,1.184943008232976,0.4435722778923378
20.077064327395526,-15.71789789934521,1.1310901883878597,0.49667410758728686
19.996174327395522,-15.71789789934521,1.184943008232976,0.4435722778923378
19.753504327395525,-15.475227899345214,1.1310901883878597,0.49667410758728686
19.67261432739552,-15.475227899345214,1.184943008232976,0.4435722778923378
19.429944327395525,-15.232557899345217,1.1310901883878597,0.49667410758728686
19.34905432739552,-15.232557899345217,1.184943008232976,0.4435722778923378
19.02549432739552,-14.908997899345216,1.1299466882544957,0.49667410758728686
18.944604327395524,-14.908997899345216,1.184943008232976,0.4435722778923378
18.70193432739552,-14.666327899345212,1.1310901883878597,0.49667410758728686
18.621044327395524,-14.666327899345212,1.184943008232976,0.4435722778923378
18.37837432739552,-14.423657899345216,1.1310901883878597,0.49667410758728686
18.297484327395523,-14.423657899345216,1.184943008232976,0.4435722778923378
18.05481432739552,-14.180987899345212,1.1310901883878597,0.49667410758728686
17.973924327395522,-14.180987899345212,1.184943008232976,0.4435722778923378
17.650364327395522,-13.857427899345211,1.1299466882544957,0.49667410758728686
17.569474327395525,-13.857427899345211,1.184943008232976,0.4435722778923378
17.32680432739552,-13.614757899345214,1.1310901883878597,0.49667410758728686
17.245914327395525,-13.614757899345214,1.184943008232976,0.4435722778923378
17.00324432739552,-13.37208789934521,1.1310901883878597,0.49667410758728686
16.922354327395524,-13.37208789934521,1.184943008232976,0.4435722778923378
16.67968432739552,-13.129417899345214,1.1310901883878597,0.49667410758728686
16.598794327395524,-13.129417899345214,1.184943008232976,0.4435722778923378
16.35612432739552,-12.886747899345217,1.1310901883878597,0.49667410758728686
16.275234327395523,-12.886747899345217,1.1871445557846756,0.4435722778923378
15.951674327395523,-12.563187899345216,1.1310901883878597,0.49667410758728686
15.87078432739552,-12.563187899345216,1.184943008232976,0.4435722778923378
15.628114327395522,-12.320517899345212,1.1310901883878597,0.49667410758728686
15.547224327395526,-12.320517899345212,1.184943008232976,0.4435722778923378
15.304554327395522,-12.077847899345215,1.1310901883878597,0.49667410758728686
15.223664327395525,-12.077847899345215,1.184943008232976,0.4435722778923378
14.980994327395521,-11.835177899345211,1.1310901883878597,0.49667410758728686
14.900104327395525,-11.835177899345211,1.184943008232976,0.4435722778923378
14.576544327395524,-11.511617899345211,1.1299466882544957,0.49667410758728686
14.49565432739552,-11.511617899345211,1.184943008232976,0.4435722778923378
14.252984327395524,-11.268947899345214,1.1310901883878597,0.49667410758728686
14.17209432739552,-11.268947899345214,1.184943008232976,0.4435722778923378
13.929424327395523,-11.02627789934521,1.1310901883878597,0.49667410758728686
13.84853432739552,-11.02627789934521,1.184943008232976,0.4435722778923378
13.605864327395523,-10.783607899345213,1.1310901883878597,0.49667410758728686
13.524974327395519,-10.783607899345213,1.184943008232976,0.4435722778923378
13.201414327395526,-10.460047899345213,1.1299466882544957,0.49667410758728686
13.120524327395522,-10.460047899345213,1.184943008232976,0.4435722778923378
12.877854327395525,-10.217377899345216,1.1310901883878597,0.49667410758728686
12.796964327395521,-10.217377899345216,1.184943008232976,0.4435722778923378
12.554294327395525,-9.974707899345212,1.1310901883878597,0.49667410758728686
12.47340432739552,-9.974707899345212,1.184943008232976,0.4435722778923378
12.230734327395524,-9.732037899345215,1.1310901883878597,0.49667410758728686
12.14984432739552,-9.732037899345215,1.184943008232976,0.4435722778923378
11.907174327395524,-9.489367899345211,1.1310901883878597,0.49667410758728686
11.82628432739552,-9.489367899345211,1.1871445557846756,0.4435722778923378
11.50272432739552,-9.16580789934521,1.1310901883878597,0.49667410758728686
11.421834327395523,-9.16580789934521,1.184943008232976,0.4435722778923378
11.179164327395519,-8.923137899345214,1.1310901883878597,0.49667410758728686
11.098274327395522,-8.923137899345214,1.184943008232976,0.4435722778923378
10.855604327395525,-8.680467899345217,1.1310901883878597,0.49667410758728686
10.774714327395522,-8.680467899345217,1.184943008232976,0.4435722778923378
10.532044327395521,-8.437797899345213,1.1310901883878597,0.49667410758728686
10.451154327395521,-8.437797899345213,1.184943008232976,0.4435722778923378
10.12759432739552,-8.114237899345213,1.1299466882544957,0.49667410758728686
10.04670432739552,-8.114237899345213,1.184943008232976,0.4435722778923378
9.80403432739552,-7.871567899345216,1.1310901883878597,0.49667410758728686
9.723144327395524,-7.871567899345216,1.184943008232976,0.4435722778923378
9.480474327395523,-7.628897899345212,1.1310901883878597,0.49667410758728686
9.399584327395523,-7.628897899345212,1.184943008232976,0.4435722778923378
9.156914327395523,-7.386227899345215,1.1310901883878597,0.49667410758728686
9.076024327395523,-7.386227899345215,1.184943008232976,0.4435722778923378
8.752464327395522,-7.0626678993452146,1.1299466882544957,0.49667410758728686
8.671574327395522,-7.0626678993452146,1.184943008232976,0.4435722778923378
8.428904327395522,-6.819997899345211,1.1310901883878597,0.49667410758728686
8.348014327395521,-6.819997899345211,1.184943008232976,0.4435722778923378
8.105344327395521,-6.577327899345207,1.1310901883878597,0.49667410758728686
8.024454327395521,-6.577327899345207,1.184943008232976,0.4435722778923378
7.7817843273955205,-6.334657899345217,1.1310901883878597,0.49667410758728686
7.70089432739552,-6.334657899345217,1.184943008232976,0.4435722778923378
7.4582243273955235,-6.091987899345213,1.1310901883878597,0.49667410758728686
7.377334327395523,-6.091987899345213,1.1871445557846756,0.4435722778923378
7.053774327395523,-5.7684278993452125,1.1310901883878597,0.49667410758728686
6.972884327395523,-5.7684278993452125,1.184943008232976,0.4435722778923378
6.730214327395522,-5.525757899345209,1.1310901883878597,0.49667410758728686
6.649324327395522,-5.525757899345209,1.184943008232976,0.4435722778923378
6.406654327395522,-5.283087899345219,1.1310901883878597,0.49667410758728686
6.325764327395522,-5.283087899345219,1.184943008232976,0.4435722778923378
6.083094327395521,-5.040417899345215,1.1310901883878597,0.49667410758728686
6.002204327395521,-5.040417899345215,1.184943008232976,0.4435722778923378
5.678644327395521,-4.716857899345214,1.1299466882544957,0.49667410758728686
5.597754327395521,-4.716857899345214,1.184943008232976,0.4435722778923378
5.35508432739552,-4.47418789934521,1.1310901883878597,0.49667410758728686
5.27419432739552,-4.47418789934521,1.184943008232976,0.4435722778923378
5.031524327395523,-4.2315178993452065,1.1310901883878597,0.49667410758728686
4.950634327395523,-4.2315178993452065,1.184943008232976,0.4435722778923378
4.707964327395523,-3.9888478993452168,1.1310901883878597,0.49667410758728686
4.627074327395523,-3.9888478993452168,1.184943008232976,0.4435722778923378
4.303514327395522,-3.6652878993452163,1.1299466882544957,0.49667410758728686
4.222624327395522,-3.6652878993452163,1.184943008232976,0.4435722778923378
3.9799543273955216,-3.4226178993452123,1.1310901883878597,0.49667410758728686
3.8990643273955214,-3.4226178993452123,1.184943008232976,0.4435722778923378
3.656394327395521,-3.1799478993452084,1.1310901883878597,0.49667410758728686
3.575504327395521,-3.1799478993452084,1.184943008232976,0.4435722778923378
3.3328343273955205,-2.9372778993452187,1.1310901883878597,0.49667410758728686
3.2519443273955204,-2.9372778993452187,1.184943008232976,0.4435722778923378
3.00927432739552,-2.6946078993452147,1.1310901883878597,0.49667410758728686
2.92838432739552,-2.6946078993452147,1.184943008232976,0.4435722778923378
2.604824327395523,-2.371047899345214,1.1299466882544957,0.49667410758728686
2.523934327395523,-2.371047899345214,1.184943008232976,0.4435722778923378
2.2812643273955224,-2.1283778993452103,1.1310901883878597,0.49667410758728686
2.2003743273955223,-2.1283778993452103,1.184943008232976,0.4435722778923378
1.957704327395522,-1.8857078993452063,1.1310901883878597,0.49667410758728686
1.8768143273955218,-1.8857078993452063,1.184943008232976,0.4435722778923378
1.6341443273955214,-1.6430378993452166,1.1310901883878597,0.49667410758728686
1.5532543273955213,-1.6430378993452166,1.184943008232976,0.4435722778923378
1.2296943273955208,-1.319477899345216,1.1299466882544957,0.49667410758728686
1.1488043273955206,-1.319477899345216,1.184943008232976,0.4435722778923378
0.9061343273955202,-1.0768078993452121,1.1310901883878597,0.49667410758728686
0.8252443273955201,-1.0768078993452121,1.184943008232976,0.4435722778923378
0.5825743273955233,-0.8341378993452082,1.1310901883878597,0.49667410758728686
0.5016843273955232,-0.8341378993452082,1.184943008232976,0.4435722778923378
0.25901432739552277,-0.5914678993452185,1.1310901883878597,0.49667410758728686
0.17812432739552264,-0.5914678993452185,1.184943008232976,0.4435722778923378
-0.14543567260447787,-0.26790789934521797,1.1299466882544957,0.49667410758728686
-0.226325672604478,-0.26790789934521797,1.184943008232976,0.44576895115042164
-0.38810567260447826,-0.10612789934521061,1.1402055046763293,0.49667410758728686
-0.4689956726044784,-0.10612789934521061,1.1915379023008432,0.4435722778923378
-0.7925556726044789,0.2174321006547899,1.1310901883878597,0.49667410758728686
-0.873445672604479,0.2174321006547899,1.184943008232976,0.4435722778923378
-1.1161156726044794,0.46010210065479384,1.1310901883878597,0.49667410758728686
-1.1970056726044795,0.46010210065479384,1.184943008232976,0.4435722778923378
-1.52056567260448,0.7836621006547801,1.1299466882544957,0.49667410758728686
-1.6014556726044802,0.7836621006547801,1.184943008232976,0.4435722778923378
-1.844125672604477,1.026332100654784,1.1310901883878597,0.49667410758728686
-1.9250156726044771,1.026332100654784,1.184943008232976,0.4435722778923378
-2.1676856726044775,1.269002100654788,1.1310901883878597,0.49667410758728686
-2.2485756726044777,1.269002100654788,1.184943008232976,0.4435722778923378
-2.491245672604478,1.511672100654792,1.1310901883878597,0.49667410758728686
-2.572135672604478,1.511672100654792,1.184943008232976,0.4435722778923378
-2.8956956726044787,1.8352321006547925,1.1299466882544957,0.49667410758728686
-2.976585672604479,1.8352321006547925,1.184943008232976,0.4435722778923378
-3.219255672604479,2.077902100654782,1.1310901883878597,0.49667410758728686
-3.3001456726044793,2.077902100654782,1.184943008232976,0.4435722778923378
-3.5428156726044797,2.320572100654786,1.1310901883878597,0.49667410758728686
-3.62370567260448,2.320572100654786,1.184943008232976,0.4435722778923378
-3.8663756726044802,2.56324210065479,1.1310901883878597,0.49667410758728686
-3.9472656726044804,2.56324210065479,1.184943008232976,0.4435722778923378
-4.270825672604477,2.8868021006547906,1.1299466882544957,0.49667410758728686
-4.3517156726044774,2.8868021006547906,1.184943008232976,0.4435722778923378
-4.594385672604478,3.1294721006547803,1.1310901883878597,0.49667410758728686
-4.675275672604478,3.1294721006547803,1.184943008232976,0.4435722778923378
-4.917945672604478,3.3721421006547843,1.1310901883878597,0.49667410758728686
-4.9988356726044785,3.3721421006547843,1.184943008232976,0.4435722778923378
-5.241505672604479,3.614812100654788,1.1310901883878597,0.49667410758728686
-5.322395672604479,3.614812100654788,1.184943008232976,0.4435722778923378
-5.6459556726044795,3.9383721006547887,1.1299466882544957,0.49667410758728686
-5.72684567260448,3.9383721006547887,1.184943008232976,0.4435722778923378
-5.969515672604478,4.181042100654793,1.1310901883878597,0.49667410758728686
-6.050405672604478,4.181042100654793,1.184943008232976,0.4435722778923378
-6.293075672604479,4.423712100654782,1.1310901883878597,0.49667410758728686
-6.373965672604479,4.423712100654782,1.184943008232976,0.4435722778923378
-6.616635672604479,4.666382100654786,1.1310901883878597,0.49667410758728686
-6.697525672604479,4.666382100654786,1.184943008232976,0.4435722778923378
-7.021085672604478,4.989942100654787,1.1299466882544957,0.49667410758728686
-7.101975672604478,4.989942100654787,1.184943008232976,0.4435722778923378
-7.344645672604479,5.232612100654791,1.1310901883878597,0.49667410758728686
-7.425535672604479,5.232612100654791,1.184943008232976,0.4435722778923378
-7.668205672604479,5.4752821006547805,1.1310901883878597,0.49667410758728686
-7.749095672604479,5.4752821006547805,1.184943008232976,0.4435722778923378
-7.99176567260448,5.717952100654784,1.1310901883878597,0.49667410758728686
-8.072655672604478,5.717952100654784,1.1871445557846756,0.4435722778923378
-8.719775672604479,6.3650721006547855,1.3278798482996221,0.5007701454225176
-8.719775672604479,6.445962100654782,1.2933482151745737,0.5579680129526975
-8.80066567260448,6.526852100654793,1.3378976649961987,0.5579680129526975
-8.80066567260448,6.607742100654789,1.3117218319859045,0.60437769349979
-8.88155567260448,6.688632100654786,1.367590070281063,0.57121196249822
-8.88155567260448,6.850412100654793,1.3358990093829144,0.6433313975480728
-8.96244567260448,6.93130210065479,1.406376419345978,0.58979
-8.96244567260448,7.335752100654787,1.39869,0.57121196249822
-8.88155567260448,7.416642100654784,1.3198209876711688,0.60437769349979
-8.88155567260448,7.578422100654791,1.3358990093829144,0.5445163935057745
-8.80066567260448,7.6593121006547875,1.2705997012924715,0.60437769349979
-8.80066567260448,7.821092100654781,1.3117218319859045,0.5089
-8.719775672604479,7.9019821006547915,1.2622453883113243,0.5328135221044386
-8.719775672604479,7.982872100654788,1.2892363419579858,0.49667410758728686
-8.638885672604479,8.063762100654785,1.2347798395861214,0.5089
-8.638885672604479,8.144652100654781,1.2622453883113243,0.46311473377205864
-8.477105672604479,8.306432100654789,1.184943008232976,0.5007701454225176
-8.477105672604479,8.387322100654785,1.2262294675441172,0.4435722778923378
-7.829985672604479,9.034442100654786,1.1915379023008432,0.423502154799832
-7.749095672604479,9.034442100654786,1.1402055046763293,0.46311473377205864
-7.587315672604479,9.196222100654794,1.184943008232976,0.423502154799832
-7.506425672604479,9.196222100654794,1.147004309599664,0.46311473377205864
-7.425535672604479,9.27711210065479,1.184943008232976,0.44576895115042164
-7.344645672604479,9.27711210065479,1.147004309599664,0.49667410758728686
-7.2637556726044785,9.358002100654787,1.184943008232976,0.46311473377205864
-7.182865672604478,9.358002100654787,1.147004309599664,0.49667410758728686
-7.101975672604478,9.438892100654783,1.184943008232976,0.46311473377205864
-7.021085672604478,9.438892100654783,1.147004309599664,0.49667410758728686
-6.940195672604478,9.519782100654794,1.184943008232976,0.46311473377205864
-6.85930567260448,9.519782100654794,1.147004309599664,0.49667410758728686
-6.7784156726044795,9.60067210065479,1.184943008232976,0.44576895115042164
-6.697525672604479,9.60067210065479,1.147004309599664,0.46738991979306066
-6.616635672604479,9.681562100654787,1.1871445557846756,0.423502154799832
-6.454855672604479,9.681562100654787,1.1333744519140838,0.49667410758728686
-6.373965672604479,9.762452100654784,1.184943008232976,0.46311473377205864
-6.293075672604479,9.762452100654784,1.147004309599664,0.49667410758728686
-6.212185672604479,9.84334210065478,1.184943008232976,0.46311473377205864
-6.1312956726044785,9.84334210065478,1.147004309599664,0.49667410758728686
-6.050405672604478,9.924232100654791,1.184943008232976,0.44576895115042164
-5.969515672604478,9.924232100654791,1.147004309599664,0.46738991979306066
-5.888625672604478,10.005122100654788,1.1871445557846756,0.423502154799832
-5.72684567260448,10.005122100654788,1.1333744519140838,0.49667410758728686
-5.6459556726044795,10.086012100654784,1.184943008232976,0.46311473377205864
-5.565065672604479,10.086012100654784,1.147004309599664,0.49667410758728686
-5.484175672604479,10.16690210065478,1.184943008232976,0.44576895115042164
-5.403285672604479,10.16690210065478,1.147004309599664,0.46738991979306066
-5.322395672604479,10.247792100654792,1.184943008232976,0.423502154799832
-5.241505672604479,10.247792100654792,1.147004309599664,0.46311473377205864
-5.160615672604479,10.328682100654788,1.1871445557846756,0.423502154799832
-4.9988356726044785,10.328682100654788,1.1333744519140838,0.49667410758728686
-4.917945672604478,10.409572100654785,1.184943008232976,0.46311473377205864
-4.837055672604478,10.409572100654785,1.147004309599664,0.49667410758728686
-4.756165672604478,10.490462100654781,1.184943008232976,0.44576895115042164
-4.675275672604478,10.490462100654781,1.147004309599664,0.46738991979306066
-4.594385672604478,10.571352100654792,1.1871445557846756,0.423502154799832
-4.432605672604478,10.571352100654792,1.1333744519140838,0.49667410758728686
-4.3517156726044774,10.652242100654789,1.184943008232976,0.46311473377205864
-4.270825672604477,10.652242100654789,1.147004309599664,0.49667410758728686
-4.189935672604477,10.733132100654785,1.184943008232976,0.46311473377205864
-4.109045672604477,10.733132100654785,1.147004309599664,0.49667410758728686
-4.028155672604477,10.814022100654782,1.184943008232976,0.46311473377205864
-3.9472656726044804,10.814022100654782,1.147004309599664,0.49667410758728686
-3.8663756726044802,10.894912100654793,1.184943008232976,0.44576895115042164
-3.78548567260448,10.894912100654793,1.147004309599664,0.46738991979306066
-3.70459567260448,10.97580210065479,1.1871445557846756,0.423502154799832
-3.5428156726044797,10.97580210065479,1.1333744519140838,0.49667410758728686
-3.4619256726044796,11.056692100654786,1.184943008232976,0.46311473377205864
-3.3810356726044795,11.056692100654786,1.147004309599664,0.49667410758728686
-3.3001456726044793,11.137582100654782,1.184943008232976,0.46311473377205864
-3.219255672604479,11.137582100654782,1.147004309599664,0.49667410758728686
-3.138365672604479,11.218472100654793,1.184943008232976,0.44576895115042164
-3.057475672604479,11.218472100654793,1.147004309599664,0.46738991979306066
-2.976585672604479,11.29936210065479,1.184943008232976,0.423502154799832
-2.8956956726044787,11.29936210065479,1.147004309599664,0.46311473377205864
-2.8148056726044786,11.380252100654786,1.1871445557846756,0.423502154799832
-2.6530256726044783,11.380252100654786,1.1333744519140838,0.49667410758728686
-2.572135672604478,11.461142100654783,1.184943008232976,0.46311473377205864
-2.491245672604478,11.461142100654783,1.147004309599664,0.49667410758728686
-2.410355672604478,11.542032100654794,1.184943008232976,0.46311473377205864
-2.329465672604478,11.542032100654794,1.147004309599664,0.49667410758728686
-2.2485756726044777,11.62292210065479,1.184943008232976,0.44576895115042164
-2.1676856726044775,11.62292210065479,1.147004309599664,0.46738991979306066
-2.0867956726044774,11.703812100654787,1.184943008232976,0.423502154799832
-2.0059056726044773,11.703812100654787,1.147004309599664,0.46311473377205864
-1.9250156726044771,11.784702100654783,1.1871445557846756,0.423502154799832
-1.763235672604477,11.784702100654783,1.1333744519140838,0.49667410758728686
-1.6823456726044803,11.865592100654794,1.184943008232976,0.46311473377205864
-1.6014556726044802,11.865592100654794,1.147004309599664,0.49667410758728686
-1.52056567260448,11.94648210065479,1.184943008232976,0.46311473377205864
-1.43967567260448,11.94648210065479,1.147004309599664,0.49667410758728686
-1.3587856726044798,12.027372100654787,1.184943008232976,0.44576895115042164
-1.2778956726044797,12.027372100654787,1.147004309599664,0.46738991979306066
-1.1970056726044795,12.108262100654784,1.1871445557846756,0.423502154799832
-1.0352256726044793,12.108262100654784,1.1333744519140838,0.49667410758728686
-0.9543356726044792,12.18915210065478,1.184943008232976,0.46311473377205864
-0.873445672604479,12.18915210065478,1.147004309599664,0.49667410758728686
-0.7925556726044789,12.270042100654791,1.184943008232976,0.46311473377205864
-0.7116656726044788,12.270042100654791,1.147004309599664,0.49667410758728686
-0.6307756726044786,12.350932100654788,1.184943008232976,0.44576895115042164
-0.5498856726044785,12.350932100654788,1.147004309599664,0.46738991979306066
-0.4689956726044784,12.431822100654784,1.184943008232976,0.423502154799832
-0.38810567260447826,12.431822100654784,1.147004309599664,0.46311473377205864
-0.30721567260447813,12.512712100654781,1.1871445557846756,0.423502154799832
-0.14543567260447787,12.512712100654781,1.1333744519140838,0.49667410758728686
-0.06454567260447774,12.593602100654792,1.184943008232976,0.46311473377205864
0.016344327395522384,12.593602100654792,1.147004309599664,0.49667410758728686
0.09723432739552251,12.674492100654788,1.184943008232976,0.46311473377205864
0.17812432739552264,12.674492100654788,1.147004309599664,0.49667410758728686
0.25901432739552277,12.755382100654785,1.184943008232976,0.44576895115042164
0.3399043273955229,12.755382100654785,1.147004309599664,0.46738991979306066
0.420794327395523,12.836272100654782,1.184943008232976,0.423502154799832
0.5016843273955232,12.836272100654782,1.147004309599664,0.46311473377205864
0.5825743273955233,12.917162100654792,1.1871445557846756,0.423502154799832
0.74435432739552,12.917162100654792,1.1333744519140838,0.49667410758728686
0.8252443273955201,12.998052100654789,1.184943008232976,0.46311473377205864
0.9061343273955202,12.998052100654789,1.147004309599664,0.49667410758728686
0.9870243273955204,13.078942100654785,1.184943008232976,0.46311473377205864
1.0679143273955205,13.078942100654785,1.147004309599664,0.49667410758728686
1.1488043273955206,13.159832100654782,1.184943008232976,0.44576895115042164
1.2296943273955208,13.159832100654782,1.147004309599664,0.46738991979306066
1.3105843273955209,13.240722100654793,1.184943008232976,0.423502154799832
1.391474327395521,13.240722100654793,1.147004309599664,0.46311473377205864
1.4723643273955211,13.32161210065479,1.1871445557846756,0.423502154799832
1.6341443273955214,13.32161210065479,1.1333744519140838,0.49667410758728686
1.7150343273955215,13.402502100654786,1.184943008232976,0.46311473377205864
1.7959243273955217,13.402502100654786,1.147004309599664,0.49667410758728686
1.8768143273955218,13.483392100654783,1.184943008232976,0.46311473377205864
1.957704327395522,13.483392100654783,1.147004309599664,0.49667410758728686
2.038594327395522,13.564282100654793,1.184943008232976,0.44576895115042164
2.119484327395522,13.564282100654793,1.147004309599664,0.46738991979306066
2.2003743273955223,13.64517210065479,1.1871445557846756,0.423502154799832
2.3621543273955226,13.64517210065479,1.1333744519140838,0.49667410758728686
2.4430443273955227,13.726062100654786,1.184943008232976,0.46311473377205864
2.523934327395523,13.726062100654786,1.147004309599664,0.49667410758728686
2.604824327395523,13.806952100654783,1.184943008232976,0.46311473377205864
2.685714327395523,13.806952100654783,1.147004309599664,0.49667410758728686
2.766604327395523,13.887842100654794,1.184943008232976,0.44576895115042164
2.8474943273955233,13.887842100654794,1.147004309599664,0.46738991979306066
2.92838432739552,13.96873210065479,1.184943008232976,0.423502154799832
3.00927432739552,13.96873210065479,1.147004309599664,0.46311473377205864
3.09016432739552,14.049622100654787,1.1871445557846756,0.423502154799832
3.2519443273955204,14.049622100654787,1.1333744519140838,0.49667410758728686
3.3328343273955205,14.130512100654784,1.184943008232976,0.46311473377205864
3.4137243273955207,14.130512100654784,1.147004309599664,0.49667410758728686
3.494614327395521,14.211402100654794,1.184943008232976,0.46311473377205864
3.575504327395521,14.211402100654794,1.147004309599664,0.49667410758728686
3.656394327395521,14.292292100654791,1.184943008232976,0.44576895115042164
3.737284327395521,14.292292100654791,1.147004309599664,0.46738991979306066
3.8181743273955213,14.373182100654788,1.184943008232976,0.423502154799832
3.8990643273955214,14.373182100654788,1.147004309599664,0.46311473377205864
3.9799543273955216,14.454072100654784,1.1871445557846756,0.423502154799832
4.141734327395522,14.454072100654784,1.1333744519140838,0.49667410758728686
4.222624327395522,14.53496210065478,1.184943008232976,0.46311473377205864
4.303514327395522,14.53496210065478,1.147004309599664,0.49667410758728686
4.384404327395522,14.615852100654791,1.184943008232976,0.46311473377205864
4.465294327395522,14.615852100654791,1.147004309599664,0.49667410758728686
4.5461843273955225,14.696742100654788,1.184943008232976,0.44576895115042164
4.627074327395523,14.696742100654788,1.147004309599664,0.46738991979306066
4.707964327395523,14.777632100654785,1.1871445557846756,0.423502154799832
4.869744327395523,14.777632100654785,1.1333744519140838,0.49667410758728686
4.950634327395523,14.858522100654781,1.184943008232976,0.46311473377205864
5.031524327395523,14.858522100654781,1.147004309599664,0.49667410758728686
5.112414327395523,14.939412100654792,1.184943008232976,0.46311473377205864
5.1933043273955235,14.939412100654792,1.147004309599664,0.49667410758728686
5.27419432739552,15.020302100654789,1.184943008232976,0.46311473377205864
5.35508432739552,15.020302100654789,1.147004309599664,0.49667410758728686
5.43597432739552,15.101192100654785,1.184943008232976,0.44576895115042164
5.5168643273955205,15.101192100654785,1.147004309599664,0.46738991979306066
5.597754327395521,15.182082100654782,1.184943008232976,0.423502154799832
5.678644327395521,15.182082100654782,1.147004309599664,0.46311473377205864
5.759534327395521,15.262972100654792,1.184943008232976,0.423502154799832
5.840424327395521,15.262972100654792,1.147004309599664,0.46311473377205864
5.921314327395521,15.343862100654789,1.1871445557846756,0.423502154799832
6.083094327395521,15.343862100654789,1.1333744519140838,0.49667410758728686
6.1639843273955215,15.424752100654786,1.184943008232976,0.46311473377205864
6.244874327395522,15.424752100654786,1.147004309599664,0.49667410758728686
6.325764327395522,15.505642100654782,1.184943008232976,0.46311473377205864
6.406654327395522,15.505642100654782,1.147004309599664,0.49667410758728686
6.487544327395522,15.586532100654793,1.184943008232976,0.46311473377205864
6.568434327395522,15.586532100654793,1.147004309599664,0.49667410758728686
6.649324327395522,15.66742210065479,1.184943008232976,0.44576895115042164
6.730214327395522,15.66742210065479,1.147004309599664,0.46738991979306066
6.8111043273955225,15.748312100654786,1.184943008232976,0.423502154799832
6.891994327395523,15.748312100654786,1.147004309599664,0.46311473377205864
6.972884327395523,15.829202100654783,1.1871445557846756,0.423502154799832
7.134664327395523,15.829202100654783,1.1333744519140838,0.49667410758728686
7.215554327395523,15.910092100654794,1.184943008232976,0.46311473377205864
7.296444327395523,15.910092100654794,1.147004309599664,0.49667410758728686
7.377334327395523,15.99098210065479,1.184943008232976,0.46311473377205864
7.4582243273955235,15.99098210065479,1.147004309599664,0.49667410758728686
7.53911432739552,16.071872100654787,1.184943008232976,0.44576895115042164
7.62000432739552,16.071872100654787,1.147004309599664,0.46738991979306066
7.70089432739552,16.152762100654783,1.1871445557846756,0.423502154799832
7.862674327395521,16.152762100654783,1.1333744519140838,0.49667410758728686
7.943564327395521,16.233652100654794,1.184943008232976,0.46311473377205864
8.024454327395521,16.233652100654794,1.147004309599664,0.49667410758728686
8.105344327395521,16.31454210065479,1.184943008232976,0.46311473377205864
8.186234327395521,16.31454210065479,1.147004309599664,0.49667410758728686
8.267124327395521,16.395432100654787,1.1871445557846756,0.44576895115042164
8.428904327395522,16.395432100654787,1.1333744519140838,0.49667410758728686
8.509794327395522,16.476322100654784,1.184943008232976,0.46311473377205864
8.590684327395522,16.476322100654784,1.147004309599664,0.49667410758728686
8.671574327395522,16.557212100654795,1.184943008232976,0.44576895115042164
8.752464327395522,16.557212100654795,1.147004309599664,0.46738991979306066
8.833354327395522,16.63810210065479,1.1871445557846756,0.423502154799832
8.995134327395522,16.63810210065479,1.1333744519140838,0.49667410758728686
9.076024327395523,16.718992100654788,1.1871445557846756,0.44576895115042164
9.237804327395523,16.718992100654788,1.1333744519140838,0.49667410758728686
9.318694327395523,16.799882100654784,1.1871445557846756,0.44576895115042164
9.480474327395523,16.799882100654784,1.1333744519140838,0.49667410758728686
9.561364327395523,16.88077210065478,1.1871445557846756,0.44576895115042164
9.80403432739552,16.88077210065478,1.1126831175107883,0.5129344389924688
9.88492432739552,16.96166210065479,1.1761039832274691,0.44576895115042164
10.20848432739552,16.96166210065479,1.1126831175107883,0.5129344389924688
10.289374327395521,17.042552100654788,1.1761039832274691,0.44576895115042164
11.907174327395524,17.042552100654788,1.1915379023008432,0.44576895115042164
11.98806432739552,16.96166210065479,1.1333744519140838,0.5129344389924688
12.230734327395524,16.96166210065479,1.1915379023008432,0.46311473377205864
12.31162432739552,16.88077210065478,1.1333744519140838,0.49667410758728686
12.47340432739552,16.88077210065478,1.1871445557846756,0.44576895115042164
12.554294327395525,16.799882100654784,1.147004309599664,0.49667410758728686
12.635184327395521,16.799882100654784,1.184943008232976,0.46311473377205864
12.716074327395525,16.718992100654788,1.147004309599664,0.49667410758728686
12.796964327395521,16.718992100654788,1.184943008232976,0.44576895115042164
12.877854327395525,16.63810210065479,1.1582652133614104,0.46311473377205864
12.958744327395522,16.63810210065479,1.2046409759806491,0.423502154799832
13.201414327395526,16.395432100654787,1.1402055046763293,0.46311473377205864
13.282304327395522,16.395432100654787,1.1915379023008432,0.423502154799832
13.84853432739552,15.829202100654783,1.1871445557846756,0.4435722778923378
13.84853432739552,15.748312100654786,1.1310901883878597,0.49667410758728686
14.414764327395524,15.182082100654782,1.1871445557846756,0.4435722778923378
14.414764327395524,15.101192100654785,1.1310901883878597,0.49667410758728686
14.819214327395521,14.696742100654788,1.1871445557846756,0.4435722778923378
14.819214327395521,14.615852100654791,1.1299466882544957,0.49667410758728686
15.223664327395525,14.211402100654794,1.1871445557846756,0.4435722778923378
15.223664327395525,14.130512100654784,1.1310901883878597,0.49667410758728686
15.547224327395526,13.806952100654783,1.1871445557846756,0.4435722778923378
15.547224327395526,13.726062100654786,1.1299466882544957,0.49667410758728686
15.87078432739552,13.402502100654786,1.184943008232976,0.4435722778923378
15.87078432739552,13.32161210065479,1.1299466882544957,0.49667410758728686
16.19434432739552,12.998052100654789,1.184943008232976,0.4435722778923378
16.19434432739552,12.917162100654792,1.1310901883878597,0.49667410758728686
16.51790432739552,12.593602100654792,1.1871445557846756,0.4435722778923378
16.51790432739552,12.512712100654781,1.1310901883878597,0.49667410758728686
16.760574327395524,12.270042100654791,1.184943008232976,0.4435722778923378
16.760574327395524,12.18915210065478,1.1310901883878597,0.49667410758728686
17.084134327395525,11.865592100654794,1.1871445557846756,0.4435722778923378
17.084134327395525,11.784702100654783,1.1310901883878597,0.49667410758728686
17.32680432739552,11.542032100654794,1.184943008232976,0.4435722778923378
17.32680432739552,11.461142100654783,1.1310901883878597,0.49667410758728686
17.569474327395525,11.218472100654793,1.184943008232976,0.4435722778923378
17.569474327395525,11.137582100654782,1.1310901883878597,0.49667410758728686
17.812144327395522,10.894912100654793,1.184943008232976,0.4435722778923378
17.812144327395522,10.814022100654782,1.1310901883878597,0.49667410758728686
18.05481432739552,10.571352100654792,1.184943008232976,0.4435722778923378
18.05481432739552,10.490462100654781,1.1310901883878597,0.49667410758728686
18.297484327395523,10.247792100654792,1.184943008232976,0.4435722778923378
18.297484327395523,10.16690210065478,1.1310901883878597,0.49667410758728686
18.54015432739552,9.924232100654791,1.184943008232976,0.4435722778923378
18.54015432739552,9.84334210065478,1.1310901883878597,0.49667410758728686
18.782824327395524,9.60067210065479,1.184943008232976,0.4435722778923378
18.782824327395524,9.519782100654794,1.1310901883878597,0.49667410758728686
19.02549432739552,9.27711210065479,1.184943008232976,0.4435722778923378
19.02549432739552,9.196222100654794,1.1310901883878597,0.49667410758728686
19.268164327395525,8.95355210065479,1.184943008232976,0.4435722778923378
19.268164327395525,8.872662100654793,1.1310901883878597,0.49667410758728686
19.591724327395525,8.549102100654792,1.1871445557846756,0.4435722778923378
19.591724327395525,8.468212100654782,1.1310901883878597,0.49667410758728686
19.834394327395522,8.225542100654792,1.184943008232976,0.4435722778923378
19.834394327395522,8.144652100654781,1.1310901883878597,0.49667410758728686
20.157954327395522,7.821092100654781,1.1871445557846756,0.4435722778923378
20.157954327395522,7.740202100654784,1.1310901883878597,0.49667410758728686
20.40062432739552,7.49753210065478,1.184943008232976,0.4435722778923378
20.40062432739552,7.416642100654784,1.1310901883878597,0.49667410758728686
20.643294327395523,7.173972100654794,1.184943008232976,0.4435722778923378
20.643294327395523,7.093082100654783,1.1310901883878597,0.49667410758728686
20.805074327395523,6.93130210065479,1.1582652133614104,0.44576895115042164
20.805074327395523,6.850412100654793,1.114997096322109,0.49667410758728686
20.966854327395524,6.688632100654786,1.1582652133614104,0.44576895115042164
20.966854327395524,6.607742100654789,1.114997096322109,0.49667410758728686
21.128634327395524,6.445962100654782,1.1582652133614104,0.44576895115042164
21.128634327395524,6.3650721006547855,1.114997096322109,0.49667410758728686
21.290414327395524,6.203292100654792,1.1582652133614104,0.44576895115042164
21.290414327395524,6.1224021006547815,1.114997096322109,0.49667410758728686
21.452194327395524,5.960622100654788,1.1582652133614104,0.44576895115042164
21.452194327395524,5.879732100654792,1.114997096322109,0.49667410758728686
21.613974327395525,5.717952100654784,1.1582652133614104,0.44576895115042164
21.613974327395525,5.637062100654788,1.114997096322109,0.49667410758728686
21.775754327395525,5.4752821006547805,1.1582652133614104,0.44576895115042164
21.775754327395525,5.394392100654784,1.114997096322109,0.49667410758728686
22.018424327395522,5.15172210065478,1.184943008232976,0.4435722778923378
22.018424327395522,5.070832100654783,1.1310901883878597,0.49667410758728686
22.341984327395522,4.747272100654783,1.1871445557846756,0.4435722778923378
22.341984327395522,4.666382100654786,1.1310901883878597,0.49667410758728686
23.312664327395524,3.6957021006547848,1.1402055046763293,0.46311473377205864
23.39355432739552,3.6957021006547848,1.1915379023008432,0.423502154799832
23.71711432739552,3.3721421006547843,1.1402055046763293,0.46311473377205864
23.798004327395525,3.3721421006547843,1.184943008232976,0.423502154799832
23.959784327395525,3.210362100654791,1.1402055046763293,0.46311473377205864
24.04067432739552,3.210362100654791,1.184943008232976,0.423502154799832
24.121564327395525,3.1294721006547803,1.1582652133614104,0.46311473377205864
24.20245432739552,3.1294721006547803,1.2046409759806491,0.423502154799832
24.364234327395522,2.967692100654787,1.147004309599664,0.46311473377205864
24.445124327395526,2.967692100654787,1.184943008232976,0.423502154799832
24.526014327395522,2.8868021006547906,1.147004309599664,0.46311473377205864
24.606904327395526,2.8868021006547906,1.184943008232976,0.423502154799832
24.687794327395522,2.805912100654794,1.147004309599664,0.46311473377205864
24.76868432739552,2.805912100654794,1.184943008232976,0.423502154799832
24.849574327395523,2.7250221006547832,1.147004309599664,0.46311473377205864
24.93046432739552,2.7250221006547832,1.184943008232976,0.423502154799832
25.011354327395523,2.6441321006547867,1.147004309599664,0.46738991979306066
25.09224432739552,2.6441321006547867,1.184943008232976,0.44576895115042164
25.173134327395523,2.56324210065479,1.147004309599664,0.49667410758728686
25.25402432739552,2.56324210065479,1.184943008232976,0.46311473377205864
25.334914327395524,2.4823521006547935,1.1333744519140838,0.49667410758728686
25.496694327395524,2.4823521006547935,1.1871445557846756,0.44576895115042164
25.57758432739552,2.4014621006547827,1.1333744519140838,0.49667410758728686
25.73936432739552,2.4014621006547827,1.1871445557846756,0.44576895115042164
25.820254327395524,2.320572100654786,1.1333744519140838,0.49667410758728686
25.982034327395525,2.320572100654786,1.1871445557846756,0.44576895115042164
26.06292432739552,2.2396821006547896,1.1333744519140838,0.49667410758728686
26.22470432739552,2.2396821006547896,1.1871445557846756,0.44576895115042164
26.305594327395525,2.158792100654793,1.1333744519140838,0.49667410758728686
26.467374327395525,2.158792100654793,1.1871445557846756,0.44576895115042164
26.548264327395522,2.077902100654782,1.1333744519140838,0.49667410758728686
26.710044327395522,2.077902100654782,1.1871445557846756,0.44576895115042164
26.790934327395526,1.9970121006547856,1.1333744519140838,0.5129344389924688
26.952714327395526,1.9970121006547856,1.1871445557846756,0.46738991979306066
27.033604327395523,1.916122100654789,1.1333744519140838,0.5249193769090407
27.195384327395523,1.916122100654789,1.1871445557846756,0.46738991979306066
27.27627432739552,1.8352321006547925,1.1333744519140838,0.5249193769090407
27.43805432739552,1.8352321006547925,1.1871445557846756,0.46738991979306066
27.518944327395523,1.7543421006547817,1.1333744519140838,0.5249193769090407
27.76161432739552,1.7543421006547817,1.1915379023008432,0.44576895115042164
27.842504327395524,1.6734521006547851,1.1333744519140838,0.5129344389924688
28.08517432739552,1.6734521006547851,1.1915379023008432,0.44576895115042164
28.166064327395524,1.5925621006547885,1.1333744519140838,0.5129344389924688
28.40873432739552,1.5925621006547885,1.1915379023008432,0.44576895115042164
28.489624327395525,1.511672100654792,1.1333744519140838,0.5129344389924688
28.974964327395526,1.511672100654792,1.1915379023008432,0.44576895115042164
29.055854327395522,1.4307821006547812,1.1333744519140838,0.5129344389924688
29.94564432739552,1.4307821006547812,1.1915379023008432,0.44576895115042164
30.026534327395524,1.3498921006547846,1.1333744519140838,0.5129344389924688
31.239884327395522,1.3498921006547846,1.1126831175107883,0.5129344389924688
31.320774327395526,1.4307821006547812,1.1761039832274691,0.44576895115042164
31.644334327395526,1.4307821006547812,1.1333744519140838,0.5129344389924688
31.725224327395523,1.511672100654792,1.1871445557846756,0.44576895115042164
31.887004327395523,1.511672100654792,1.1333744519140838,0.49667410758728686
31.96789432739552,1.5925621006547885,1.1915379023008432,0.44576895115042164
32.12967432739552,1.5925621006547885,1.147004309599664,0.49667410758728686
32.210564327395524,1.6734521006547851,1.1871445557846756,0.44576895115042164
32.372344327395524,1.6734521006547851,1.1333744519140838,0.49667410758728686
32.45323432739552,1.7543421006547817,1.184943008232976,0.44576895115042164
32.534124327395524,1.7543421006547817,1.147004309599664,0.46738991979306066
32.61501432739552,1.8352321006547925,1.1871445557846756,0.423502154799832
32.77679432739552,1.8352321006547925,1.1333744519140838,0.49667410758728686
32.857684327395525,1.916122100654789,1.184943008232976,0.46311473377205864
32.93857432739552,1.916122100654789,1.147004309599664,0.49667410758728686
33.019464327395525,1.9970121006547856,1.184943008232976,0.46311473377205864
33.10035432739552,1.9970121006547856,1.147004309599664,0.49667410758728686
33.181244327395525,2.077902100654782,1.184943008232976,0.46311473377205864
33.26213432739552,2.077902100654782,1.147004309599664,0.49667410758728686
33.343024327395526,2.158792100654793,1.184943008232976,0.46311473377205864
33.42391432739552,2.158792100654793,1.147004309599664,0.49667410758728686
33.504804327395526,2.2396821006547896,1.184943008232976,0.46311473377205864
33.58569432739552,2.2396821006547896,1.147004309599664,0.49667410758728686
33.666584327395526,2.320572100654786,1.184943008232976,0.46311473377205864
33.74747432739552,2.320572100654786,1.147004309599664,0.49667410758728686
33.828364327395526,2.4014621006547827,1.184943008232976,0.46311473377205864
33.90925432739552,2.4014621006547827,1.147004309599664,0.49667410758728686
33.99014432739552,2.4823521006547935,1.184943008232976,0.46311473377205864
34.07103432739552,2.4823521006547935,1.147004309599664,0.49667410758728686
34.15192432739552,2.56324210065479,1.184943008232976,0.46311473377205864
34.23281432739552,2.56324210065479,1.147004309599664,0.49667410758728686
34.31370432739552,2.6441321006547867,1.184943008232976,0.46311473377205864
34.394594327395524,2.6441321006547867,1.147004309599664,0.49667410758728686
34.47548432739552,2.7250221006547832,1.184943008232976,0.46311473377205864
34.556374327395524,2.7250221006547832,1.147004309599664,0.49667410758728686
34.63726432739552,2.805912100654794,1.184943008232976,0.46311473377205864
34.718154327395524,2.805912100654794,1.147004309599664,0.49667410758728686
34.79904432739552,2.8868021006547906,1.184943008232976,0.44576895115042164
34.879934327395524,2.8868021006547906,1.147004309599664,0.46738991979306066
34.96082432739552,2.967692100654787,1.184943008232976,0.423502154799832
35.041714327395525,2.967692100654787,1.147004309599664,0.46311473377205864
35.12260432739552,3.0485821006547837,1.1871445557846756,0.423502154799832
35.28438432739552,3.0485821006547837,1.1333744519140838,0.49667410758728686
35.365274327395525,3.1294721006547803,1.184943008232976,0.46311473377205864
35.44616432739552,3.1294721006547803,1.147004309599664,0.49667410758728686
35.527054327395525,3.210362100654791,1.184943008232976,0.44576895115042164
35.60794432739552,3.210362100654791,1.147004309599664,0.46738991979306066
35.688834327395526,3.2912521006547877,1.1871445557846756,0.423502154799832
35.850614327395526,3.2912521006547877,1.1333744519140838,0.49667410758728686
35.93150432739552,3.3721421006547843,1.184943008232976,0.46311473377205864
36.012394327395526,3.3721421006547843,1.147004309599664,0.49667410758728686
36.09328432739552,3.453032100654781,1.1871445557846756,0.44576895115042164
36.25506432739552,3.453032100654781,1.1333744519140838,0.49667410758728686
36.33595432739552,3.5339221006547916,1.184943008232976,0.46311473377205864
36.41684432739552,3.5339221006547916,1.147004309599664,0.49667410758728686
36.49773432739552,3.614812100654788,1.184943008232976,0.44576895115042164
36.578624327395524,3.614812100654788,1.147004309599664,0.46738991979306066
36.65951432739552,3.6957021006547848,1.184943008232976,0.423502154799832
36.740404327395524,3.6957021006547848,1.147004309599664,0.46311473377205864
36.82129432739552,3.7765921006547813,1.184943008232976,0.423502154799832
36.902184327395524,3.7765921006547813,1.147004309599664,0.46311473377205864
36.98307432739552,3.857482100654792,1.184943008232976,0.423502154799832
37.063964327395524,3.857482100654792,1.147004309599664,0.46311473377205864
37.14485432739552,3.9383721006547887,1.184943008232976,0.423502154799832
37.225744327395525,3.9383721006547887,1.1402055046763293,0.46311473377205864
37.387524327395525,4.100152100654782,1.184943008232976,0.423502154799832
37.46841432739552,4.100152100654782,1.1402055046763293,0.46311473377205864
38.27731432739552,4.90905210065479,1.1402055046763293,0.46311473377205864
38.27731432739552,4.989942100654787,1.1915379023008432,0.423502154799832
38.43909432739552,5.15172210065478,1.147004309599664,0.46311473377205864
38.43909432739552,5.232612100654791,1.184943008232976,0.423502154799832
38.51998432739553,5.313502100654787,1.1582652133614104,0.46311473377205864
38.51998432739553,5.394392100654784,1.2046409759806491,0.423502154799832
38.68176432739552,5.556172100654791,1.147004309599664,0.46311473377205864
38.68176432739552,5.637062100654788,1.184943008232976,0.423502154799832
38.76265432739552,5.717952100654784,1.147004309599664,0.46738991979306066
38.76265432739552,5.798842100654781,1.184943008232976,0.44576895115042164
38.84354432739552,5.879732100654792,1.147004309599664,0.49667410758728686
38.84354432739552,5.960622100654788,1.184943008232976,0.46311473377205864
38.924434327395524,6.041512100654785,1.1333744519140838,0.49667410758728686
38.924434327395524,6.203292100654792,1.1871445557846756,0.423502154799832
39.00532432739552,6.284182100654789,1.147004309599664,0.46738991979306066
39.00532432739552,6.3650721006547855,1.184943008232976,0.44576895115042164
39.086214327395524,6.445962100654782,1.1333744519140838,0.49667410758728686
39.086214327395524,6.607742100654789,1.1871445557846756,0.423502154799832
39.16710432739552,6.688632100654786,1.147004309599664,0.46738991979306066
39.16710432739552,6.7695221006547825,1.184943008232976,0.44576895115042164
39.247994327395524,6.850412100654793,1.1333744519140838,0.49667410758728686
39.247994327395524,7.0121921006547865,1.1871445557846756,0.44576895115042164
39.32888432739552,7.093082100654783,1.1333744519140838,0.49667410758728686
39.32888432739552,7.25486210065479,1.1871445557846756,0.44576895115042164
39.409774327395525,7.335752100654787,1.147004309599664,0.49667410758728686
39.409774327395525,7.416642100654784,1.184943008232976,0.46738991979306066
39.49066432739552,7.49753210065478,1.1333744519140838,0.5249193769090407
39.49066432739552,7.6593121006547875,1.1871445557846756,0.46738991979306066
39.571554327395525,7.740202100654784,1.1333744519140838,0.5249193769090407
39.571554327395525,7.9019821006547915,1.1871445557846756,0.46738991979306066
39.65244432739552,7.982872100654788,1.1333744519140838,0.5249193769090407
39.65244432739552,8.144652100654781,1.1871445557846756,0.46738991979306066
39.733334327395525,8.225542100654792,1.1333744519140838,0.5249193769090407
39.733334327395525,8.387322100654785,1.1871445557846756,0.46738991979306066
39.81422432739552,8.468212100654782,1.1333744519140838,0.5249193769090407
39.81422432739552,8.629992100654789,1.1871445557846756,0.46738991979306066
39.895114327395525,8.710882100654786,1.1333744519140838,0.5249193769090407
39.895114327395525,8.95355210065479,1.1915379023008432,0.44576895115042164
39.97600432739552,9.034442100654786,1.1333744519140838,0.5129344389924688
39.97600432739552,9.27711210065479,1.1915379023008432,0.44576895115042164
40.056894327395526,9.358002100654787,1.1333744519140838,0.5129344389924688
40.056894327395526,9.60067210065479,1.1915379023008432,0.44576895115042164
40.13778432739552,9.681562100654787,1.1333744519140838,0.5129344389924688
40.13778432739552,10.086012100654784,1.1915379023008432,0.44576895115042164
40.218674327395526,10.16690210065478,1.1333744519140838,0.5129344389924688
40.218674327395526,10.97580210065479,1.1126831175107883,0.5129344389924688
40.13778432739552,11.056692100654786,1.1761039832274691,0.44576895115042164
40.13778432739552,11.380252100654786,1.1333744519140838,0.5129344389924688
40.056894327395526,11.461142100654783,1.1915379023008432,0.44576895115042164
40.056894327395526,11.703812100654787,1.1333744519140838,0.5129344389924688
39.97600432739552,11.784702100654783,1.1871445557846756,0.44576895115042164
39.97600432739552,11.94648210065479,1.1333744519140838,0.49667410758728686
39.895114327395525,12.027372100654787,1.1871445557846756,0.44576895115042164
39.895114327395525,12.18915210065478,1.1333744519140838,0.49667410758728686
39.81422432739552,12.270042100654791,1.1871445557846756,0.44576895115042164
39.81422432739552,12.431822100654784,1.1333744519140838,0.49667410758728686
39.733334327395525,12.512712100654781,1.184943008232976,0.46311473377205864
39.733334327395525,12.593602100654792,1.147004309599664,0.49667410758728686
39.65244432739552,12.674492100654788,1.184943008232976,0.44576895115042164
39.65244432739552,12.755382100654785,1.147004309599664,0.46738991979306066
39.571554327395525,12.836272100654782,1.184943008232976,0.423502154799832
39.571554327395525,12.917162100654792,1.147004309599664,0.46311473377205864
39.49066432739552,12.998052100654789,1.184943008232976,0.423502154799832
39.49066432739552,13.078942100654785,1.147004309599664,0.46311473377205864
39.409774327395525,13.159832100654782,1.184943008232976,0.423502154799832
39.409774327395525,13.240722100654793,1.147004309599664,0.46311473377205864
39.32888432739552,13.32161210065479,1.184943008232976,0.423502154799832
39.32888432739552,13.402502100654786,1.147004309599664,0.46311473377205864
39.247994327395524,13.483392100654783,1.184943008232976,0.423502154799832
39.247994327395524,13.564282100654793,1.147004309599664,0.46311473377205864
39.16710432739552,13.64517210065479,1.184943008232976,0.44576895115042164
39.16710432739552,13.726062100654786,1.147004309599664,0.49667410758728686
39.00532432739552,13.887842100654794,1.2046409759806491,0.423502154799832
39.00532432739552,13.96873210065479,1.1582652133614104,0.46311473377205864
38.924434327395524,14.049622100654787,1.184943008232976,0.423502154799832
38.924434327395524,14.130512100654784,1.147004309599664,0.46311473377205864
38.84354432739552,14.211402100654794,1.184943008232976,0.423502154799832
38.84354432739552,14.292292100654791,1.1402055046763293,0.46311473377205864
38.68176432739552,14.454072100654784,1.184943008232976,0.423502154799832
38.68176432739552,14.53496210065478,1.147004309599664,0.46311473377205864
38.51998432739553,14.696742100654788,1.2046409759806491,0.423502154799832
38.51998432739553,14.777632100654785,1.1582652133614104,0.46311473377205864
38.43909432739552,14.858522100654781,1.184943008232976,0.423502154799832
38.43909432739552,14.939412100654792,1.147004309599664,0.46311473377205864
38.27731432739552,15.101192100654785,1.2046409759806491,0.423502154799832
38.27731432739552,15.182082100654782,1.1582652133614104,0.46311473377205864
38.196424327395526,15.262972100654792,1.184943008232976,0.423502154799832
38.196424327395526,15.343862100654789,1.147004309599664,0.46311473377205864
38.034644327395526,15.505642100654782,1.2046409759806491,0.423502154799832
38.034644327395526,15.586532100654793,1.1582652133614104,0.46311473377205864
37.95375432739552,15.66742210065479,1.184943008232976,0.423502154799832
37.95375432739552,15.748312100654786,1.147004309599664,0.46311473377205864
37.79197432739552,15.910092100654794,1.2046409759806491,0.423502154799832
37.79197432739552,15.99098210065479,1.1582652133614104,0.46311473377205864
37.711084327395525,16.071872100654787,1.184943008232976,0.423502154799832
37.711084327395525,16.152762100654783,1.147004309599664,0.46311473377205864
37.549304327395525,16.31454210065479,1.2046409759806491,0.423502154799832
37.549304327395525,16.395432100654787,1.1582652133614104,0.46311473377205864
37.46841432739552,16.476322100654784,1.184943008232976,0.423502154799832
37.46841432739552,16.557212100654795,1.147004309599664,0.46311473377205864
37.30663432739552,16.718992100654788,1.2046409759806491,0.423502154799832
37.30663432739552,16.799882100654784,1.1582652133614104,0.46311473377205864
37.225744327395525,16.88077210065478,1.184943008232976,0.423502154799832
37.225744327395525,16.96166210065479,1.1402055046763293,0.46311473377205864
37.063964327395524,17.123442100654785,1.184943008232976,0.423502154799832
37.063964327395524,17.20433210065478,1.147004309599664,0.46311473377205864
36.98307432739552,17.285222100654792,1.184943008232976,0.423502154799832
36.98307432739552,17.36611210065479,1.147004309599664,0.46311473377205864
36.82129432739552,17.527892100654782,1.2046409759806491,0.423502154799832
36.82129432739552,17.608782100654793,1.1582652133614104,0.46311473377205864
36.740404327395524,17.68967210065479,1.184943008232976,0.423502154799832
36.740404327395524,17.770562100654786,1.147004309599664,0.46311473377205864
36.578624327395524,17.932342100654793,1.2046409759806491,0.423502154799832
36.578624327395524,18.01323210065479,1.1582652133614104,0.46311473377205864
36.49773432739552,18.094122100654786,1.184943008232976,0.423502154799832
36.49773432739552,18.175012100654783,1.147004309599664,0.46311473377205864
36.33595432739552,18.33679210065479,1.2046409759806491,0.423502154799832
36.33595432739552,18.417682100654787,1.1582652133614104,0.46311473377205864
36.25506432739552,18.498572100654783,1.184943008232976,0.423502154799832
36.25506432739552,18.579462100654794,1.147004309599664,0.46311473377205864
36.09328432739552,18.741242100654787,1.2046409759806491,0.423502154799832
36.09328432739552,18.822132100654784,1.1582652133614104,0.46311473377205864
36.012394327395526,18.903022100654795,1.184943008232976,0.423502154799832
36.012394327395526,18.98391210065479,1.147004309599664,0.46311473377205864
35.93150432739552,19.064802100654788,1.184943008232976,0.423502154799832
35.93150432739552,19.145692100654784,1.1402055046763293,0.46311473377205864
35.76972432739552,19.307472100654792,1.184943008232976,0.423502154799832
35.76972432739552,19.38836210065479,1.147004309599664,0.46311473377205864
35.688834327395526,19.469252100654785,1.184943008232976,0.423502154799832
35.688834327395526,19.55014210065478,1.1402055046763293,0.46311473377205864
35.527054327395525,19.71192210065479,1.184943008232976,0.423502154799832
35.527054327395525,19.792812100654785,1.147004309599664,0.46311473377205864
35.44616432739552,19.873702100654782,1.184943008232976,0.423502154799832
35.44616432739552,19.954592100654793,1.1402055046763293,0.46311473377205864
35.28438432739552,20.116372100654786,1.184943008232976,0.423502154799832
35.28438432739552,20.197262100654783,1.147004309599664,0.46311473377205864
35.203494327395525,20.278152100654793,1.184943008232976,0.423502154799832
35.203494327395525,20.35904210065479,1.1402055046763293,0.46311473377205864
35.041714327395525,20.520822100654783,1.184943008232976,0.423502154799832
35.041714327395525,20.601712100654794,1.147004309599664,0.46311473377205864
34.96082432739552,20.68260210065479,1.184943008232976,0.423502154799832
34.96082432739552,20.763492100654787,1.1402055046763293,0.46311473377205864
34.79904432739552,20.925272100654794,1.184943008232976,0.423502154799832
34.79904432739552,21.00616210065479,1.147004309599664,0.46311473377205864
34.718154327395524,21.087052100654788,1.184943008232976,0.423502154799832
34.718154327395524,21.167942100654784,1.147004309599664,0.46311473377205864
34.556374327395524,21.32972210065479,1.2046409759806491,0.423502154799832
34.556374327395524,21.410612100654788,1.1582652133614104,0.46311473377205864
34.47548432739552,21.491502100654785,1.184943008232976,0.423502154799832
34.47548432739552,21.57239210065478,1.147004309599664,0.46311473377205864
34.31370432739552,21.73417210065479,1.2046409759806491,0.423502154799832
34.31370432739552,21.815062100654785,1.1582652133614104,0.46311473377205864
34.23281432739552,21.89595210065478,1.184943008232976,0.423502154799832
34.23281432739552,21.976842100654792,1.147004309599664,0.46311473377205864
34.07103432739552,22.138622100654786,1.2046409759806491,0.423502154799832
34.07103432739552,22.219512100654782,1.1582652133614104,0.46311473377205864
33.99014432739552,22.300402100654793,1.184943008232976,0.423502154799832
33.99014432739552,22.38129210065479,1.147004309599664,0.46311473377205864
33.90925432739552,22.462182100654786,1.184943008232976,0.423502154799832
33.90925432739552,22.543072100654783,1.147004309599664,0.46311473377205864
33.74747432739552,22.70485210065479,1.2046409759806491,0.423502154799832
33.74747432739552,22.785742100654787,1.1582652133614104,0.46311473377205864
33.666584327395526,22.866632100654783,1.184943008232976,0.423502154799832
33.666584327395526,22.947522100654794,1.147004309599664,0.46311473377205864
33.58569432739552,23.02841210065479,1.184943008232976,0.423502154799832
33.58569432739552,23.109302100654787,1.1402055046763293,0.46311473377205864
33.42391432739552,23.271082100654795,1.184943008232976,0.423502154799832
33.42391432739552,23.35197210065479,1.147004309599664,0.46311473377205864
33.343024327395526,23.432862100654788,1.184943008232976,0.423502154799832
33.343024327395526,23.513752100654784,1.147004309599664,0.46311473377205864
33.26213432739552,23.59464210065478,1.184943008232976,0.44576895115042164
33.26213432739552,23.67553210065479,1.147004309599664,0.49667410758728686
33.181244327395525,23.756422100654788,1.1871445557846756,0.46311473377205864
33.181244327395525,23.837312100654785,1.1582652133614104,0.49667410758728686
33.10035432739552,23.91820210065478,1.2111499074876724,0.46311473377205864
33.10035432739552,24.07998210065479,1.1761039832274691,0.5328135221044386
33.019464327395525,24.160872100654785,1.2347798395861214,0.49667410758728686
33.019464327395525,24.241762100654782,1.2111499074876724,0.5328135221044386
32.93857432739552,24.322652100654793,1.2705997012924715,0.49667410758728686
32.93857432739552,24.484432100654786,1.245401280088767,0.57121196249822
32.857684327395525,24.565322100654782,1.3198209876711688,0.5249193769090407
32.857684327395525,25.05066210065479,1.3178,0.6467931757781106
32.77679432739552,25.131552100654787,1.4006148618073406,0.58979
32.77679432739552,25.212442100654783,1.406376419345978,0.58979
32.857684327395525,25.293332100654794,1.3358990093829144,0.67068
32.857684327395525,25.616892100654795,1.4140283699227385,0.5934592526802775
32.93857432739552,25.69778210065479,1.367590070281063,0.6467931757781106
32.93857432739552,25.859562100654784,1.4367819546794007,0.60437769349979
33.10035432739552,26.021342100654792,1.3832118640563347,0.6151658804828773
33.10035432739552,26.10223210065479,1.4311215964801547,0.5579680129526975
33.343024327395526,26.344902100654792,1.4197449895842118,0.5579680129526975
33.42391432739552,26.344902100654792,1.367590070281063,0.60437769349979
33.504804327395526,26.42579210065479,1.3832118640563347,0.5445163935057745
33.666584327395526,26.42579210065479,1.295400177667033,0.5934592526802775
33.74747432739552,26.506682100654785,1.3278798482996221,0.5249193769090407
33.99014432739552,26.506682100654785,1.2347798395861214,0.58979
34.07103432739552,26.587572100654782,1.2892363419579858,0.5089
34.96082432739552,26.587572100654782,1.23691,0.46738991979306066
35.041714327395525,26.506682100654785,1.15602,0.5249193769090407
35.688834327395526,26.506682100654785,1.1761039832274691,0.44576895115042164
35.76972432739552,26.42579210065479,1.1126831175107883,0.5129344389924688
36.25506432739552,26.42579210065479,1.1761039832274691,0.44576895115042164
36.33595432739552,26.344902100654792,1.1126831175107883,0.5129344389924688
36.82129432739552,26.344902100654792,1.1915379023008432,0.44576895115042164
36.902184327395524,26.26401210065478,1.1333744519140838,0.5129344389924688
37.14485432739552,26.26401210065478,1.1915379023008432,0.44576895115042164
37.225744327395525,26.183122100654785,1.1333744519140838,0.5129344389924688
37.387524327395525,26.183122100654785,1.1871445557846756,0.46311473377205864
37.46841432739552,26.10223210065479,1.1333744519140838,0.49667410758728686
37.63019432739552,26.10223210065479,1.1871445557846756,0.44576895115042164
37.711084327395525,26.021342100654792,1.147004309599664,0.49667410758728686
37.79197432739552,26.021342100654792,1.184943008232976,0.46311473377205864
37.872864327395526,25.94045210065478,1.147004309599664,0.49667410758728686
37.95375432739552,25.94045210065478,1.184943008232976,0.46311473377205864
38.034644327395526,25.859562100654784,1.147004309599664,0.49667410758728686
38.11553432739552,25.859562100654784,1.184943008232976,0.44576895115042164
38.196424327395526,25.778672100654788,1.1582652133614104,0.46311473377205864
38.27731432739552,25.778672100654788,1.2046409759806491,0.423502154799832
38.51998432739553,25.536002100654784,1.1402055046763293,0.46311473377205864
38.60087432739552,25.536002100654784,1.1915379023008432,0.423502154799832
39.81422432739552,24.322652100654793,1.1871445557846756,0.4435722778923378
39.81422432739552,24.241762100654782,1.1310901883878597,0.49667410758728686
41.108464327395524,22.947522100654794,1.1871445557846756,0.4435722778923378
41.108464327395524,22.866632100654783,1.1310901883878597,0.49667410758728686
41.35113432739552,22.623962100654794,1.184943008232976,0.4435722778923378
41.35113432739552,22.543072100654783,1.1310901883878597,0.49667410758728686
41.51291432739552,22.38129210065479,1.1582652133614104,0.44576895115042164
41.51291432739552,22.300402100654793,1.114997096322109,0.49667410758728686
41.593804327395524,22.219512100654782,1.147004309599664,0.46311473377205864
41.593804327395524,22.138622100654786,1.1126831175107883,0.49667410758728686
41.67469432739552,22.05773210065479,1.147004309599664,0.46311473377205864
41.67469432739552,21.976842100654792,1.1126831175107883,0.5089
41.755584327395525,21.89595210065478,1.147004309599664,0.49667410758728686
41.755584327395525,21.815062100654785,1.1126831175107883,0.5328135221044386
41.83647432739552,21.73417210065479,1.147004309599664,0.49667410758728686
41.83647432739552,21.653282100654792,1.1126831175107883,0.5328135221044386
41.917364327395525,21.57239210065478,1.147004309599664,0.49667410758728686
41.917364327395525,21.491502100654785,1.1126831175107883,0.5328135221044386
41.99825432739552,21.410612100654788,1.147004309599664,0.49667410758728686
41.99825432739552,21.32972210065479,1.1126831175107883,0.5249193769090407
42.079144327395525,21.24883210065478,1.1582652133614104,0.46738991979306066
42.079144327395525,21.087052100654788,1.1126831175107883,0.5328135221044386
42.16003432739552,21.00616210065479,1.147004309599664,0.49667410758728686
42.16003432739552,20.925272100654794,1.1126831175107883,0.5249193769090407
42.240924327395525,20.844382100654784,1.147004309599664,0.46738991979306066
42.240924327395525,20.68260210065479,1.0822489259174701,0.5328135221044386
42.32181432739552,20.601712100654794,1.1333744519140838,0.49667410758728686
42.32181432739552,20.520822100654783,1.1126831175107883,0.5249193769090407
42.402704327395526,20.439932100654786,1.1582652133614104,0.46738991979306066
42.402704327395526,20.278152100654793,1.1126831175107883,0.5328135221044386
42.48359432739552,20.197262100654783,1.147004309599664,0.49667410758728686
42.48359432739552,20.116372100654786,1.1126831175107883,0.5249193769090407
42.564484327395526,20.03548210065479,1.1582652133614104,0.46738991979306066
42.564484327395526,19.873702100654782,1.1126831175107883,0.5249193769090407
42.64537432739552,19.792812100654785,1.1582652133614104,0.46738991979306066
42.64537432739552,19.631032100654792,1.1126831175107883,0.5249193769090407
42.726264327395526,19.55014210065478,1.1582652133614104,0.46738991979306066
42.726264327395526,19.38836210065479,1.1126831175107883,0.5249193769090407
42.80715432739552,19.307472100654792,1.1582652133614104,0.46738991979306066
42.80715432739552,19.145692100654784,1.1126831175107883,0.5328135221044386
42.88804432739552,19.064802100654788,1.147004309599664,0.49667410758728686
42.88804432739552,18.98391210065479,1.1126831175107883,0.5249193769090407
42.96893432739553,18.903022100654795,1.147004309599664,0.46738991979306066
42.96893432739553,18.822132100654784,1.1126831175107883,0.49667410758728686
43.04982432739553,18.741242100654787,1.147004309599664,0.46311473377205864
43.04982432739553,18.66035210065479,1.1126831175107883,0.49667410758728686
43.61605432739552,18.094122100654786,1.147004309599664,0.46311473377205864
43.69694432739553,18.094122100654786,1.184943008232976,0.423502154799832
43.777834327395524,18.01323210065479,1.1582652133614104,0.46311473377205864
43.85872432739552,18.01323210065479,1.2046409759806491,0.423502154799832
43.93961432739552,17.932342100654793,1.1582652133614104,0.46738991979306066
44.02050432739553,17.932342100654793,1.1871445557846756,0.44576895115042164
44.101394327395525,17.851452100654782,1.147004309599664,0.49667410758728686
44.26317432739552,17.851452100654782,1.1915379023008432,0.44576895115042164
44.34406432739553,17.770562100654786,1.1333744519140838,0.5129344389924688
44.58673432739552,17.770562100654786,1.1915379023008432,0.44576895115042164
44.66762432739553,17.68967210065479,1.1333744519140838,0.5129344389924688
45.072074327395526,17.68967210065479,1.1915379023008432,0.44576895115042164
45.15296432739552,17.608782100654793,1.1333744519140838,0.5129344389924688
46.52809432739552,17.608782100654793,1.23691,0.46738991979306066
46.60898432739552,17.527892100654782,1.15602,0.5249193769090407
47.98411432739552,17.527892100654782,1.1915379023008432,0.44576895115042164
48.06500432739553,17.447002100654785,1.1333744519140838,0.5129344389924688
49.03568432739553,17.447002100654785,1.1333744519140838,0.5129344389924688
49.116574327395526,17.527892100654782,1.1915379023008432,0.44576895115042164
49.27835432739552,17.527892100654782,1.147004309599664,0.49667410758728686
49.35924432739553,17.608782100654793,1.1871445557846756,0.44576895115042164
49.440134327395526,17.608782100654793,1.1582652133614104,0.46738991979306066
49.52102432739552,17.68967210065479,1.1915379023008432,0.423502154799832
49.60191432739552,17.68967210065479,1.1402055046763293,0.46311473377205864
49.84458432739552,17.932342100654793,1.1582652133614104,0.46311473377205864
49.84458432739552,18.01323210065479,1.2046409759806491,0.423502154799832
50.00636432739553,18.175012100654783,1.1333744519140838,0.5249193769090407
50.00636432739553,18.33679210065479,1.1871445557846756,0.46738991979306066
50.08725432739553,18.417682100654787,1.1333744519140838,0.5249193769090407
50.08725432739553,19.22658210065478,1.1333744519140838,0.5249193769090407
50.00636432739553,19.307472100654792,1.184943008232976,0.46738991979306066
50.00636432739553,19.38836210065479,1.147004309599664,0.49667410758728686
49.92547432739552,19.469252100654785,1.184943008232976,0.44576895115042164
49.92547432739552,19.55014210065478,1.147004309599664,0.46738991979306066
49.84458432739552,19.631032100654792,1.184943008232976,0.423502154799832
49.84458432739552,19.71192210065479,1.147004309599664,0.46311473377205864
49.68280432739553,19.873702100654782,1.2046409759806491,0.423502154799832
49.68280432739553,19.954592100654793,1.1582652133614104,0.46311473377205864
49.60191432739552,20.03548210065479,1.184943008232976,0.423502154799832
49.60191432739552,20.116372100654786,1.147004309599664,0.46311473377205864
49.440134327395526,20.278152100654793,1.2046409759806491,0.423502154799832
49.440134327395526,20.35904210065479,1.1582652133614104,0.46311473377205864
49.35924432739553,20.439932100654786,1.184943008232976,0.423502154799832
49.35924432739553,20.520822100654783,1.147004309599664,0.46311473377205864
49.19746432739552,20.68260210065479,1.2046409759806491,0.423502154799832
49.19746432739552,20.763492100654787,1.1582652133614104,0.46311473377205864
49.116574327395526,20.844382100654784,1.184943008232976,0.423502154799832
49.116574327395526,20.925272100654794,1.1402055046763293,0.46311473377205864
48.95479432739552,21.087052100654788,1.184943008232976,0.423502154799832
48.95479432739552,21.167942100654784,1.147004309599664,0.46311473377205864
48.793014327395525,21.32972210065479,1.2046409759806491,0.423502154799832
48.793014327395525,21.410612100654788,1.1582652133614104,0.46311473377205864
48.71212432739553,21.491502100654785,1.184943008232976,0.423502154799832
48.71212432739553,21.57239210065478,1.1402055046763293,0.46311473377205864
48.55034432739552,21.73417210065479,1.184943008232976,0.423502154799832
48.55034432739552,21.815062100654785,1.1402055046763293,0.46311473377205864
48.38856432739553,21.976842100654792,1.184943008232976,0.423502154799832
48.38856432739553,22.05773210065479,1.1402055046763293,0.46311473377205864
48.22678432739552,22.219512100654782,1.184943008232976,0.423502154799832
48.22678432739552,22.300402100654793,1.147004309599664,0.46311473377205864
48.06500432739553,22.462182100654786,1.2046409759806491,0.423502154799832
48.06500432739553,22.543072100654783,1.1582652133614104,0.46311473377205864
47.90322432739552,22.70485210065479,1.2046409759806491,0.423502154799832
47.90322432739552,22.785742100654787,1.1582652133614104,0.46311473377205864
47.822334327395524,22.866632100654783,1.184943008232976,0.423502154799832
47.822334327395524,22.947522100654794,1.1402055046763293,0.46311473377205864
47.57966432739552,23.190192100654784,1.2046409759806491,0.423502154799832
47.57966432739552,23.271082100654795,1.1582652133614104,0.46311473377205864
47.41788432739553,23.432862100654788,1.2046409759806491,0.423502154799832
47.41788432739553,23.513752100654784,1.1582652133614104,0.46311473377205864
47.25610432739552,23.67553210065479,1.1915379023008432,0.423502154799832
47.25610432739552,23.756422100654788,1.1402055046763293,0.46311473377205864
47.094324327395526,23.91820210065478,1.184943008232976,0.423502154799832
47.094324327395526,23.999092100654792,1.1402055046763293,0.46311473377205864
46.93254432739552,24.160872100654785,1.184943008232976,0.423502154799832
46.93254432739552,24.241762100654782,1.1402055046763293,0.46311473377205864
46.770764327395526,24.40354210065479,1.184943008232976,0.423502154799832
46.770764327395526,24.484432100654786,1.1402055046763293,0.46311473377205864
46.52809432739552,24.72710210065479,1.1915379023008432,0.423502154799832
46.52809432739552,24.807992100654786,1.1402055046763293,0.46311473377205864
46.28542432739552,25.05066210065479,1.1915379023008432,0.423502154799832
46.28542432739552,25.131552100654787,1.1402055046763293,0.46311473377205864
46.123644327395525,25.293332100654794,1.184943008232976,0.423502154799832
46.123644327395525,25.37422210065479,1.1402055046763293,0.46311473377205864
45.88097432739552,25.616892100654795,1.1915379023008432,0.423502154799832
45.88097432739552,25.69778210065479,1.1402055046763293,0.46311473377205864
45.63830432739552,25.94045210065478,1.1915379023008432,0.423502154799832
45.63830432739552,26.021342100654792,1.1402055046763293,0.46311473377205864
45.39563432739553,26.26401210065478,1.1871445557846756,0.423502154799832
45.39563432739553,26.344902100654792,1.1310901883878597,0.46311473377205864
45.072074327395526,26.668462100654793,1.1915379023008432,0.423502154799832
45.072074327395526,26.74935210065479,1.1402055046763293,0.46311473377205864
44.748514327395526,27.07291210065479,1.1915379023008432,0.423502154799832
44.748514327395526,27.153802100654786,1.1402055046763293,0.46311473377205864
44.50584432739552,27.39647210065479,1.1871445557846756,0.423502154799832
44.50584432739552,27.477362100654787,1.1310901883878597,0.46311473377205864
44.101394327395525,27.881812100654784,1.1915379023008432,0.423502154799832
44.101394327395525,27.962702100654795,1.1402055046763293,0.46311473377205864
43.777834327395524,28.28626210065478,1.1915379023008432,0.423502154799832
43.777834327395524,28.367152100654792,1.1402055046763293,0.46311473377205864
43.454274327395524,28.690712100654792,1.1915379023008432,0.423502154799832
43.454274327395524,28.77160210065479,1.1402055046763293,0.46311473377205864
43.13071432739552,29.09516210065479,1.1915379023008432,0.423502154799832
43.13071432739552,29.176052100654786,1.1402055046763293,0.46311473377205864
42.80715432739552,29.499612100654787,1.1915379023008432,0.423502154799832
42.80715432739552,29.580502100654783,1.1402055046763293,0.46311473377205864
42.48359432739552,29.904062100654784,1.1915379023008432,0.423502154799832
42.48359432739552,29.984952100654795,1.1402055046763293,0.46311473377205864
42.240924327395525,30.227622100654784,1.1915379023008432,0.423502154799832
42.240924327395525,30.308512100654795,1.1402055046763293,0.46311473377205864
41.99825432739552,30.551182100654785,1.2046409759806491,0.423502154799832
41.99825432739552,30.63207210065478,1.1582652133614104,0.46311473377205864
41.917364327395525,30.712962100654792,1.184943008232976,0.44576895115042164
41.917364327395525,30.79385210065479,1.147004309599664,0.49667410758728686
41.755584327395525,30.955632100654782,1.2347798395861214,0.44576895115042164
41.755584327395525,31.11741210065479,1.1915379023008432,0.5328135221044386
41.593804327395524,31.279192100654782,1.3117218319859045,0.49667410758728686
41.593804327395524,31.521862100654786,1.255950216748595,0.5934592526802775
41.51291432739552,31.602752100654783,1.3258688779849377,0.5249193769090407
41.51291432739552,32.16898210065479,1.3358990093829144,0.5445163935057745
41.593804327395524,32.249872100654784,1.2705997012924715,0.60437769349979
41.593804327395524,32.49254210065479,1.3378976649961987,0.5445163935057745
41.67469432739552,32.573432100654784,1.2933482151745737,0.5749591280168463
41.67469432739552,32.654322100654795,1.3278798482996221,0.5328135221044386
41.755584327395525,32.73521210065479,1.295400177667033,0.5579680129526975
41.755584327395525,32.81610210065479,1.3378976649961987,0.5007701454225176
42.16003432739552,33.220552100654785,1.3015402908450353,0.49667410758728686
42.240924327395525,33.220552100654785,1.245401280088767,0.5328135221044386
42.32181432739552,33.30144210065478,1.2538461586978293,0.49667410758728686
42.402704327395526,33.30144210065478,1.2046409759806491,0.5328135221044386
42.48359432739552,33.38233210065479,1.2262294675441172,0.49667410758728686
42.564484327395526,33.38233210065479,1.184943008232976,0.5249193769090407
42.64537432739552,33.46322210065479,1.2197851201074448,0.46738991979306066
42.88804432739552,33.46322210065479,1.1333744519140838,0.5129344389924688
42.96893432739553,33.544112100654786,1.1915379023008432,0.44576895115042164
43.454274327395524,33.544112100654786,1.1126831175107883,0.5129344389924688
43.53516432739552,33.62500210065478,1.1761039832274691,0.44576895115042164
44.18228432739552,33.62500210065478,1.1333744519140838,0.5129344389924688
44.26317432739552,33.70589210065479,1.1915379023008432,0.44576895115042164
44.91029432739552,33.70589210065479,1.1333744519140838,0.5129344389924688
44.99118432739553,33.78678210065479,1.1915379023008432,0.44576895115042164
45.71919432739553,33.78678210065479,1.1333744519140838,0.5129344389924688
45.800084327395524,33.86767210065479,1.1915379023008432,0.44576895115042164
46.36631432739553,33.86767210065479,1.1333744519140838,0.5129344389924688
46.447204327395525,33.94856210065478,1.1915379023008432,0.44576895115042164
47.094324327395526,33.94856210065478,1.1126831175107883,0.5129344389924688
47.17521432739552,34.029452100654794,1.1761039832274691,0.44576895115042164
47.74144432739553,34.029452100654794,1.1333744519140838,0.5129344389924688
47.822334327395524,34.11034210065479,1.1915379023008432,0.44576895115042164
48.38856432739553,34.11034210065479,1.1333744519140838,0.5129344389924688
48.469454327395525,34.19123210065479,1.1915379023008432,0.44576895115042164
49.116574327395526,34.19123210065479,1.1126831175107883,0.5129344389924688
49.19746432739552,34.272122100654784,1.1761039832274691,0.44576895115042164
49.76369432739553,34.272122100654784,1.1333744519140838,0.5129344389924688
49.84458432739552,34.353012100654794,1.1915379023008432,0.44576895115042164
50.41081432739553,34.353012100654794,1.1333744519140838,0.5129344389924688
50.491704327395524,34.43390210065479,1.1915379023008432,0.44576895115042164
51.138824327395525,34.43390210065479,1.1333744519140838,0.5129344389924688
51.21971432739552,34.51479210065479,1.1915379023008432,0.44576895115042164
51.785944327395526,34.51479210065479,1.1333744519140838,0.5129344389924688
51.86683432739552,34.595682100654784,1.1915379023008432,0.44576895115042164
52.513954327395524,34.595682100654784,1.1126831175107883,0.5129344389924688
52.59484432739552,34.676572100654795,1.1761039832274691,0.44576895115042164
53.161074327395525,34.676572100654795,1.1333744519140838,0.5129344389924688
53.24196432739552,34.75746210065479,1.1915379023008432,0.44576895115042164
53.808194327395526,34.75746210065479,1.1333744519140838,0.5129344389924688
53.88908432739552,34.83835210065479,1.1915379023008432,0.44576895115042164
54.45531432739553,34.83835210065479,1.1333744519140838,0.5129344389924688
54.536204327395524,34.919242100654785,1.1915379023008432,0.44576895115042164
55.10243432739553,34.919242100654785,1.1333744519140838,0.5129344389924688
55.183324327395525,35.000132100654795,1.1915379023008432,0.44576895115042164
55.74955432739553,35.000132100654795,1.1333744519140838,0.5129344389924688
55.830444327395526,35.08102210065479,1.1915379023008432,0.44576895115042164
56.39667432739553,35.08102210065479,1.1333744519140838,0.5129344389924688
56.47756432739553,35.16191210065479,1.1915379023008432,0.44576895115042164
57.04379432739552,35.16191210065479,1.1333744519140838,0.5129344389924688
57.12468432739553,35.242802100654785,1.1915379023008432,0.44576895115042164
57.69091432739552,35.242802100654785,1.1126831175107883,0.5129344389924688
57.77180432739553,35.32369210065478,1.1761039832274691,0.44576895115042164
58.33803432739552,35.32369210065478,1.1333744519140838,0.5129344389924688
58.41892432739553,35.40458210065479,1.1915379023008432,0.44576895115042164
58.98515432739552,35.40458210065479,1.1333744519140838,0.5129344389924688
59.06604432739553,35.48547210065479,1.1915379023008432,0.44576895115042164
59.63227432739552,35.48547210065479,1.1333744519140838,0.5129344389924688
59.71316432739552,35.566362100654786,1.1915379023008432,0.44576895115042164
60.27939432739552,35.566362100654786,1.1333744519140838,0.5129344389924688
60.36028432739552,35.64725210065478,1.1915379023008432,0.44576895115042164
60.92651432739552,35.64725210065478,1.1333744519140838,0.5129344389924688
61.00740432739552,35.72814210065479,1.1915379023008432,0.44576895115042164
61.573634327395524,35.72814210065479,1.1333744519140838,0.5129344389924688
61.65452432739552,35.80903210065479,1.1915379023008432,0.44576895115042164
62.220754327395525,35.80903210065479,1.1333744519140838,0.5129344389924688
62.30164432739552,35.889922100654786,1.1915379023008432,0.44576895115042164
62.867874327395526,35.889922100654786,1.1333744519140838,0.5129344389924688
62.94876432739552,35.97081210065478,1.1915379023008432,0.44576895115042164
63.51499432739553,35.97081210065478,1.1333744519140838,0.5129344389924688
63.595884327395524,36.05170210065479,1.1915379023008432,0.44576895115042164
64.16211432739553,36.05170210065479,1.1333744519140838,0.5129344389924688
64.24300432739552,36.13259210065479,1.1915379023008432,0.44576895115042164
64.80923432739553,36.13259210065479,1.1333744519140838,0.5129344389924688
64.89012432739553,36.21348210065479,1.1915379023008432,0.44576895115042164
65.45635432739553,36.21348210065479,1.1126831175107883,0.5129344389924688
65.53724432739553,36.29437210065478,1.1761039832274691,0.44576895115042164
66.02258432739552,36.29437210065478,1.1333744519140838,0.5129344389924688
66.10347432739553,36.375262100654794,1.1915379023008432,0.44576895115042164
66.66970432739552,36.375262100654794,1.1126831175107883,0.5129344389924688
66.75059432739552,36.45615210065479,1.1761039832274691,0.44576895115042164
67.23593432739553,36.45615210065479,1.1126831175107883,0.5129344389924688
67.31682432739552,36.53704210065479,1.1761039832274691,0.44576895115042164
67.80216432739553,36.53704210065479,1.1333744519140838,0.5129344389924688
67.88305432739553,36.617932100654784,1.1915379023008432,0.44576895115042164
68.36839432739552,36.617932100654784,1.1333744519140838,0.5129344389924688
68.44928432739553,36.698822100654795,1.1915379023008432,0.44576895115042164
68.93462432739553,36.698822100654795,1.1333744519140838,0.5129344389924688
69.01551432739552,36.77971210065479,1.1915379023008432,0.44576895115042164
69.50085432739553,36.77971210065479,1.1126831175107883,0.5129344389924688
69.58174432739553,36.86060210065479,1.1761039832274691,0.44576895115042164
70.06708432739552,36.86060210065479,1.1126831175107883,0.5129344389924688
70.14797432739553,36.941492100654784,1.1761039832274691,0.44576895115042164
70.55242432739553,36.941492100654784,1.1333744519140838,0.5129344389924688
70.63331432739552,37.022382100654795,1.1915379023008432,0.44576895115042164
71.11865432739552,37.022382100654795,1.1126831175107883,0.5129344389924688
71.19954432739553,37.10327210065479,1.1761039832274691,0.44576895115042164
71.60399432739553,37.10327210065479,1.1333744519140838,0.5129344389924688
71.68488432739552,37.18416210065479,1.1915379023008432,0.44576895115042164
72.17022432739553,37.18416210065479,1.1126831175107883,0.5129344389924688
72.25111432739553,37.265052100654785,1.1761039832274691,0.44576895115042164
72.65556432739552,37.265052100654785,1.1126831175107883,0.5129344389924688
72.73645432739552,37.34594210065478,1.1761039832274691,0.44576895115042164
73.14090432739552,37.34594210065478,1.1333744519140838,0.5129344389924688
73.22179432739553,37.42683210065479,1.1915379023008432,0.44576895115042164
73.62624432739553,37.42683210065479,1.1333744519140838,0.5129344389924688
73.70713432739552,37.50772210065479,1.1915379023008432,0.44576895115042164
74.11158432739552,37.50772210065479,1.1333744519140838,0.5129344389924688
74.19247432739553,37.588612100654785,1.1915379023008432,0.44576895115042164
74.59692432739553,37.588612100654785,1.1333744519140838,0.5129344389924688
74.67781432739552,37.66950210065478,1.1915379023008432,0.44576895115042164
75.08226432739552,37.66950210065478,1.1333744519140838,0.5129344389924688
75.16315432739553,37.75039210065479,1.1915379023008432,0.44576895115042164
75.56760432739553,37.75039210065479,1.1333744519140838,0.5129344389924688
75.64849432739553,37.83128210065479,1.1915379023008432,0.44576895115042164
76.05294432739552,37.83128210065479,1.1333744519140838,0.5129344389924688
76.13383432739552,37.912172100654786,1.1915379023008432,0.44576895115042164
76.53828432739553,37.912172100654786,1.1333744519140838,0.5129344389924688
76.61917432739553,37.99306210065478,1.1915379023008432,0.44576895115042164
77.02362432739552,37.99306210065478,1.1126831175107883,0.5129344389924688
77.10451432739552,38.07395210065479,1.1761039832274691,0.44576895115042164
77.50896432739553,38.07395210065479,1.1126831175107883,0.5129344389924688
77.58985432739553,38.15484210065479,1.1761039832274691,0.44576895115042164
77.91341432739553,38.15484210065479,1.1333744519140838,0.5129344389924688
77.99430432739553,38.235732100654786,1.1915379023008432,0.44576895115042164
78.39875432739552,38.235732100654786,1.1126831175107883,0.5129344389924688
78.47964432739552,38.31662210065478,1.1761039832274691,0.44576895115042164
78.80320432739552,38.31662210065478,1.1333744519140838,0.5129344389924688
78.88409432739553,38.397512100654794,1.1915379023008432,0.44576895115042164
79.28854432739553,38.397512100654794,1.1126831175107883,0.5129344389924688
79.36943432739552,38.47840210065479,1.1761039832274691,0.44576895115042164
79.69299432739552,38.47840210065479,1.1333744519140838,0.5129344389924688
79.77388432739552,38.55929210065479,1.1915379023008432,0.44576895115042164
80.17833432739552,38.55929210065479,1.1126831175107883,0.5129344389924688
80.25922432739553,38.64018210065478,1.1761039832274691,0.44576895115042164
80.58278432739553,38.64018210065478,1.1333744519140838,0.5129344389924688
80.66367432739553,38.721072100654794,1.1915379023008432,0.44576895115042164
81.06812432739552,38.721072100654794,1.1126831175107883,0.5129344389924688
81.14901432739552,38.80196210065479,1.1761039832274691,0.44576895115042164
81.47257432739552,38.80196210065479,1.1126831175107883,0.5129344389924688
81.55346432739553,38.88285210065479,1.1761039832274691,0.44576895115042164
81.87702432739553,38.88285210065479,1.1333744519140838,0.5129344389924688
81.95791432739553,38.963742100654784,1.1915379023008432,0.44576895115042164
82.28147432739553,38.963742100654784,1.1333744519140838,0.5129344389924688
82.36236432739553,39.044632100654795,1.1915379023008432,0.44576895115042164
82.76681432739552,39.044632100654795,1.1126831175107883,0.5129344389924688
82.84770432739552,39.12552210065479,1.1761039832274691,0.44576895115042164
83.17126432739552,39.12552210065479,1.1126831175107883,0.5129344389924688
83.25215432739553,39.20641210065479,1.1761039832274691,0.44576895115042164
83.57571432739553,39.20641210065479,1.1126831175107883,0.5129344389924688
83.65660432739553,39.287302100654784,1.1761039832274691,0.44576895115042164
83.98016432739553,39.287302100654784,1.1126831175107883,0.5129344389924688
84.06105432739552,39.368192100654795,1.1761039832274691,0.44576895115042164
84.30372432739553,39.368192100654795,1.1333744519140838,0.5129344389924688
84.38461432739552,39.44908210065479,1.1915379023008432,0.44576895115042164
84.70817432739553,39.44908210065479,1.1333744519140838,0.5129344389924688
84.78906432739552,39.52997210065479,1.1915379023008432,0.44576895115042164
85.11262432739552,39.52997210065479,1.1333744519140838,0.5129344389924688
85.19351432739552,39.610862100654785,1.1915379023008432,0.44576895115042164
85.51707432739552,39.610862100654785,1.1126831175107883,0.5129344389924688
85.59796432739553,39.69175210065478,1.1761039832274691,0.44576895115042164
85.92152432739553,39.69175210065478,1.1126831175107883,0.5129344389924688
86.00241432739553,39.77264210065479,1.1761039832274691,0.44576895115042164
86.24508432739553,39.77264210065479,1.1333744519140838,0.5129344389924688
86.32597432739553,39.85353210065479,1.1915379023008432,0.44576895115042164
86.64953432739553,39.85353210065479,1.1333744519140838,0.5129344389924688
86.73042432739553,39.934422100654785,1.1915379023008432,0.44576895115042164
87.05398432739553,39.934422100654785,1.1126831175107883,0.5129344389924688
87.13487432739552,40.01531210065478,1.1761039832274691,0.44576895115042164
87.37754432739553,40.01531210065478,1.1333744519140838,0.5129344389924688
87.45843432739552,40.09620210065479,1.1915379023008432,0.44576895115042164
87.78199432739552,40.09620210065479,1.1333744519140838,0.5129344389924688
87.86288432739552,40.17709210065479,1.1915379023008432,0.44576895115042164
88.18644432739552,40.17709210065479,1.1126831175107883,0.5129344389924688
88.26733432739553,40.257982100654786,1.1761039832274691,0.44576895115042164
88.51000432739552,40.257982100654786,1.1333744519140838,0.5129344389924688
88.59089432739553,40.33887210065478,1.1915379023008432,0.44576895115042164
88.91445432739553,40.33887210065478,1.1333744519140838,0.5129344389924688
88.99534432739553,40.41976210065479,1.1915379023008432,0.44576895115042164
89.23801432739552,40.41976210065479,1.1333744519140838,0.5129344389924688
89.31890432739553,40.50065210065479,1.1915379023008432,0.44576895115042164
89.64246432739553,40.50065210065479,1.1333744519140838,0.5129344389924688
89.72335432739553,40.58154210065479,1.1915379023008432,0.44576895115042164
90.04691432739553,40.58154210065479,1.1333744519140838,0.5129344389924688
90.12780432739552,40.66243210065478,1.1915379023008432,0.44576895115042164
90.37047432739553,40.66243210065478,1.1333744519140838,0.5129344389924688
90.45136432739552,40.743322100654794,1.1915379023008432,0.44576895115042164
90.77492432739552,40.743322100654794,1.1333744519140838,0.5129344389924688
90.85581432739552,40.82421210065479,1.1915379023008432,0.44576895115042164
91.17937432739552,40.82421210065479,1.1333744519140838,0.5129344389924688
91.26026432739553,40.90510210065479,1.1915379023008432,0.44576895115042164
91.50293432739552,40.90510210065479,1.1333744519140838,0.5129344389924688
91.58382432739552,40.985992100654784,1.1915379023008432,0.44576895115042164
91.90738432739552,40.985992100654784,1.1126831175107883,0.5129344389924688
91.98827432739553,41.066882100654794,1.1761039832274691,0.44576895115042164
92.23094432739552,41.066882100654794,1.1333744519140838,0.5129344389924688
92.31183432739553,41.14777210065479,1.1915379023008432,0.44576895115042164
92.55450432739552,41.14777210065479,1.1333744519140838,0.5129344389924688
92.63539432739553,41.22866210065479,1.1915379023008432,0.44576895115042164
92.95895432739553,41.22866210065479,1.1126831175107883,0.5129344389924688
93.03984432739553,41.309552100654784,1.1761039832274691,0.44576895115042164
93.28251432739553,41.309552100654784,1.1333744519140838,0.5129344389924688
93.36340432739553,41.390442100654795,1.1915379023008432,0.44576895115042164
93.60607432739553,41.390442100654795,1.1333744519140838,0.5129344389924688
93.68696432739553,41.47133210065479,1.1915379023008432,0.44576895115042164
93.92963432739552,41.47133210065479,1.1333744519140838,0.5129344389924688
94.01052432739553,41.55222210065479,1.1915379023008432,0.44576895115042164
94.25319432739552,41.55222210065479,1.1333744519140838,0.5129344389924688
94.33408432739553,41.633112100654785,1.1915379023008432,0.44576895115042164
94.57675432739552,41.633112100654785,1.1333744519140838,0.5129344389924688
94.65764432739553,41.714002100654795,1.1915379023008432,0.44576895115042164
94.90031432739552,41.714002100654795,1.1333744519140838,0.5129344389924688
94.98120432739553,41.79489210065479,1.1915379023008432,0.44576895115042164
95.22387432739552,41.79489210065479,1.1333744519140838,0.5129344389924688
95.30476432739553,41.87578210065479,1.1915379023008432,0.44576895115042164
95.54743432739552,41.87578210065479,1.1333744519140838,0.5129344389924688
95.62832432739553,41.956672100654785,1.1915379023008432,0.44576895115042164
95.87099432739552,41.956672100654785,1.1333744519140838,0.5129344389924688
95.95188432739553,42.03756210065478,1.1915379023008432,0.44576895115042164
96.19455432739552,42.03756210065478,1.1333744519140838,0.5129344389924688
96.27544432739552,42.11845210065479,1.1915379023008432,0.44576895115042164
96.59900432739552,42.11845210065479,1.1126831175107883,0.5129344389924688
96.67989432739553,42.19934210065479,1.1761039832274691,0.44576895115042164
96.92256432739552,42.19934210065479,1.1126831175107883,0.5129344389924688
97.00345432739553,42.280232100654786,1.1761039832274691,0.44576895115042164
97.24612432739552,42.280232100654786,1.1126831175107883,0.5129344389924688
97.32701432739553,42.36112210065478,1.1761039832274691,0.44576895115042164
97.56968432739552,42.36112210065478,1.1126831175107883,0.5129344389924688
97.65057432739553,42.44201210065479,1.1761039832274691,0.44576895115042164
97.89324432739552,42.44201210065479,1.1126831175107883,0.5129344389924688
97.97413432739553,42.52290210065479,1.1761039832274691,0.44576895115042164
98.21680432739552,42.52290210065479,1.1126831175107883,0.5129344389924688
98.29769432739553,42.603792100654786,1.1761039832274691,0.44576895115042164
98.54036432739552,42.603792100654786,1.1333744519140838,0.5129344389924688
98.62125432739552,42.68468210065478,1.1915379023008432,0.44576895115042164
98.86392432739552,42.68468210065478,1.1333744519140838,0.5129344389924688
98.94481432739552,42.76557210065479,1.1915379023008432,0.44576895115042164
99.18748432739552,42.76557210065479,1.1333744519140838,0.5129344389924688
99.26837432739552,42.84646210065479,1.1915379023008432,0.44576895115042164
99.51104432739552,42.84646210065479,1.1333744519140838,0.5129344389924688
99.59193432739552,42.92735210065479,1.1915379023008432,0.44576895115042164
99.83460432739552,42.92735210065479,1.1333744519140838,0.5129344389924688
99.91549432739552,43.00824210065478,1.1915379023008432,0.44576895115042164
100.15816432739553,43.00824210065478,1.1333744519140838,0.5129344389924688
100.23905432739552,43.089132100654794,1.1915379023008432,0.44576895115042164
100.48172432739553,43.089132100654794,1.1333744519140838,0.5129344389924688
100.56261432739552,43.17002210065479,1.1915379023008432,0.44576895115042164
100.80528432739553,43.17002210065479,1.1333744519140838,0.5129344389924688
100.88617432739552,43.25091210065479,1.1915379023008432,0.44576895115042164
101.12884432739553,43.25091210065479,1.1333744519140838,0.5129344389924688
101.20973432739552,43.331802100654784,1.1915379023008432,0.44576895115042164
101.45240432739553,43.331802100654784,1.1333744519140838,0.5129344389924688
101.53329432739552,43.412692100654795,1.1915379023008432,0.44576895115042164
101.77596432739553,43.412692100654795,1.1333744519140838,0.5129344389924688
101.85685432739552,43.49358210065479,1.1915379023008432,0.44576895115042164
102.09952432739553,43.49358210065479,1.1333744519140838,0.5129344389924688
102.18041432739552,43.57447210065479,1.1871445557846756,0.44576895115042164
102.34219432739553,43.57447210065479,1.1333744519140838,0.49667410758728686
102.42308432739553,43.655362100654784,1.1915379023008432,0.44576895115042164
102.66575432739553,43.655362100654784,1.1333744519140838,0.5129344389924688
102.74664432739553,43.736252100654795,1.1915379023008432,0.44576895115042164
102.98931432739552,43.736252100654795,1.1333744519140838,0.5129344389924688
103.07020432739553,43.81714210065479,1.1915379023008432,0.44576895115042164
103.31287432739552,43.81714210065479,1.1333744519140838,0.5129344389924688
103.39376432739553,43.89803210065479,1.1915379023008432,0.44576895115042164
103.63643432739552,43.89803210065479,1.1333744519140838,0.5129344389924688
103.71732432739553,43.978922100654785,1.1915379023008432,0.44576895115042164
103.95999432739552,43.978922100654785,1.1333744519140838,0.5129344389924688
104.04088432739553,44.059812100654796,1.1871445557846756,0.44576895115042164
104.20266432739552,44.059812100654796,1.1333744519140838,0.49667410758728686
104.28355432739552,44.14070210065479,1.1915379023008432,0.44576895115042164
104.52622432739552,44.14070210065479,1.1333744519140838,0.5129344389924688
104.60711432739552,44.22159210065479,1.1915379023008432,0.44576895115042164
104.84978432739553,44.22159210065479,1.1333744519140838,0.5129344389924688
104.93067432739552,44.302482100654785,1.1915379023008432,0.44576895115042164
105.17334432739553,44.302482100654785,1.1333744519140838,0.5249193769090407
105.25423432739552,44.38337210065478,1.1871445557846756,0.46738991979306066
105.41601432739553,44.38337210065478,1.1333744519140838,0.5129344389924688
105.49690432739553,44.46426210065479,1.1915379023008432,0.44576895115042164
105.73957432739553,44.46426210065479,1.1333744519140838,0.5129344389924688
105.82046432739553,44.54515210065479,1.1871445557846756,0.44576895115042164
105.98224432739552,44.54515210065479,1.1333744519140838,0.49667410758728686
106.06313432739553,44.626042100654786,1.1915379023008432,0.44576895115042164
106.30580432739552,44.626042100654786,1.1333744519140838,0.5129344389924688
106.38669432739553,44.70693210065478,1.1871445557846756,0.44576895115042164
106.54847432739552,44.70693210065478,1.1333744519140838,0.49667410758728686
106.62936432739552,44.78782210065479,1.1915379023008432,0.44576895115042164
106.87203432739553,44.78782210065479,1.1333744519140838,0.5129344389924688
106.95292432739554,44.86871210065479,1.1871445557846756,0.44576895115042164
107.11470432739553,44.86871210065479,1.1333744519140838,0.49667410758728686
107.19559432739554,44.949602100654786,1.1915379023008432,0.44576895115042164
107.43826432739552,44.949602100654786,1.1333744519140838,0.5129344389924688
107.51915432739553,45.03049210065478,1.1871445557846756,0.44576895115042164
107.68093432739552,45.03049210065478,1.1333744519140838,0.49667410758728686
107.76182432739553,45.111382100654794,1.1915379023008432,0.44576895115042164
108.00449432739553,45.111382100654794,1.1333744519140838,0.5129344389924688
108.08538432739552,45.19227210065479,1.1871445557846756,0.44576895115042164
108.24716432739554,45.19227210065479,1.1333744519140838,0.49667410758728686
108.32805432739552,45.27316210065479,1.1915379023008432,0.44576895115042164
108.57072432739552,45.27316210065479,1.1333744519140838,0.5129344389924688
108.65161432739554,45.35405210065478,1.1871445557846756,0.44576895115042164
108.81339432739553,45.35405210065478,1.1333744519140838,0.49667410758728686
108.89428432739554,45.434942100654794,1.1915379023008432,0.44576895115042164
109.13695432739551,45.434942100654794,1.1333744519140838,0.5129344389924688
109.21784432739553,45.51583210065479,1.1871445557846756,0.44576895115042164
109.37962432739552,45.51583210065479,1.1333744519140838,0.49667410758728686
109.46051432739553,45.59672210065479,1.1915379023008432,0.44576895115042164
109.70318432739553,45.59672210065479,1.1333744519140838,0.5249193769090407
109.78407432739552,45.677612100654784,1.1871445557846756,0.46738991979306066
109.94585432739554,45.677612100654784,1.1333744519140838,0.5129344389924688
110.02674432739552,45.758502100654795,1.1915379023008432,0.44576895115042164
110.26941432739552,45.758502100654795,1.1333744519140838,0.5249193769090407
110.35030432739553,45.83939210065479,1.1871445557846756,0.46738991979306066
110.51208432739553,45.83939210065479,1.1333744519140838,0.5129344389924688
110.59297432739554,45.92028210065479,1.1871445557846756,0.44576895115042164
110.75475432739553,45.92028210065479,1.1333744519140838,0.49667410758728686
110.83564432739551,46.001172100654784,1.1915379023008432,0.44576895115042164
111.07831432739552,46.001172100654784,1.1333744519140838,0.5129344389924688
111.15920432739553,46.082062100654795,1.1871445557846756,0.44576895115042164
111.32098432739552,46.082062100654795,1.1333744519140838,0.49667410758728686
111.40187432739553,46.16295210065479,1.1915379023008432,0.44576895115042164
111.64454432739554,46.16295210065479,1.1333744519140838,0.5249193769090407
111.72543432739552,46.24384210065479,1.1871445557846756,0.46738991979306066
111.88721432739554,46.24384210065479,1.1333744519140838,0.5129344389924688
111.96810432739552,46.324732100654785,1.1871445557846756,0.44576895115042164
112.12988432739552,46.324732100654785,1.1333744519140838,0.49667410758728686
112.21077432739553,46.405622100654796,1.1915379023008432,0.44576895115042164
112.45344432739553,46.405622100654796,1.1333744519140838,0.5129344389924688
112.53433432739551,46.48651210065479,1.1871445557846756,0.44576895115042164
112.69611432739553,46.48651210065479,1.1333744519140838,0.49667410758728686
112.77700432739552,46.56740210065479,1.1915379023008432,0.44576895115042164
113.01967432739552,46.56740210065479,1.1333744519140838,0.5249193769090407
113.10056432739553,46.648292100654785,1.1871445557846756,0.46738991979306066
113.26234432739552,46.648292100654785,1.1333744519140838,0.5129344389924688
113.34323432739554,46.72918210065478,1.1871445557846756,0.44576895115042164
113.50501432739553,46.72918210065478,1.1333744519140838,0.49667410758728686
113.58590432739554,46.81007210065479,1.1915379023008432,0.44576895115042164
113.82857432739551,46.81007210065479,1.1333744519140838,0.5249193769090407
113.90946432739553,46.89096210065479,1.1871445557846756,0.46738991979306066
114.07124432739552,46.89096210065479,1.1333744519140838,0.5129344389924688
114.15213432739553,46.971852100654786,1.1871445557846756,0.44576895115042164
114.31391432739552,46.971852100654786,1.1333744519140838,0.49667410758728686
114.39480432739553,47.05274210065478,1.1915379023008432,0.44576895115042164
114.63747432739554,47.05274210065478,1.1333744519140838,0.5249193769090407
114.71836432739552,47.13363210065479,1.1871445557846756,0.46738991979306066
114.88014432739551,47.13363210065479,1.1333744519140838,0.5129344389924688
114.96103432739552,47.21452210065479,1.1871445557846756,0.44576895115042164
115.12281432739552,47.21452210065479,1.1333744519140838,0.49667410758728686
115.20370432739553,47.29541210065479,1.1915379023008432,0.44576895115042164
115.44637432739553,47.29541210065479,1.1333744519140838,0.5249193769090407
115.52726432739551,47.37630210065478,1.1871445557846756,0.46738991979306066
115.68904432739554,47.37630210065478,1.1333744519140838,0.5129344389924688
115.76993432739552,47.457192100654794,1.1871445557846756,0.44576895115042164
115.93171432739554,47.457192100654794,1.1333744519140838,0.49667410758728686
116.01260432739552,47.53808210065479,1.1871445557846756,0.44576895115042164
116.17438432739552,47.53808210065479,1.1333744519140838,0.49667410758728686
116.25527432739553,47.61897210065479,1.1915379023008432,0.44576895115042164
116.49794432739553,47.61897210065479,1.1333744519140838,0.5249193769090407
116.57883432739554,47.699862100654784,1.1871445557846756,0.46738991979306066
116.74061432739553,47.699862100654784,1.1333744519140838,0.5249193769090407
116.82150432739552,47.780752100654794,1.1871445557846756,0.46738991979306066
116.98328432739554,47.780752100654794,1.1333744519140838,0.5129344389924688
117.06417432739552,47.86164210065479,1.1871445557846756,0.44576895115042164
117.22595432739551,47.86164210065479,1.1333744519140838,0.49667410758728686
117.30684432739552,47.94253210065479,1.1871445557846756,0.44576895115042164
117.46862432739552,47.94253210065479,1.1333744519140838,0.49667410758728686
117.54951432739553,48.023422100654784,1.1871445557846756,0.44576895115042164
117.71129432739552,48.023422100654784,1.1333744519140838,0.49667410758728686
117.79218432739553,48.104312100654795,1.1871445557846756,0.44576895115042164
117.95396432739552,48.104312100654795,1.1333744519140838,0.49667410758728686
118.03485432739554,48.18520210065479,1.1915379023008432,0.44576895115042164
118.27752432739554,48.18520210065479,1.1333744519140838,0.5249193769090407
118.35841432739552,48.26609210065479,1.1871445557846756,0.46738991979306066
118.52019432739552,48.26609210065479,1.1333744519140838,0.5249193769090407
118.60108432739553,48.346982100654785,1.1871445557846756,0.46738991979306066
118.76286432739552,48.346982100654785,1.1333744519140838,0.5249193769090407
118.84375432739553,48.427872100654795,1.1871445557846756,0.46738991979306066
119.00553432739552,48.427872100654795,1.1333744519140838,0.5249193769090407
119.08642432739553,48.50876210065479,1.1871445557846756,0.46738991979306066
119.24820432739553,48.50876210065479,1.1333744519140838,0.5249193769090407
119.32909432739554,48.58965210065479,1.1871445557846756,0.46738991979306066
119.49087432739553,48.58965210065479,1.1333744519140838,0.5249193769090407
119.57176432739551,48.670542100654785,1.1871445557846756,0.46738991979306066
119.73354432739553,48.670542100654785,1.1333744519140838,0.5129344389924688
119.81443432739552,48.751432100654796,1.1871445557846756,0.44576895115042164
119.97621432739554,48.751432100654796,1.1333744519140838,0.49667410758728686
120.05710432739552,48.83232210065479,1.1871445557846756,0.44576895115042164
120.21888432739551,48.83232210065479,1.1333744519140838,0.49667410758728686
120.29977432739553,48.91321210065479,1.1871445557846756,0.44576895115042164
120.46155432739552,48.91321210065479,1.1333744519140838,0.49667410758728686
120.54244432739553,48.994102100654786,1.1871445557846756,0.44576895115042164
120.70422432739552,48.994102100654786,1.1333744519140838,0.49667410758728686
120.78511432739553,49.07499210065478,1.1871445557846756,0.44576895115042164
120.94689432739553,49.07499210065478,1.1333744519140838,0.49667410758728686
121.02778432739554,49.15588210065479,1.1871445557846756,0.44576895115042164
121.18956432739553,49.15588210065479,1.1333744519140838,0.49667410758728686
121.27045432739554,49.23677210065479,1.1871445557846756,0.44576895115042164
121.43223432739553,49.23677210065479,1.1333744519140838,0.49667410758728686
121.51312432739552,49.317662100654786,1.1871445557846756,0.44576895115042164
121.67490432739554,49.317662100654786,1.1333744519140838,0.49667410758728686
121.75579432739552,49.39855210065478,1.1871445557846756,0.44576895115042164
121.91757432739551,49.39855210065478,1.1333744519140838,0.49667410758728686
121.99846432739552,49.47944210065479,1.1871445557846756,0.44576895115042164
122.16024432739552,49.47944210065479,1.1333744519140838,0.49667410758728686
122.24113432739553,49.56033210065479,1.1871445557846756,0.44576895115042164
122.40291432739552,49.56033210065479,1.1333744519140838,0.49667410758728686
122.48380432739553,49.64122210065479,1.1871445557846756,0.44576895115042164
122.64558432739553,49.64122210065479,1.1333744519140838,0.49667410758728686
122.72647432739554,49.72211210065478,1.1915379023008432,0.44576895115042164
122.96914432739554,49.72211210065478,1.1333744519140838,0.5249193769090407
123.05003432739552,49.803002100654794,1.1871445557846756,0.46738991979306066
123.21181432739552,49.803002100654794,1.1333744519140838,0.5249193769090407
123.29270432739553,49.88389210065479,1.1871445557846756,0.46738991979306066
123.45448432739552,49.88389210065479,1.1333744519140838,0.5249193769090407
123.53537432739553,49.96478210065479,1.1871445557846756,0.46738991979306066
123.69715432739552,49.96478210065479,1.1333744519140838,0.5249193769090407
123.77804432739553,50.045672100654784,1.1871445557846756,0.46738991979306066
123.93982432739553,50.045672100654784,1.1333744519140838,0.5249193769090407
124.02071432739554,50.126562100654795,1.1871445557846756,0.46738991979306066
124.18249432739553,50.126562100654795,1.1333744519140838,0.5249193769090407
124.26338432739551,50.20745210065479,1.1871445557846756,0.46738991979306066
124.42516432739554,50.20745210065479,1.1333744519140838,0.5249193769090407
124.50605432739552,50.28834210065479,1.1871445557846756,0.46738991979306066
124.66783432739554,50.28834210065479,1.1333744519140838,0.5129344389924688
124.74872432739552,50.369232100654784,1.1871445557846756,0.44576895115042164
124.91050432739551,50.369232100654784,1.1333744519140838,0.49667410758728686
124.99139432739553,50.450122100654795,1.1871445557846756,0.44576895115042164
125.15317432739552,50.450122100654795,1.1333744519140838,0.49667410758728686
125.23406432739553,50.53101210065479,1.1871445557846756,0.44576895115042164
125.39584432739552,50.53101210065479,1.1333744519140838,0.49667410758728686
125.47673432739553,50.61190210065479,1.1871445557846756,0.44576895115042164
125.63851432739553,50.61190210065479,1.1333744519140838,0.49667410758728686
125.71940432739554,50.692792100654785,1.1871445557846756,0.44576895115042164
125.88118432739553,50.692792100654785,1.1333744519140838,0.49667410758728686
125.96207432739554,50.773682100654796,1.1871445557846756,0.44576895115042164
126.12385432739553,50.773682100654796,1.1333744519140838,0.49667410758728686
126.20474432739552,50.85457210065479,1.1871445557846756,0.44576895115042164
126.36652432739554,50.85457210065479,1.1333744519140838,0.49667410758728686
126.44741432739552,50.93546210065479,1.1871445557846756,0.46311473377205864
126.60919432739551,50.93546210065479,1.1333744519140838,0.5249193769090407
126.69008432739552,51.016352100654785,1.184943008232976,0.46738991979306066
126.77097432739554,51.016352100654785,1.147004309599664,0.49667410758728686
126.85186432739552,51.097242100654796,1.1871445557846756,0.44576895115042164
127.01364432739554,51.097242100654796,1.1333744519140838,0.49667410758728686
127.09453432739552,51.17813210065479,1.1871445557846756,0.44576895115042164
127.25631432739551,51.17813210065479,1.1333744519140838,0.49667410758728686
127.33720432739553,51.25902210065479,1.1871445557846756,0.44576895115042164
127.49898432739552,51.25902210065479,1.1333744519140838,0.49667410758728686
127.57987432739553,51.339912100654786,1.1871445557846756,0.44576895115042164
127.74165432739552,51.339912100654786,1.1333744519140838,0.49667410758728686
127.82254432739553,51.42080210065478,1.1871445557846756,0.44576895115042164
127.98432432739553,51.42080210065478,1.1333744519140838,0.49667410758728686
128.06521432739555,51.50169210065479,1.1915379023008432,0.44576895115042164
128.30788432739553,51.50169210065479,1.1333744519140838,0.5129344389924688
128.38877432739554,51.58258210065479,1.1915379023008432,0.44576895115042164
128.79322432739554,51.58258210065479,1.15602,0.5249193769090407
128.87411432739555,51.663472100654786,1.23691,0.46738991979306066
