# s_m;x_m;y_m;psi_rad;kappa_radpm;vx_mps;ax_mps2
0.000000;130.249244;51.825252;-0.336174;-0.658112;4.586753;-1.893322
0.199962;130.430347;51.748944;-0.459352;-0.596498;4.503457;-1.510556
0.399923;130.603459;51.650511;-0.573045;-0.547143;4.435878;-1.139965
0.599885;130.766605;51.532336;-0.679555;-0.512355;4.384190;-0.780935
0.799846;130.917810;51.396802;-0.781381;-0.492685;4.348425;-0.427015
0.999808;131.055099;51.246292;-0.881072;-0.488143;4.328745;-0.075573
1.199769;131.176497;51.083190;-0.981188;-0.498817;4.325252;0.252606
1.399731;131.280028;50.909879;-1.084313;-0.525041;4.336915;0.563798
1.599692;131.363719;50.728743;-1.193056;-0.567132;4.362832;0.861670
1.799654;131.425593;50.542165;-1.309999;-0.624605;4.402148;1.147510
1.999615;131.463669;50.352574;-1.437419;-0.687558;4.453967;1.420175
2.199577;131.476878;50.162608;-1.563528;-0.630992;4.517276;1.675874
2.399538;131.467253;49.972246;4.606595;-0.552518;4.590861;1.908048
2.599500;131.437253;49.781882;4.508315;-0.467097;4.673230;2.107933
2.799462;131.389333;49.591912;4.424959;-0.384912;4.762572;2.266776
2.999423;131.325950;49.402733;4.355708;-0.310916;4.856812;2.571891
3.199385;131.249562;49.214741;4.299337;-0.246318;4.961571;2.745683
3.399346;131.162624;49.028331;4.254580;-0.190225;5.071020;2.884449
3.599308;131.067594;48.843900;4.220343;-0.140763;5.183513;2.944832
3.799269;130.966928;48.661844;4.195806;-0.095649;5.295895;2.934922
3.999231;130.863093;48.482574;4.180441;-0.056152;5.405576;2.975768
4.199192;130.758089;48.306491;4.168892;-0.056462;5.514556;3.111101
4.399154;130.652060;48.133254;4.157420;-0.056449;5.626236;3.260023
4.599115;130.544919;47.962608;4.146075;-0.056101;5.740931;3.401504
4.799077;130.436580;47.794293;4.134909;-0.055415;5.858210;3.517482
4.999038;130.326959;47.628053;4.123970;-0.054391;5.977069;3.589805
5.199000;130.215969;47.463630;4.113309;-0.053036;6.095982;3.662226
5.398962;130.103523;47.300768;4.102973;-0.051367;6.214950;3.690446
5.598923;129.989538;47.139209;4.093006;-0.049403;6.332575;3.665642
5.798885;129.873925;46.978696;4.083450;-0.047171;6.447284;3.589036
5.998846;129.756616;46.818991;4.074345;-0.044513;6.557653;3.466136
6.198808;129.637709;46.660057;4.065947;-0.040132;6.662507;3.303139
6.398769;129.517211;46.501646;4.058386;-0.035868;6.760917;3.105248
6.598731;129.395299;46.343732;4.051647;-0.031709;6.852143;2.901021
6.798692;129.272149;46.186285;4.045717;-0.027640;6.936285;2.698744
6.998654;129.147937;46.029277;4.040584;-0.023647;7.013654;2.498300
7.198615;129.022839;45.872681;4.036239;-0.019717;7.084523;2.299652
7.398577;128.897032;45.716468;4.032675;-0.015835;7.149136;2.102821
7.598538;128.770692;45.560609;4.029884;-0.011986;7.207712;1.907861
7.798500;128.643996;45.405077;4.027864;-0.008156;7.260449;1.714855
7.998462;128.517113;45.249835;4.026609;-0.004604;7.307525;1.523903
8.198423;128.390130;45.094784;4.025796;-0.003507;7.349107;1.335117
8.398385;128.263146;44.939953;4.025204;-0.002404;7.385344;1.148616
8.598346;128.136179;44.785295;4.024834;-0.001296;7.416379;0.964523
8.798308;128.009247;44.630762;4.024686;-0.000183;7.442339;0.782966
8.998269;127.882369;44.476306;4.024761;0.000932;7.463346;0.604071
9.198231;127.755562;44.321878;4.025059;0.002048;7.479513;0.427965
9.398192;127.628847;44.167432;4.025580;0.003165;7.490946;0.254774
9.598154;127.502240;44.012920;4.026323;0.004281;7.497744;0.084622
9.798115;127.375760;43.858292;4.027290;0.005394;7.500000;0.000000
9.998077;127.249428;43.703506;4.028478;0.006474;7.500000;0.000000
10.198038;127.123282;43.548542;4.029855;0.007306;7.500000;0.000000
10.398000;126.997332;43.393355;4.031398;0.008138;7.500000;0.000000
10.597961;126.871608;43.237930;4.033108;0.008970;7.500000;0.000000
10.797923;126.746139;43.082252;4.034985;0.009803;7.500000;0.000000
10.997885;126.620957;42.926305;4.037029;0.010636;7.500000;0.000000
11.197846;126.496092;42.770072;4.039239;0.011471;7.500000;0.000000
11.397808;126.371574;42.613539;4.041617;0.012306;7.500000;0.000000
11.597769;126.247434;42.456690;4.044162;0.013142;7.500000;0.000000
11.797731;126.123701;42.299508;4.046875;0.013979;7.500000;0.000000
11.997692;126.000408;42.141981;4.049748;0.014146;7.500000;0.000000
12.197654;125.877555;41.984143;4.052054;0.008918;7.500000;0.000000
12.397615;125.754986;41.826090;4.053315;0.003689;7.500000;0.000000
12.597577;125.632538;41.667952;4.053530;-0.001541;7.500000;0.000000
12.797538;125.510048;41.509861;4.052698;-0.006772;7.500000;0.000000
12.997500;125.387354;41.351948;4.050821;-0.012005;7.500000;0.000000
13.197461;125.264293;41.194345;4.047897;-0.017242;7.500000;0.000000
13.397423;125.140701;41.037183;4.043926;-0.022482;7.500000;0.000000
13.597385;125.016416;40.880593;4.038907;-0.027723;7.500000;0.000000
13.797346;124.891276;40.724707;4.032842;-0.032965;7.500000;0.000000
13.997308;124.765113;40.569651;4.025745;-0.036695;7.500000;0.000000
14.197269;124.637839;40.415456;4.019215;-0.028631;7.500000;0.000000
14.397231;124.509678;40.261984;4.014296;-0.020566;7.500000;0.000000
14.597192;124.380880;40.109032;4.010990;-0.012504;7.500000;0.000000
14.797154;124.251693;39.956395;4.009295;-0.004445;7.500000;0.000000
14.997115;124.122367;39.803869;4.009212;0.003612;7.500000;0.000000
15.197077;123.993151;39.651249;4.010740;0.011670;7.500000;0.000000
15.397038;123.864294;39.498331;4.013880;0.019729;7.500000;0.000000
15.597000;123.736045;39.344910;4.018631;0.027790;7.500000;0.000000
15.796961;123.608653;39.190781;4.024993;0.035850;7.500000;0.000000
15.996923;123.482369;39.035745;4.032944;0.041945;7.500000;0.000000
16.196885;123.357344;38.879717;4.040482;0.033456;7.500000;0.000000
16.396846;123.233351;38.722839;4.046323;0.024971;7.500000;0.000000
16.596808;123.110131;38.565328;4.050469;0.016492;7.500000;0.000000
16.796769;122.987423;38.407401;4.052920;0.008020;7.500000;0.000000
16.996731;122.864965;38.249273;4.053677;-0.000450;7.500000;0.000000
17.196692;122.742497;38.091161;4.052740;-0.008922;7.500000;0.000000
17.396654;122.619757;37.933282;4.050108;-0.017398;7.500000;0.000000
17.596615;122.496486;37.775851;4.045781;-0.025884;7.500000;0.000000
17.796577;122.372421;37.619086;4.039758;-0.034378;7.500000;0.000000
17.996538;122.247295;37.463193;4.032060;-0.040913;7.500000;0.000000
18.196500;122.120909;37.308227;4.024648;-0.033214;7.500000;0.000000
18.396461;121.993504;37.154112;4.018777;-0.025506;7.500000;0.000000
18.596423;121.865316;37.000651;4.014448;-0.017796;7.500000;0.000000
18.796385;121.736581;36.847645;4.011660;-0.010085;7.500000;0.000000
18.996346;121.607537;36.694898;4.010415;-0.002375;7.500000;0.000000
19.196308;121.478420;36.542211;4.010711;0.005336;7.500000;0.000000
19.396269;121.349466;36.389387;4.012548;0.013046;7.500000;0.000000
19.596231;121.220911;36.236228;4.015928;0.020756;7.500000;0.000000
19.796192;121.092993;36.082535;4.020849;0.028465;7.500000;0.000000
19.996154;120.965956;35.928124;4.027291;0.034593;7.500000;0.000000
20.196115;120.840002;35.772936;4.033761;0.030152;7.500000;0.000000
20.396077;120.714971;35.616975;4.039344;0.025711;7.500000;0.000000
20.596038;120.590728;35.460352;4.044041;0.021274;7.500000;0.000000
20.796000;120.467136;35.303182;4.047851;0.016840;7.500000;0.000000
20.995961;120.344058;35.145578;4.050775;0.012409;7.500000;0.000000
21.195923;120.221359;34.987652;4.052814;0.007983;7.500000;0.000000
21.395885;120.098903;34.829518;4.053968;0.003558;7.500000;0.000000
21.595846;119.976553;34.671289;4.054238;-0.000864;7.500000;0.000000
21.795808;119.854173;34.513077;4.053623;-0.005287;7.500000;0.000000
21.995769;119.731627;34.354996;4.052129;-0.009243;7.500000;0.000000
22.195731;119.608797;34.197128;4.050190;-0.010148;7.500000;0.000000
22.395692;119.485654;34.039518;4.048070;-0.011053;7.500000;0.000000
22.595654;119.362170;33.882189;4.045768;-0.011959;7.500000;0.000000
22.795615;119.238318;33.725167;4.043286;-0.012866;7.500000;0.000000
22.995577;119.114072;33.568477;4.040622;-0.013774;7.500000;0.000000
23.195538;118.989405;33.412142;4.037777;-0.014683;7.500000;0.000000
23.395500;118.864291;33.256187;4.034751;-0.015592;7.500000;0.000000
23.595461;118.738703;33.100638;4.031543;-0.016502;7.500000;0.000000
23.795423;118.612615;32.945519;4.028153;-0.017413;7.500000;0.000000
23.995385;118.485994;32.790848;4.024591;-0.017548;7.500000;0.000000
24.195346;118.358831;32.636583;4.021564;-0.012741;7.500000;0.000000
24.395308;118.231281;32.482648;4.019497;-0.007932;7.500000;0.000000
24.595269;118.103488;32.328917;4.018392;-0.003121;7.500000;0.000000
24.795231;117.975595;32.175262;4.018249;0.001689;7.500000;0.000000
24.995192;117.847748;32.021556;4.019068;0.006498;7.500000;0.000000
25.195154;117.720089;31.867670;4.020847;0.011304;7.500000;0.000000
25.395115;117.592763;31.713477;4.023588;0.016105;7.500000;0.000000
25.595077;117.465914;31.558850;4.027289;0.020900;7.500000;0.000000
25.795038;117.339685;31.403660;4.031948;0.025685;7.500000;0.000000
25.995000;117.214222;31.247784;4.037540;0.028695;7.500000;0.000000
26.194961;117.089592;31.091192;4.042521;0.021083;7.500000;-0.094982
26.394923;116.965599;30.934045;4.045981;0.013490;7.497467;-0.306901
26.594885;116.842024;30.776555;4.047922;0.005907;7.489278;-0.505969
26.794846;116.718648;30.618934;4.048346;-0.001675;7.475756;-0.708001
26.994808;116.595252;30.461396;4.047251;-0.009269;7.456794;-0.910895
27.194769;116.471616;30.304155;4.044636;-0.016885;7.432328;-1.195145
27.394731;116.347521;30.147422;4.040497;-0.024532;7.400103;-1.515184
27.594692;116.222749;29.991410;4.034829;-0.032220;7.359047;-1.789497
27.794654;116.097079;29.836333;4.027627;-0.039953;7.310261;-2.018619
27.994615;115.970291;29.682400;4.018932;-0.044475;7.254834;-2.201463
28.194577;115.842307;29.529651;4.011507;-0.030022;7.193900;-2.335497
28.394538;115.713461;29.377728;4.006974;-0.015486;7.128687;-2.417054
28.594500;115.584141;29.226196;4.005339;-0.000927;7.060563;-2.441930
28.794461;115.454732;29.074616;4.006603;0.013599;6.991063;-2.420435
28.994423;115.325620;28.922552;4.010758;0.028038;6.921487;-2.398861
29.194385;115.197190;28.769564;4.017789;0.042330;6.851833;-2.344017
29.394346;115.069830;28.615217;4.027673;0.056408;6.783081;-2.259646
29.594308;114.943924;28.459072;4.040376;0.070191;6.716138;-2.149990
29.794269;114.819859;28.300692;4.055854;0.083582;6.651817;-2.019179
29.994231;114.698059;28.139693;4.073907;0.088026;6.590839;-1.870863
30.194192;114.578706;27.976340;4.087473;0.046308;6.533832;-1.708029
30.394154;114.460634;27.811513;4.092711;0.005436;6.481348;-1.532930
30.594115;114.342750;27.646563;4.089681;-0.035396;6.433881;-1.347064
30.794077;114.223958;27.482841;4.078334;-0.077012;6.391878;-1.168119
30.994038;114.103166;27.321698;4.058515;-0.120156;6.355230;-0.996570
31.194000;113.979279;27.164482;4.029980;-0.165376;6.323796;-0.831592
31.393961;113.851203;27.012546;3.992440;-0.212860;6.297445;-0.672439
31.593923;113.717844;26.867239;3.945616;-0.262205;6.276057;-0.518430
31.793884;113.578107;26.729912;3.889344;-0.312151;6.259518;-0.368946
31.993846;113.430762;26.601801;3.823760;-0.350275;6.247721;-0.223419
32.193808;113.274386;26.483246;3.757732;-0.322117;6.240566;-0.081324
32.393769;113.110419;26.374544;3.697281;-0.292222;6.237960;0.079029
32.593731;112.939682;26.275009;3.642511;-0.262055;6.240492;0.255755
32.793692;112.762998;26.183953;3.593363;-0.232640;6.248682;0.422994
32.993654;112.581188;26.100691;3.549672;-0.204596;6.262203;0.594722
33.193615;112.395076;26.024535;3.511211;-0.178213;6.281165;0.770042
33.393577;112.205482;25.954798;3.477731;-0.153534;6.305632;1.018768
33.593538;112.013229;25.890794;3.448986;-0.130429;6.337856;1.305511
33.793500;111.819140;25.831835;3.424758;-0.108647;6.378913;1.562268
33.993461;111.624178;25.777275;3.404843;-0.089670;6.427699;1.789349
34.193423;111.429427;25.726592;3.387907;-0.078578;6.483125;1.984871
34.393384;111.234392;25.679110;3.373273;-0.067179;6.544059;2.144833
34.593346;111.039126;25.634349;3.360977;-0.055547;6.609272;2.263305
34.793308;110.843680;25.591828;3.351044;-0.043740;6.677397;2.332910
34.993269;110.648106;25.551067;3.343496;-0.031809;6.746896;2.359686
35.193231;110.452455;25.511584;3.338345;-0.019789;6.816473;2.386544
35.393192;110.256780;25.472900;3.335602;-0.007711;6.886126;2.379446
35.593154;110.061133;25.434533;3.335271;0.004401;6.954878;2.339572
35.793115;109.865564;25.396004;3.337357;0.016523;7.021822;2.269007
35.993077;109.670046;25.356816;3.341803;0.025827;7.086142;2.170222
36.193038;109.474371;25.316595;3.346777;0.023974;7.147121;2.045706
36.393000;109.278852;25.275428;3.351383;0.022122;7.204128;1.897735
36.592961;109.083473;25.233389;3.355619;0.020271;7.256611;1.728232
36.792923;108.888222;25.190548;3.359486;0.018422;7.304079;1.538677
36.992884;108.693082;25.146978;3.362984;0.016574;7.346082;1.349718
37.192846;108.498041;25.102750;3.366115;0.014729;7.382730;1.163035
37.392808;108.303082;25.057937;3.368877;0.012886;7.414164;0.978750
37.592769;108.108192;25.012611;3.371271;0.011046;7.440514;0.796990
37.792731;107.913356;24.966843;3.373298;0.009208;7.461902;0.617883
37.992692;107.718647;24.920726;3.374961;0.007571;7.478442;0.441556
38.192654;107.524250;24.874369;3.376376;0.006586;7.490239;0.268133
38.392615;107.329876;24.827747;3.377594;0.005602;7.497394;0.097740
38.592577;107.135521;24.780900;3.378616;0.004619;7.500000;0.000000
38.792538;106.941180;24.733866;3.379441;0.003638;7.500000;0.000000
38.992500;106.746849;24.686685;3.380071;0.002657;7.500000;0.000000
39.192461;106.552524;24.639396;3.380504;0.001678;7.500000;0.000000
39.392423;106.358201;24.592038;3.380742;0.000699;7.500000;0.000000
39.592384;106.163874;24.544650;3.380784;-0.000280;7.500000;0.000000
39.792346;105.969540;24.497273;3.380630;-0.001259;7.500000;0.000000
39.992308;105.775195;24.449944;3.380275;-0.002431;7.500000;0.000000
40.192269;105.580832;24.402714;3.379613;-0.004189;7.500000;0.000000
40.392231;105.386437;24.355648;3.378599;-0.005948;7.500000;0.000000
40.592192;105.191997;24.308816;3.377234;-0.007708;7.500000;0.000000
40.792154;104.997498;24.262287;3.375516;-0.009468;7.500000;0.000000
40.992115;104.802925;24.216130;3.373447;-0.011230;7.500000;0.000000
41.192077;104.608267;24.170414;3.371025;-0.012993;7.500000;0.000000
41.392038;104.413507;24.125208;3.368251;-0.014757;7.500000;0.000000
41.592000;104.218635;24.080581;3.365124;-0.016523;7.500000;0.000000
41.791961;104.023634;24.036602;3.361645;-0.018289;7.500000;0.000000
41.991923;103.828393;23.993317;3.357856;-0.018345;7.500000;0.000000
42.191884;103.632736;23.950675;3.354661;-0.013557;7.500000;-0.259247
42.391846;103.436996;23.908572;3.352426;-0.008769;7.493085;-0.561013
42.591808;103.241227;23.866821;3.351150;-0.003979;7.478099;-0.865028
42.791769;103.045483;23.825239;3.350834;0.000818;7.454932;-1.160995
42.991731;102.849819;23.783641;3.351478;0.005624;7.423726;-1.426565
43.191692;102.654290;23.741841;3.353084;0.010443;7.385201;-1.662712
43.391654;102.458949;23.699655;3.355654;0.015276;7.340043;-1.869481
43.591615;102.263851;23.656897;3.359189;0.020128;7.288936;-2.046122
43.791577;102.069050;23.613383;3.363692;0.024999;7.232585;-2.191220
43.991538;101.874654;23.568943;3.369069;0.026618;7.171748;-2.302885
44.191500;101.680726;23.523553;3.373747;0.020354;7.107250;-2.379021
44.391461;101.487009;23.477383;3.377174;0.014051;7.039998;-2.417752
44.591423;101.293364;23.430657;3.379343;0.007734;6.970987;-2.418045
44.791384;101.099653;23.383599;3.380256;0.001426;6.901277;-2.397786
44.991346;100.905737;23.336433;3.379913;-0.004848;6.831449;-2.376008
45.191308;100.711479;23.289383;3.378322;-0.011067;6.761544;-2.363390
45.391269;100.516740;23.242672;3.375489;-0.017208;6.691285;-2.358032
45.591231;100.321381;23.196525;3.371426;-0.023247;6.620443;-2.357747
45.791192;100.125266;23.151165;3.366149;-0.029163;6.548843;-2.360206
45.991154;99.928289;23.106829;3.359445;-0.042119;6.476376;-2.360796
46.191115;99.730489;23.064125;3.348049;-0.070552;6.403071;-2.355672
46.391077;99.532018;23.024235;3.330844;-0.099567;6.329078;-2.341871
46.591038;99.333119;22.988414;3.307705;-0.129631;6.254651;-2.316476
46.791000;99.134033;22.957914;3.278456;-0.161083;6.180149;-2.291000
46.990961;98.935001;22.933990;3.242884;-0.194074;6.105573;-2.239999
47.190923;98.736266;22.917895;3.200779;-0.228483;6.031765;-2.117261
47.390884;98.538070;22.910883;3.151970;-0.263811;5.961162;-1.934702
47.590846;98.340653;22.914206;3.096384;-0.299073;5.895907;-1.736639
47.790808;98.144258;22.929120;3.034113;-0.332723;5.836711;-1.549733
47.990769;97.948660;22.956950;2.965745;-0.350090;5.783375;-1.692522
48.190731;97.753939;22.998543;2.896812;-0.342584;5.724556;-1.842750
48.390692;97.561985;23.053491;2.828938;-0.337595;5.659822;-1.733498
48.590654;97.373788;23.121407;2.761665;-0.335187;5.598243;-1.527841
48.790615;97.190337;23.201903;2.694528;-0.335366;5.543402;-1.290213
48.990577;97.012623;23.294593;2.627066;-0.338084;5.496664;-1.062094
49.190538;96.841636;23.399088;2.558827;-0.343240;5.457890;-0.844469
49.390500;96.678364;23.515001;2.489378;-0.350667;5.426863;-0.637311
49.590461;96.523799;23.641944;2.418312;-0.360108;5.403329;-0.441657
49.790423;96.378929;23.779531;2.345265;-0.371185;5.386960;-0.259396
49.990384;96.245185;23.926783;2.271773;-0.346261;5.377322;-0.093146
50.190346;96.122181;24.082308;2.210683;-0.269680;5.373857;0.053856
50.390307;96.007149;24.244958;2.164561;-0.193703;5.375861;0.177917
50.590269;95.897929;24.412816;2.133183;-0.120148;5.382475;0.275163
50.790231;95.792357;24.583965;2.116219;-0.048921;5.392688;0.342028
50.990192;95.688271;24.756488;2.113428;0.021144;5.405355;0.390308
51.190154;95.583510;24.928469;2.124760;0.091616;5.419775;0.435281
51.390115;95.475911;25.097992;2.150368;0.163883;5.435810;0.485981
51.590077;95.363312;25.263138;2.190545;0.238546;5.453658;0.541513
51.790038;95.243550;25.421992;2.245569;0.314654;5.473477;0.600562
51.990000;95.114510;25.572654;2.313843;0.351610;5.495374;0.661509
52.189961;94.975371;25.714023;2.382177;0.337217;5.519392;0.720561
52.389923;94.826864;25.845962;2.447748;0.322908;5.545435;0.752380
52.589884;94.669825;25.968383;2.510683;0.309284;5.572499;0.732070
52.789846;94.505085;26.081198;2.571176;0.296795;5.598707;0.696650
52.989807;94.333480;26.184316;2.629473;0.285765;5.623533;0.656484
53.189769;94.155841;26.277650;2.685856;0.276420;5.646828;0.589539
53.389731;93.973004;26.361110;2.740633;0.268915;5.667666;0.453075
53.589692;93.785801;26.434607;2.794130;0.263360;5.683629;0.256977
53.789654;93.595065;26.498053;2.846686;0.259839;5.692663;0.044140
53.989615;93.401597;26.551368;2.898634;0.257782;5.694213;-0.156801
54.189577;93.206030;26.594530;2.950030;0.255413;5.688704;-0.026444
54.389538;93.008831;26.627590;3.000868;0.253034;5.687774;0.126803
54.589500;92.810415;26.650616;3.051184;0.250729;5.692230;0.231760
54.789461;92.611195;26.663673;3.101028;0.248575;5.700366;0.267826
54.989423;92.411587;26.666831;3.150459;0.246631;5.709753;0.282795
55.189384;92.212005;26.660155;3.199542;0.244946;5.719649;0.343372
55.389346;92.012863;26.643714;3.248347;0.243553;5.731640;0.431636
55.589307;91.814577;26.617573;3.296950;0.242476;5.746679;0.546564
55.789269;91.617559;26.581802;3.345427;0.241724;5.765666;0.674418
55.989231;91.421923;26.536387;3.393959;0.241972;5.789009;0.791239
56.189192;91.228132;26.481331;3.442927;0.244382;5.816275;0.899680
56.389154;91.037292;26.416799;3.492544;0.248421;5.847124;1.002250
56.589115;90.850110;26.342876;3.543084;0.254047;5.881299;1.101342
56.789077;90.667298;26.259645;3.594812;0.261204;5.918626;1.199258
56.989038;90.489563;26.167191;3.647988;0.269816;5.959005;1.284119
57.189000;90.317616;26.065596;3.702854;0.279769;6.001941;1.373494
57.388961;90.152166;25.954945;3.759636;0.290895;6.047527;1.467523
57.588923;89.993922;25.835322;3.818532;0.302953;6.095858;1.566696
57.788884;89.843593;25.706811;3.879702;0.315615;6.147035;1.575021
57.988846;89.701938;25.569600;3.941979;0.301770;6.198058;1.546793
58.188807;89.568717;25.424325;3.997022;0.256337;6.247762;1.519656
58.388769;89.442634;25.272042;4.043116;0.209923;6.296211;1.493729
58.588731;89.322444;25.113924;4.080234;0.164042;6.343473;1.494257
58.788692;89.206902;24.951146;4.108500;0.119423;6.390402;1.546810
58.988654;89.094764;24.784879;4.128091;0.076206;6.438621;1.605680
59.188615;88.984784;24.616298;4.139179;0.034141;6.488296;1.670537
59.388577;88.875718;24.446575;4.141884;-0.007248;6.539578;1.739346
59.588538;88.766322;24.276883;4.136257;-0.048524;6.592547;1.808925
59.788500;88.655351;24.108396;4.122273;-0.090224;6.647188;1.876825
59.988461;88.541711;23.942433;4.101084;-0.108637;6.703409;1.940790
60.188423;88.424885;23.779488;4.079832;-0.103312;6.761055;1.998327
60.388384;88.304909;23.619257;4.059702;-0.097772;6.819900;2.046696
60.588346;88.181963;23.461584;4.040722;-0.092060;6.879648;2.082941
60.788307;88.056230;23.306314;4.022910;-0.086217;6.939926;2.103947
60.988269;87.927890;23.153290;4.006283;-0.080278;7.000285;2.125027
61.188231;87.797127;23.002358;3.990850;-0.074273;7.060725;2.127939
61.388192;87.664121;22.853361;3.976619;-0.068227;7.120734;1.991525
61.588154;87.529053;22.706144;3.963593;-0.062161;7.176441;1.659369
61.788115;87.392107;22.560551;3.951775;-0.056092;7.222529;1.266270
61.988077;87.253420;22.416390;3.941037;-0.052455;7.257502;0.833076
62.188038;87.113123;22.273590;3.930665;-0.051183;7.280419;0.393389
62.388000;86.971333;22.132199;3.920539;-0.049959;7.291216;-0.052960
62.587961;86.828127;21.992225;3.910653;-0.048783;7.289763;-0.506309
62.787923;86.683583;21.853679;3.901000;-0.047652;7.275862;-0.954170
62.987884;86.537778;21.716569;3.891572;-0.046566;7.249591;-1.375258
63.187846;86.390790;21.580905;3.882363;-0.045524;7.211558;-1.751261
63.387807;86.242697;21.446696;3.873365;-0.044524;7.162835;-2.099711
63.587769;86.093577;21.313953;3.864572;-0.043565;7.103976;-2.418121
63.787731;85.943506;21.182685;3.855979;-0.042646;7.035582;-2.703014
63.987692;85.792634;21.052966;3.847444;-0.044405;6.958335;-2.842960
64.187654;85.640884;20.924810;3.838216;-0.048490;6.876151;-2.900378
64.387615;85.487981;20.798182;3.828195;-0.052433;6.791283;-2.913828
64.587577;85.333717;20.673110;3.817405;-0.056200;6.704940;-2.879299
64.787538;85.177882;20.549623;3.805873;-0.059759;6.618514;-2.844209
64.987500;85.020268;20.427747;3.793631;-0.063080;6.532018;-2.809029
65.187461;84.860664;20.307513;3.780716;-0.066134;6.445453;-2.729122
65.387423;84.698863;20.188946;3.767168;-0.068895;6.360222;-2.612180
65.587384;84.534654;20.072076;3.753030;-0.071340;6.277559;-2.465920
65.787346;84.367829;19.956930;3.738349;-0.073450;6.198514;-2.297056
65.987307;84.198480;19.843764;3.722496;-0.088440;6.123963;-2.110876
66.187269;84.026556;19.733339;3.701627;-0.116033;6.054646;-1.911167
66.387231;83.851920;19.626943;3.674937;-0.145351;5.991195;-1.713127
66.587192;83.674696;19.526067;3.642102;-0.177167;5.933743;-1.525966
66.787154;83.495011;19.432201;3.602702;-0.212119;5.882094;-1.348464
66.987115;83.312991;19.346836;3.556249;-0.250625;5.836073;-1.179543
67.187077;83.128762;19.271464;3.502230;-0.292721;5.795518;-1.018243
67.387038;82.942450;19.207575;3.440172;-0.337821;5.760278;-0.863707
67.587000;82.754180;19.156659;3.369740;-0.384426;5.730217;-0.650049
67.786961;82.564080;19.120209;3.290869;-0.429848;5.707488;-0.332310
67.986923;82.371951;19.099632;3.205667;-0.430678;5.695834;-0.015060
68.186884;82.178037;19.095032;3.126414;-0.385703;5.695305;0.304239
68.386846;81.983059;19.105045;3.055670;-0.338886;5.705977;0.628870
68.586807;81.787408;19.128198;2.993445;-0.293109;5.727973;0.962466
68.786769;81.591478;19.163013;2.939455;-0.250039;5.761474;1.220975
68.986730;81.395662;19.208016;2.893263;-0.210376;5.803695;1.445216
69.186692;81.200352;19.261730;2.854375;-0.174149;5.853277;1.660429
69.386654;81.005941;19.322680;2.822322;-0.140964;5.909729;1.866773
69.586615;80.812823;19.389391;2.796701;-0.110176;5.972559;2.063186
69.786577;80.621389;19.460386;2.777204;-0.080984;6.041240;2.247328
69.986538;80.431842;19.534285;2.763125;-0.062363;6.115173;2.415482
70.186500;80.244227;19.610196;2.751416;-0.053255;6.193654;2.562456
70.386461;80.058415;19.687711;2.741649;-0.043696;6.275837;2.681612
70.586423;79.874089;19.766513;2.733878;-0.033766;6.360705;2.765188
70.786384;79.690930;19.846283;2.728149;-0.023544;6.447048;2.805189
70.986346;79.508618;19.926704;2.724494;-0.013109;6.533475;2.844839
71.186307;79.326836;20.007459;2.722936;-0.002538;6.619970;2.884579
71.386269;79.145265;20.088229;2.723487;0.008090;6.706535;2.876734
71.586230;78.963586;20.168698;2.726150;0.018698;6.791766;2.824749
71.786192;78.781481;20.248548;2.730915;0.029207;6.874429;2.733112
71.986154;78.598770;20.327422;2.737228;0.029386;6.953474;2.606317
72.186115;78.415389;20.405330;2.742185;0.020385;7.028025;2.448301
72.386077;78.231399;20.482615;2.745362;0.011478;7.097342;2.262165
72.586038;78.046989;20.559580;2.746772;0.002641;7.160793;2.065681
72.786000;77.862347;20.636526;2.746420;-0.006147;7.218246;1.871083
72.985961;77.677661;20.713759;2.744313;-0.014909;7.269894;1.678457
73.185923;77.493117;20.791579;2.740450;-0.023666;7.315915;1.487905
73.385884;77.308905;20.870290;2.734831;-0.032437;7.356471;1.299542
73.585846;77.125213;20.950196;2.727452;-0.041239;7.391710;1.113486
73.785807;76.942227;21.031597;2.718308;-0.050084;7.421771;0.929863
73.985769;76.760158;21.114765;2.707974;-0.048116;7.446782;0.748800
74.185730;76.578984;21.199627;2.699493;-0.036660;7.466862;0.535008
74.385692;76.398479;21.285796;2.693308;-0.025179;7.481175;0.272823
74.585654;76.218440;21.372857;2.689422;-0.013683;7.488464;0.023494
74.785615;76.038664;21.460400;2.687836;-0.002179;7.489091;-0.217246
74.985577;75.858946;21.548011;2.688551;0.009332;7.483288;-0.338435
75.185538;75.679083;21.635278;2.691568;0.020849;7.474240;-0.403238
75.385500;75.498872;21.721787;2.696887;0.032366;7.463444;-0.463049
75.585461;75.318109;21.807127;2.704507;0.043877;7.451027;-0.516618
75.785423;75.136591;21.890885;2.714428;0.055363;7.437150;-0.562647
75.985384;74.954116;21.972649;2.726563;0.065332;7.422007;-0.599800
76.185346;74.770557;22.052038;2.740504;0.074098;7.405830;-0.626698
76.385307;74.585852;22.128694;2.756205;0.082939;7.388889;-0.641938
76.585269;74.399940;22.202261;2.773678;0.091849;7.371496;-0.644106
76.785230;74.212758;22.272383;2.792932;0.100807;7.354003;-0.646250
76.985192;74.024247;22.338704;2.813974;0.109782;7.336410;-0.641404
77.185154;73.834345;22.400867;2.836805;0.118726;7.318907;-0.611850
77.385115;73.642991;22.458518;2.861420;0.127577;7.302171;-0.558952
77.585077;73.450124;22.511299;2.887803;0.136256;7.286849;-0.484163
77.785038;73.255683;22.558855;2.915925;0.144666;7.273551;-0.388873
77.985000;73.059824;22.600792;2.945581;0.150321;7.262852;-0.274305
78.184961;72.862653;22.636837;2.976110;0.154389;7.255296;-0.141431
78.384923;72.664306;22.666783;3.007540;0.159063;7.251397;0.000000
78.584884;72.465093;22.690385;3.039969;0.164328;7.251397;0.000000
78.784846;72.265324;22.707398;3.073492;0.170165;7.251397;0.000000
78.984807;72.065310;22.717578;3.108204;0.176549;7.251397;0.000000
79.184769;71.865361;22.720679;3.144192;0.183442;7.251397;0.000000
79.384730;71.665787;22.716457;3.181538;0.190793;7.251397;0.000000
79.584692;71.466898;22.704668;3.220319;0.198532;7.251397;0.000000
79.784654;71.269005;22.685066;3.260597;0.206570;7.251397;0.000000
79.984615;71.072145;22.657385;3.301830;0.202514;7.251397;0.000000
80.184577;70.876480;22.621806;3.340598;0.187228;7.251397;0.000000
80.384538;70.682200;22.578950;3.376286;0.171469;7.251397;0.034327
80.584500;70.489258;22.529428;3.408857;0.155533;7.252344;0.118140
80.784461;70.297606;22.473850;3.438306;0.139644;7.255600;0.192425
80.984423;70.107199;22.412826;3.464655;0.123953;7.260902;0.261834
81.184384;69.917988;22.346966;3.487940;0.108553;7.268109;0.329107
81.384346;69.729926;22.276879;3.508208;0.093481;7.277158;0.393180
81.584307;69.542967;22.203177;3.525507;0.078730;7.287953;0.452923
81.784269;69.357063;22.126468;3.539881;0.064261;7.300370;0.507125
81.984230;69.172176;22.047339;3.552040;0.062195;7.314247;0.554487
82.184192;68.988406;21.965940;3.565356;0.070327;7.329390;0.593616
82.384154;68.805976;21.882031;3.580306;0.078600;7.345567;0.623028
82.584115;68.625113;21.795360;3.596912;0.087022;7.362508;0.641156
82.784077;68.446046;21.705677;3.615195;0.095586;7.379901;0.646372
82.984038;68.269003;21.612729;3.635175;0.104280;7.397394;0.651615
83.184000;68.094211;21.516265;3.656871;0.113076;7.414987;0.537180
83.383961;67.921899;21.416034;3.680295;0.121933;7.429459;0.351105
83.583923;67.752295;21.311784;3.705452;0.130794;7.438903;0.162293
83.783884;67.585626;21.203263;3.732342;0.139585;7.443264;-0.026400
83.983846;67.422088;21.090224;3.760368;0.137680;7.442555;-0.211809
84.183807;67.261663;20.972734;3.786713;0.127262;7.436862;-0.390659
84.383769;67.104146;20.851131;3.810987;0.116682;7.426351;-0.559788
84.583730;66.949308;20.725748;3.833175;0.106041;7.411263;-0.707120
84.783692;66.796919;20.596921;3.853275;0.095415;7.392159;-0.708958
84.983654;66.646749;20.464982;3.871291;0.084861;7.372957;-0.710769
85.183615;66.498571;20.330266;3.887237;0.074415;7.353655;-0.691982
85.383577;66.352153;20.193106;3.901130;0.064099;7.334814;-0.654595
85.583538;66.207268;20.053837;3.912986;0.053917;7.316947;-0.600549
85.783500;66.063686;19.912793;3.922824;0.043866;7.300516;-0.531660
85.983461;65.921349;19.770433;3.931529;0.049063;7.285939;-0.449572
86.183423;65.780469;19.626698;3.943063;0.065596;7.273590;-0.355733
86.383384;65.641556;19.481177;3.957945;0.082409;7.263804;-0.251375
86.583346;65.505245;19.333557;3.976223;0.099594;7.256881;-0.137519
86.783307;65.372166;19.183527;3.997955;0.117204;7.253091;-0.014972
86.983269;65.242953;19.030775;4.023202;0.135243;7.252678;0.000000
87.183230;65.118236;18.874989;4.052022;0.153648;7.252678;0.000000
87.383192;64.998649;18.715856;4.084460;0.172282;7.252678;0.000000
87.583154;64.884823;18.553066;4.120536;0.190908;7.252678;0.000000
87.783115;64.777390;18.386305;4.160231;0.209190;7.252678;0.000000
87.983077;64.676811;18.215028;4.202574;0.209753;7.252678;0.000000
88.183038;64.583263;18.039370;4.243086;0.197335;7.252678;0.000000
88.383000;64.496565;17.859914;4.281183;0.184977;7.252678;-0.000000
88.582961;64.416410;17.677068;4.316899;0.172860;7.252678;0.000000
88.782923;64.342490;17.491241;4.350289;0.161116;7.252678;0.000000
88.982884;64.274497;17.302839;4.381422;0.149830;7.252678;0.000000
89.182846;64.212124;17.112271;4.410377;0.139052;7.252678;0.000000
89.382807;64.155064;16.919945;4.437236;0.128798;7.252678;0.109955
89.582769;64.103009;16.726267;4.462083;0.119063;7.255709;0.131707
89.782730;64.055651;16.531646;4.484998;0.109821;7.259338;0.094963
89.982692;64.012583;16.336007;4.506123;0.101188;7.261953;0.058147
90.182653;63.973514;16.139670;4.525511;0.092451;7.263554;0.020028
90.382615;63.938137;15.942958;4.543090;0.083413;7.264105;-0.020737
90.582577;63.906073;15.745870;4.558825;0.074153;7.263534;-0.065615
90.782538;63.876940;15.548403;4.572689;0.064737;7.261728;-0.131303
90.982500;63.850359;15.350558;4.584663;0.055222;7.258111;-0.195511
91.182461;63.825948;15.152333;4.594737;0.045656;7.252723;-0.256330
91.382423;63.803327;14.953726;4.602906;0.036076;7.245652;-0.332725
91.582384;63.782116;14.754737;4.609168;0.026513;7.236464;-0.421450
91.782346;63.761934;14.555364;4.613526;0.016991;7.224809;-0.519207
91.982307;63.742456;14.356358;4.615577;0.001451;7.210425;-0.622728
92.182269;63.723046;14.157472;4.614008;-0.017144;7.193134;-0.728850
92.382230;63.702937;13.958490;4.608723;-0.035696;7.172844;-0.834584
92.582192;63.681401;13.759585;4.599724;-0.054275;7.149540;-0.937193
92.782153;63.657706;13.560929;4.587001;-0.072931;7.123280;-1.048219
92.982115;63.631122;13.362693;4.570541;-0.091678;7.093794;-1.161095
93.182077;63.600920;13.165049;4.550331;-0.110487;7.060989;-1.153672
93.382038;63.566368;12.968171;4.526367;-0.129268;7.028242;-1.118932
93.582000;63.526738;12.772230;4.498660;-0.147863;6.996335;-1.073295
93.781961;63.481298;12.577399;4.467250;-0.166035;6.965591;-1.018472
93.981923;63.429421;12.384109;4.432856;-0.174636;6.936293;-0.956083
94.181884;63.370768;12.192585;4.397422;-0.179273;6.908675;-0.887635
94.381846;63.305225;12.003156;4.360957;-0.184665;6.882936;-0.814523
94.581807;63.232713;11.816280;4.323337;-0.190779;6.859232;-0.738034
94.781769;63.153152;11.632414;4.284445;-0.197571;6.837683;-0.659361
94.981730;63.066464;11.452016;4.244167;-0.204980;6.818373;-0.571323
95.181692;62.972569;11.275544;4.202403;-0.212927;6.801597;-0.469006
95.381653;62.871387;11.103454;4.159063;-0.221308;6.787795;-0.352050
95.581615;62.762841;10.936205;4.114072;-0.229985;6.777416;-0.220162
95.781577;62.646851;10.774253;4.067378;-0.238789;6.770917;0.050998
95.981538;62.523284;10.617939;4.019709;-0.235366;6.772423;0.282834
96.181500;62.392437;10.467485;3.973775;-0.225343;6.780769;0.421097
96.381461;62.254837;10.322936;3.929791;-0.215449;6.793175;0.538756
96.581423;62.110980;10.184278;3.887704;-0.205872;6.809016;0.635537
96.781384;61.961356;10.051498;3.847438;-0.196754;6.827654;0.603348
96.981346;61.806459;9.924582;3.808902;-0.188206;6.845302;0.411026
97.181307;61.646783;9.803517;3.771990;-0.180303;6.857298;0.245405
97.381269;61.482819;9.688289;3.736588;-0.173101;6.864450;0.105169
97.581230;61.315061;9.578887;3.702578;-0.166637;6.867513;-0.010407
97.781192;61.144002;9.475295;3.669835;-0.160936;6.867210;-0.101506
97.981153;60.969903;9.377359;3.638541;-0.150479;6.864254;-0.167855
98.181115;60.793178;9.284815;3.609900;-0.136549;6.859362;-0.208876
98.381077;60.614160;9.197194;3.584117;-0.122101;6.853270;-0.223908
98.581038;60.433064;9.113954;3.561248;-0.107338;6.846734;-0.212543
98.781000;60.250102;9.034554;3.541325;-0.092421;6.840524;-0.212256
98.980961;60.065488;8.958451;3.524363;-0.077470;6.834316;-0.211969
99.180923;59.879437;8.885104;3.510362;-0.062567;6.828112;-0.201186
99.380884;59.692161;8.813971;3.499313;-0.047765;6.822217;-0.191420
99.580846;59.503875;8.744511;3.491202;-0.033091;6.816605;-0.183632
99.780807;59.314793;8.676182;3.486013;-0.018552;6.811216;-0.178572
99.980769;59.125364;8.608500;3.484269;0.003884;6.805971;-0.176835
100.180730;58.935922;8.540644;3.487708;0.030303;6.800774;-0.178911
100.380692;58.746932;8.471646;3.496473;0.056879;6.795511;-0.185218
100.580653;58.558971;8.400576;3.510603;0.083836;6.790059;-0.196139
100.780615;58.372618;8.326504;3.530161;0.111334;6.784280;-0.212050
100.980577;58.188448;8.248501;3.555228;0.139425;6.778027;-0.220522
101.180538;58.007041;8.165637;3.585878;0.168014;6.771519;-0.220380
101.380500;57.828974;8.076980;3.622164;0.196805;6.765008;-0.216358
101.580461;57.654824;7.981602;3.664080;0.225258;6.758610;-0.208807
101.780423;57.485169;7.878573;3.711532;0.252557;6.752429;-0.198002
101.980384;57.321014;7.767354;3.762557;0.253650;6.746563;-0.187300
102.180346;57.162421;7.647844;3.811816;0.242521;6.741009;-0.106207
102.380307;57.009312;7.520438;3.859078;0.232141;6.737858;0.000000
102.580269;56.861847;7.385694;3.904490;0.222658;6.737858;-0.000000
102.780230;56.720181;7.244169;3.948213;0.214175;6.737858;0.000000
102.980192;56.584472;7.096421;3.990421;0.206761;6.737858;0.106040
103.180153;56.454878;6.943006;4.031295;0.200464;6.741004;0.361796
103.380115;56.331556;6.784482;4.071024;0.195318;6.751728;0.589576
103.580077;56.214663;6.621406;4.109797;0.191351;6.769166;0.790446
103.780038;56.104357;6.454335;4.147812;0.188593;6.792476;0.964409
103.980000;56.000372;6.283145;4.184873;0.178168;6.820808;1.110507
104.179961;55.902617;6.108476;4.218898;0.161631;6.853287;1.226959
104.379923;55.810717;5.931049;4.249479;0.144348;6.888993;1.311348
104.579884;55.724033;5.751179;4.276537;0.126623;6.926952;1.360914
104.779846;55.641924;5.569180;4.300031;0.108686;6.966127;1.372986
104.979807;55.563753;5.385365;4.319944;0.090697;7.005428;1.383892
105.179769;55.488879;5.200049;4.336277;0.072754;7.044818;1.394853
105.379730;55.416663;5.013546;4.349040;0.054901;7.084300;1.389501
105.579692;55.346466;4.826170;4.358248;0.037143;7.123412;1.370209
105.779653;55.277648;4.638235;4.363910;0.019452;7.161772;1.339269
105.979615;55.209655;4.450244;4.366406;0.007626;7.199068;1.298878
106.179577;55.142004;4.262294;4.367079;-0.000894;7.235055;1.251133
106.379538;55.074324;4.074370;4.366049;-0.009417;7.269552;1.198038
106.579500;55.006288;3.886567;4.363317;-0.017935;7.302432;1.141523
106.779461;54.937570;3.698981;4.358884;-0.026437;7.333623;1.083458
106.979423;54.867842;3.511707;4.352754;-0.034913;7.363106;1.025676
107.179384;54.796778;3.324841;4.344930;-0.043346;7.390908;0.955961
107.379346;54.724049;3.138478;4.335420;-0.051717;7.416726;0.865076
107.579307;54.649330;2.952714;4.324233;-0.060002;7.440013;0.752627
107.779269;54.572293;2.767645;4.311384;-0.068170;7.460214;0.618495
107.979230;54.492638;2.583432;4.296841;-0.077048;7.476773;0.462717
108.179192;54.410069;2.400312;4.280410;-0.086587;7.489138;0.288935
108.379153;54.324309;2.218620;4.262031;-0.096424;7.496849;0.118168
108.579115;54.235096;2.038724;4.241653;-0.106596;7.500000;0.000000
108.779076;54.142166;1.860993;4.219224;-0.117128;7.500000;0.000000
108.979038;54.045256;1.685795;4.194688;-0.128023;7.500000;0.000000
109.179000;53.944105;1.513498;4.167992;-0.139265;7.500000;0.000000
109.378961;53.838449;1.344470;4.139085;-0.150812;7.500000;0.000000
109.578923;53.728025;1.179080;4.107925;-0.162588;7.500000;0.000000
109.778884;53.612571;1.017697;4.074482;-0.174484;7.500000;0.000000
109.978846;53.491167;0.859812;4.039328;-0.174051;7.500000;0.000000
110.178807;53.364112;0.705923;4.005355;-0.166352;7.500000;0.000000
110.378769;53.232068;0.556390;3.972960;-0.158383;7.500000;0.000000
110.578730;53.095337;0.411071;3.942165;-0.150262;7.500000;0.000000
110.778692;52.954219;0.269827;3.912978;-0.142088;7.500000;0.000000
110.978653;52.809014;0.132518;3.885397;-0.133942;7.500000;0.000000
111.178615;52.660023;-0.000998;3.859407;-0.125888;7.500000;0.000000
111.378576;52.507548;-0.130859;3.834989;-0.117974;7.500000;0.000000
111.578538;52.351888;-0.257208;3.812116;-0.110234;7.500000;0.000000
111.778500;52.193344;-0.380183;3.790758;-0.102689;7.500000;0.000000
111.978461;52.033062;-0.499322;3.771200;-0.092343;7.500000;0.000000
112.178423;51.870837;-0.615328;3.753928;-0.080860;7.500000;0.000000
112.378384;51.706629;-0.728792;3.738933;-0.069401;7.500000;0.000000
112.578346;51.540718;-0.840068;3.726209;-0.057997;7.500000;0.000000
112.778307;51.373384;-0.949508;3.715747;-0.046663;7.500000;0.000000
112.978269;51.204907;-1.057465;3.707538;-0.035399;7.500000;0.000000
113.178230;51.035564;-1.164290;3.701573;-0.024197;7.500000;0.000000
113.378192;50.865637;-1.270336;3.697844;-0.013040;7.500000;0.000000
113.578153;50.695404;-1.375956;3.696348;-0.001905;7.500000;0.000000
113.778115;50.525146;-1.481502;3.697081;0.009232;7.500000;0.000000
113.978076;50.355192;-1.587248;3.699228;0.009275;7.500000;0.000000
114.178038;50.185521;-1.693253;3.700687;0.005310;7.500000;0.000000
114.378000;50.016013;-1.799406;3.701352;0.001338;7.500000;0.000000
114.577961;49.846572;-1.905580;3.701222;-0.002638;7.500000;0.000000
114.777923;49.677104;-2.011647;3.700297;-0.006618;7.500000;0.000000
114.977884;49.507515;-2.117478;3.698576;-0.010598;7.500000;0.000000
115.177846;49.337708;-2.222945;3.696060;-0.014575;7.500000;0.000000
115.377807;49.167590;-2.327920;3.692749;-0.018548;7.500000;0.000000
115.577769;48.997066;-2.432275;3.688644;-0.022513;7.500000;0.000000
115.777730;48.826040;-2.535882;3.683747;-0.026466;7.500000;0.000000
115.977692;48.654496;-2.638598;3.678638;-0.022620;7.500000;0.000000
116.177653;48.482464;-2.740554;3.674771;-0.016065;7.500000;0.000000
116.377615;48.310071;-2.841977;3.672212;-0.009523;7.500000;0.000000
116.577576;48.137465;-2.943083;3.670961;-0.002987;7.500000;0.000000
116.777538;47.964794;-3.044088;3.671017;0.003546;7.500000;0.000000
116.977500;47.792207;-3.145209;3.672380;0.010083;7.500000;0.000000
117.177461;47.619853;-3.246661;3.675051;0.016629;7.500000;0.000000
117.377423;47.447881;-3.348660;3.679031;0.023189;7.500000;0.000000
117.577384;47.276438;-3.451422;3.684323;0.029766;7.500000;0.000000
117.777346;47.105673;-3.555163;3.690929;0.036360;7.500000;0.000000
117.977307;46.935493;-3.660213;3.698213;0.034229;7.500000;0.000000
118.177269;46.766013;-3.766438;3.704541;0.029043;7.500000;0.000000
118.377230;46.597191;-3.873621;3.709829;0.023842;7.500000;0.000000
118.577192;46.428907;-3.981591;3.714075;0.018631;7.500000;0.000000
118.777153;46.261041;-4.090179;3.717279;0.013413;7.500000;0.000000
118.977115;46.093472;-4.199213;3.719438;0.008192;7.500000;0.000000
119.177076;45.926079;-4.308523;3.720554;0.002970;7.500000;0.000000
119.377038;45.758742;-4.417937;3.720626;-0.002251;7.500000;0.000000
119.577000;45.591341;-4.527287;3.719654;-0.007470;7.500000;0.000000
119.776961;45.423755;-4.636400;3.717639;-0.012684;7.500000;0.000000
119.976923;45.255986;-4.745049;3.714938;-0.013214;7.500000;0.000000
120.176884;45.087936;-4.853252;3.712391;-0.012276;7.500000;0.000000
120.376846;44.919595;-4.961060;3.710031;-0.011339;7.500000;0.000000
120.576807;44.750984;-5.068501;3.707857;-0.010403;7.500000;0.000000
120.776769;44.582128;-5.175605;3.705871;-0.009469;7.500000;0.000000
120.976730;44.413051;-5.282402;3.704070;-0.008536;7.500000;0.000000
121.176692;44.243775;-5.388920;3.702456;-0.007604;7.500000;0.000000
121.376653;44.074325;-5.495189;3.701028;-0.006673;7.500000;0.000000
121.576615;43.904723;-5.601237;3.699787;-0.005743;7.500000;0.000000
121.776576;43.734993;-5.707094;3.698731;-0.004814;7.500000;0.000000
121.976538;43.565174;-5.812783;3.697896;-0.003427;7.500000;0.000000
122.176500;43.395287;-5.918351;3.697363;-0.001904;7.500000;0.000000
122.376461;43.225364;-6.023853;3.697134;-0.000381;7.500000;0.000000
122.576423;43.055441;-6.129337;3.697211;0.001143;7.500000;0.000000
122.776384;42.885553;-6.234853;3.697592;0.002667;7.500000;0.000000
122.976346;42.715735;-6.340451;3.698277;0.004192;7.500000;0.000000
123.176307;42.546023;-6.446180;3.699268;0.005718;7.500000;0.000000
123.376269;42.376453;-6.552090;3.700564;0.007245;7.500000;0.000000
123.576230;42.207061;-6.658230;3.702165;0.008774;7.500000;0.000000
123.776192;42.037881;-6.764652;3.704071;0.010304;7.500000;0.000000
123.976153;41.868828;-6.871508;3.706756;0.017875;7.500000;0.000000
124.176115;41.700157;-6.978971;3.711260;0.027163;7.500000;0.000000
124.376076;41.532112;-7.087321;3.717620;0.036464;7.500000;0.000000
124.576038;41.364902;-7.196868;3.725840;0.045775;7.500000;0.000000
124.776000;41.198734;-7.307917;3.735919;0.055087;7.500000;0.000000
124.975961;41.033817;-7.420777;3.747857;0.064384;7.500000;0.000000
125.175923;40.870359;-7.535755;3.761650;0.073641;7.500000;0.000000
125.375884;40.708566;-7.653157;3.777290;0.082823;7.500000;0.000000
125.575846;40.548648;-7.773291;3.794765;0.091884;7.500000;0.000000
125.775807;40.390812;-7.896465;3.814054;0.100769;7.500000;0.000000
125.975769;40.235680;-8.022620;3.834757;0.105522;7.500000;0.000000
126.175730;40.083171;-8.152083;3.856260;0.109485;7.500000;0.000000
126.375692;39.933434;-8.284947;3.878594;0.113682;7.500000;0.000000
126.575653;39.786724;-8.421219;3.901797;0.118112;7.500000;0.000000
126.775615;39.643293;-8.560908;3.925907;0.122766;7.500000;0.000000
126.975576;39.503396;-8.704021;3.950961;0.127633;7.500000;0.000000
127.175538;39.367285;-8.850567;3.976992;0.132697;7.500000;0.000000
127.375499;39.235214;-9.000554;4.004033;0.137936;7.500000;0.000000
127.575461;39.107438;-9.153989;4.032111;0.143322;7.500000;0.000000
127.775423;38.984209;-9.310881;4.061252;0.148819;7.500000;0.000000
127.975384;38.865480;-9.471595;4.090846;0.145470;7.500000;0.000000
128.175346;38.751447;-9.635728;4.119334;0.139591;7.500000;0.000000
128.375307;38.642047;-9.802962;4.146639;0.133661;7.500000;0.000000
128.575269;38.537138;-9.973082;4.172761;0.127735;7.500000;0.000000
128.775230;38.436579;-10.145873;4.197710;0.121854;7.500000;0.000000
128.975192;38.340230;-10.321118;4.221498;0.116053;7.500000;0.000000
129.175153;38.247948;-10.498602;4.244142;0.110360;7.500000;0.000000
129.375115;38.159594;-10.678110;4.265664;0.104793;7.500000;0.000000
129.575076;38.075025;-10.859424;4.286084;0.099367;7.500000;0.000000
129.775038;37.994101;-11.042330;4.305429;0.094090;7.500000;0.000000
129.974999;37.916650;-11.226768;4.324305;0.096061;7.500000;0.000000
130.174961;37.842790;-11.412577;4.343889;0.099832;7.500000;0.000000
130.374923;37.772689;-11.599723;4.364217;0.103601;7.500000;0.000000
130.574884;37.706503;-11.788207;4.385289;0.107350;7.500000;0.000000
130.774846;37.644385;-11.978032;4.407101;0.111059;7.500000;0.000000
130.974807;37.586489;-12.169199;4.429650;0.114702;7.500000;0.000000
131.174769;37.532970;-12.361708;4.452926;0.118255;7.500000;0.000000
131.374730;37.483982;-12.555562;4.476917;0.121687;7.500000;0.000000
131.574692;37.439679;-12.750761;4.501606;0.124969;7.500000;0.000000
131.774653;37.400215;-12.947307;4.526973;0.128068;7.500000;0.000000
131.974615;37.365871;-13.144422;4.552900;0.131139;7.500000;0.000000
132.174576;37.336693;-13.342507;4.579499;0.134621;7.500000;0.000000
132.374538;37.312848;-13.541474;4.606861;0.138529;7.500000;0.000000
132.574499;37.294533;-13.741073;4.635055;0.142853;7.500000;0.000000
132.774461;37.281945;-13.941055;4.664148;0.147584;7.500000;0.000000
132.974423;37.275279;-14.141170;4.694206;0.152708;7.500000;0.000000
133.174384;37.274733;-14.341169;-1.557893;0.158204;7.500000;0.000000
133.374346;37.280502;-14.540804;-1.525718;0.164045;7.500000;0.000000
133.574307;37.292785;-14.739825;-1.492398;0.170194;7.500000;0.000000
133.774269;37.311777;-14.937982;-1.457882;0.176603;7.500000;0.000000
133.974230;37.337704;-15.135685;-1.423286;0.167202;7.500000;0.000000
134.174192;37.370205;-15.332417;-1.391310;0.153440;7.500000;0.000000
134.374153;37.408712;-15.528080;-1.362110;0.139383;7.500000;0.000000
134.574115;37.452673;-15.722726;-1.335708;0.125216;7.500000;0.000000
134.774076;37.501537;-15.916414;-1.312109;0.111070;7.500000;0.000000
134.974038;37.554751;-16.109197;-1.291302;0.097035;7.500000;0.000000
135.173999;37.611764;-16.301131;-1.273265;0.083159;7.500000;0.000000
135.373961;37.672025;-16.492273;-1.257975;0.069459;7.500000;0.000000
135.573923;37.734982;-16.682677;-1.245405;0.055922;7.500000;0.000000
135.773884;37.800084;-16.872400;-1.235534;0.042514;7.500000;0.000000
135.973846;37.866726;-17.061266;-1.227843;0.035396;7.500000;0.000000
136.173807;37.934661;-17.249535;-1.221337;0.029614;7.500000;0.000000
136.373769;38.003690;-17.437340;-1.215991;0.023819;7.500000;0.000000
136.573730;38.073594;-17.624763;-1.211807;0.018013;7.500000;0.000000
136.773692;38.144156;-17.811887;-1.208786;0.012199;7.500000;0.000000
136.973653;38.215157;-17.998794;-1.206929;0.006377;7.500000;0.000000
137.173615;38.286379;-18.185567;-1.206237;0.000549;7.500000;0.000000
137.373576;38.357605;-18.372288;-1.206710;-0.005286;7.500000;0.000000
137.573538;38.428617;-18.559040;-1.208349;-0.011127;7.500000;0.000000
137.773499;38.499198;-18.745906;-1.211156;-0.016976;7.500000;0.000000
137.973461;38.569256;-18.933245;-1.214725;-0.017840;7.500000;0.000000
138.173423;38.638653;-19.120856;-1.218274;-0.017643;7.500000;0.000000
138.373384;38.707377;-19.308679;-1.221783;-0.017445;7.500000;0.000000
138.573346;38.775435;-19.496714;-1.225251;-0.017244;7.500000;0.000000
138.773307;38.842837;-19.684961;-1.228679;-0.017042;7.500000;0.000000
138.973269;38.909591;-19.873422;-1.232066;-0.016838;7.500000;0.000000
139.173230;38.975707;-20.062095;-1.235412;-0.016632;7.500000;0.000000
139.373192;39.041194;-20.250981;-1.238716;-0.016424;7.500000;0.000000
139.573153;39.106059;-20.440081;-1.241979;-0.016215;7.500000;0.000000
139.773115;39.170313;-20.629396;-1.245199;-0.016005;7.500000;0.000000
139.973076;39.233912;-20.818694;-1.247967;-0.010979;7.500000;0.000000
140.173038;39.297090;-21.008115;-1.249571;-0.005082;7.500000;0.000000
140.372999;39.360088;-21.197637;-1.249997;0.000810;7.500000;0.000000
140.572961;39.423133;-21.387199;-1.249248;0.006693;7.500000;0.000000
140.772923;39.486453;-21.576742;-1.247323;0.012565;7.500000;0.000000
140.972884;39.550276;-21.766203;-1.244225;0.018421;7.500000;0.000000
141.172846;39.614828;-21.955521;-1.239957;0.024256;7.500000;0.000000
141.372807;39.680337;-22.144637;-1.234520;0.030064;7.500000;-0.185996
141.572769;39.747030;-22.333489;-1.227920;0.035837;7.495039;-0.504939
141.772730;39.815136;-22.522017;-1.220161;0.041567;7.481556;-0.809468
141.972692;39.884777;-22.710082;-1.212469;0.033105;7.459890;-1.101953
142.172653;39.955707;-22.897791;-1.206909;0.022323;7.430293;-1.385130
142.372615;40.027494;-23.085222;-1.203506;0.011595;7.392923;-1.662102
142.572576;40.099697;-23.272436;-1.202254;0.000875;7.347830;-1.936344
142.772538;40.171879;-23.459497;-1.203156;-0.009883;7.294944;-2.213983
142.972499;40.243600;-23.646465;-1.206219;-0.020729;7.234002;-2.580039
143.172461;40.314422;-23.833403;-1.211458;-0.031709;7.162330;-2.909210
143.372423;40.383904;-24.020374;-1.218892;-0.042867;7.080643;-3.193545
143.572384;40.451610;-24.207440;-1.228547;-0.054242;6.989874;-3.433024
143.772346;40.517099;-24.394662;-1.240453;-0.065865;6.890965;-3.624376
143.972307;40.580075;-24.582179;-1.252651;-0.054021;6.784978;-3.761393
144.172269;40.640937;-24.770014;-1.261721;-0.037782;6.673204;-3.835780
144.372230;40.700381;-24.958247;-1.267553;-0.021284;6.557258;-3.839690
144.572192;40.759108;-25.146970;-1.270125;-0.004762;6.439104;-3.771618
144.772153;40.817821;-25.336274;-1.269445;0.011561;6.320894;-3.703449
144.972115;40.877219;-25.526250;-1.265550;0.027471;6.202629;-3.610375
145.172076;40.938006;-25.716989;-1.258507;0.042763;6.085124;-3.489890
145.372038;41.000882;-25.908584;-1.248406;0.057242;5.969342;-3.360307
145.571999;41.066548;-26.101126;-1.235370;0.070720;5.855696;-3.295486
145.771961;41.135706;-26.294705;-1.219544;0.083020;5.742059;-3.295229
145.971923;41.208327;-26.488458;-1.206811;0.032084;5.626136;-3.294562
146.171884;41.282681;-26.682870;-1.206222;-0.026212;5.507797;-3.274663
146.371846;41.355979;-26.877707;-1.217770;-0.085158;5.387598;-3.222403
146.571807;41.425376;-27.072589;-1.241790;-0.148095;5.266641;-3.150623
146.771769;41.488031;-27.267137;-1.279060;-0.218195;5.145629;-3.078745
146.971730;41.541100;-27.460973;-1.330741;-0.298126;5.024563;-2.957346
147.171692;41.581740;-27.653718;-1.398235;-0.389162;4.905459;-2.796571
147.371653;41.607107;-27.844993;-1.482882;-0.489426;4.790106;-2.609067
147.571615;41.614359;-28.034419;4.697772;-0.591351;4.679924;-2.292047
147.771576;41.600652;-28.221619;4.578046;-0.679762;4.580943;-1.893603
147.971538;41.561611;-28.413310;4.446365;-0.647309;4.497527;-1.515260
148.171499;41.497350;-28.601651;4.322367;-0.600115;4.429646;-1.165818
148.371461;41.410227;-28.782460;4.205503;-0.566220;4.376702;-0.838172
148.571422;41.302383;-28.953210;4.093258;-0.547376;4.338239;-0.525707
148.771384;41.175957;-29.111374;3.982959;-0.544152;4.313940;-0.222042
148.971346;41.033090;-29.254425;3.871888;-0.556669;4.303635;0.080565
149.171307;40.875921;-29.379838;3.757332;-0.584734;4.307377;0.437626
149.371269;40.706590;-29.485085;3.636661;-0.627376;4.327645;0.780245
149.571230;40.527238;-29.567641;3.507497;-0.681750;4.363548;1.107156
149.771192;40.342167;-29.624486;3.370334;-0.711628;4.413992;1.420628
149.971153;40.158324;-29.655062;3.245066;-0.628234;4.477887;1.719662
150.171115;39.969939;-29.663960;3.135532;-0.532401;4.554031;1.999759
150.371076;39.777917;-29.653543;3.042269;-0.438723;4.641008;2.252925
150.571038;39.583164;-29.626175;2.964448;-0.354712;4.737082;2.468975
150.770999;39.386585;-29.584220;2.900612;-0.282556;4.840181;2.640005
150.970961;39.189085;-29.530041;2.849186;-0.221471;4.948045;2.816268
151.170922;38.991570;-29.466003;2.808750;-0.169374;5.060577;2.976912
151.370884;38.794944;-29.394469;2.778176;-0.123759;5.176869;3.031032
151.570846;38.600114;-29.317802;2.756676;-0.082023;5.292651;3.040307
151.770807;38.407748;-29.238266;2.743680;-0.048987;5.406297;3.104674
151.970769;38.217570;-29.157170;2.733266;-0.051731;5.519934;3.233661
152.170730;38.030552;-29.075063;2.722438;-0.054264;5.635858;3.370349
152.370692;37.846405;-28.991784;2.711237;-0.056536;5.754196;3.495028
152.570653;37.664841;-28.907174;2.699711;-0.058496;5.874395;3.590036
152.770615;37.485570;-28.821072;2.687911;-0.060102;5.995352;3.664854
152.970576;37.308302;-28.733318;2.675896;-0.061316;6.116364;3.739770
153.170538;37.132750;-28.643753;2.663727;-0.062110;6.237430;3.750717
153.370499;36.958623;-28.552215;2.651466;-0.062465;6.356534;3.700207
153.570461;36.785634;-28.458547;2.639180;-0.062372;6.471887;3.596467
153.770422;36.613403;-28.362536;2.626935;-0.061337;6.582069;3.448400
153.970384;36.441409;-28.263916;2.615115;-0.057926;6.686010;3.263477
154.170346;36.270056;-28.163027;2.603925;-0.054647;6.782910;3.057598
154.370307;36.099367;-28.060012;2.593347;-0.051491;6.872458;2.853836
154.570269;35.929366;-27.955013;2.583364;-0.048450;6.954998;2.651988
154.770230;35.760076;-27.848173;2.573961;-0.045514;7.030831;2.451959
154.970192;35.591519;-27.739633;2.565122;-0.042675;7.100224;2.253728
155.170153;35.423719;-27.629537;2.556835;-0.039924;7.163414;2.057322
155.370115;35.256699;-27.518028;2.549087;-0.037252;7.220614;1.862805
155.570076;35.090481;-27.405247;2.541866;-0.034650;7.272018;1.670265
155.770038;34.925193;-27.291409;2.535160;-0.032471;7.317802;1.479803
155.969999;34.761113;-27.176815;2.528746;-0.031621;7.358127;1.291535
156.169961;34.597835;-27.061237;2.522507;-0.030758;7.393142;1.105580
156.369922;34.435327;-26.944697;2.516443;-0.029882;7.422984;0.922063
156.569884;34.273559;-26.827218;2.510558;-0.028995;7.447781;0.741111
156.769846;34.112501;-26.708823;2.504851;-0.028097;7.467652;0.562850
156.969807;33.952121;-26.589532;2.499326;-0.027190;7.482709;0.387409
157.169769;33.792388;-26.469370;2.493982;-0.026275;7.493054;0.214911
157.369730;33.633273;-26.348358;2.488822;-0.025352;7.498787;0.045481
157.569692;33.474744;-26.226519;2.483845;-0.024423;7.500000;0.000000
157.769653;33.316784;-26.103886;2.479081;-0.022334;7.500000;0.000000
157.969615;33.159362;-25.980561;2.475224;-0.016237;7.500000;0.000000
158.169576;33.002307;-25.856697;2.472585;-0.010153;7.500000;0.000000
158.369538;32.845482;-25.732498;2.471162;-0.004076;7.500000;0.000000
158.569499;32.688752;-25.608165;2.470954;0.001998;7.500000;0.000000
158.769461;32.531982;-25.483903;2.471961;0.008074;7.500000;0.000000
158.969422;32.375037;-25.359915;2.474184;0.014158;7.500000;0.000000
159.169384;32.217781;-25.236402;2.477625;0.020255;7.500000;0.000000
159.369346;32.060078;-25.113568;2.482285;0.026369;7.500000;0.000000
159.569307;31.901795;-24.991616;2.488166;0.032502;7.500000;0.000000
159.769269;31.742722;-24.870694;2.495203;0.035500;7.500000;0.000000
159.969230;31.582641;-24.750734;2.501526;0.027704;7.500000;0.000000
160.169192;31.421949;-24.631700;2.506284;0.019884;7.500000;0.000000
160.369153;31.260818;-24.513331;2.509477;0.012048;7.500000;0.000000
160.569115;31.099424;-24.395366;2.511101;0.004204;7.500000;0.000000
160.769076;30.937940;-24.277543;2.511157;-0.003644;7.500000;0.000000
160.969038;30.776539;-24.159601;2.509644;-0.011490;7.500000;0.000000
161.168999;30.615396;-24.041279;2.506563;-0.019330;7.500000;0.000000
161.368961;30.454685;-23.922314;2.501916;-0.027156;7.500000;0.000000
161.568922;30.294578;-23.802446;2.495703;-0.034959;7.500000;0.000000
161.768884;30.135331;-23.681477;2.488033;-0.038790;7.500000;0.000000
161.968846;29.977165;-23.559440;2.481084;-0.030789;7.500000;0.000000
162.168807;29.819680;-23.436375;2.475727;-0.022814;7.500000;0.000000
162.368769;29.662697;-23.312545;2.471961;-0.014863;7.500000;0.000000
162.568730;29.506036;-23.188212;2.469782;-0.006930;7.500000;0.000000
162.768692;29.349517;-23.063638;2.469188;0.000993;7.500000;0.000000
162.968653;29.192962;-22.939085;2.470179;0.008912;7.500000;0.000000
163.168615;29.036190;-22.814816;2.472754;0.016838;7.500000;0.000000
163.368576;28.879021;-22.691092;2.476916;0.024775;7.500000;0.000000
163.568538;28.721277;-22.568177;2.482665;0.032729;7.500000;0.000000
163.768499;28.562747;-22.446306;2.489909;0.036842;7.500000;0.000000
163.968461;28.403300;-22.325535;2.496547;0.029529;7.500000;0.000000
164.168422;28.243175;-22.205732;2.501720;0.022201;7.500000;0.000000
164.368384;28.082540;-22.086656;2.505426;0.014864;7.500000;0.000000
164.568346;27.921564;-21.968068;2.507664;0.007521;7.500000;0.000000
164.768307;27.760417;-21.849727;2.508433;0.000176;7.500000;0.000000
164.968269;27.599268;-21.731392;2.507734;-0.007170;7.500000;0.000000
165.168230;27.438285;-21.612825;2.505566;-0.014514;7.500000;0.000000
165.368192;27.277640;-21.493785;2.501930;-0.021855;7.500000;0.000000
165.568153;27.117499;-21.374032;2.496827;-0.029186;7.500000;0.000000
165.768115;26.958065;-21.253353;2.490355;-0.032874;7.500000;0.000000
165.968076;26.799462;-21.131700;2.484430;-0.026413;7.500000;0.000000
166.168038;26.641469;-21.009185;2.479794;-0.019962;7.500000;0.000000
166.367999;26.483937;-20.886018;2.476447;-0.013521;7.500000;0.000000
166.567961;26.326717;-20.762408;2.474386;-0.007087;7.500000;0.000000
166.767922;26.169661;-20.638566;2.473611;-0.000658;7.500000;0.000000
166.967884;26.012618;-20.514701;2.474123;0.005771;7.500000;0.000000
167.167845;25.855442;-20.391025;2.475920;0.012203;7.500000;0.000000
167.367807;25.697982;-20.267747;2.479004;0.018641;7.500000;0.000000
167.567769;25.540090;-20.145077;2.483376;0.025089;7.500000;0.000000
167.767730;25.381584;-20.023198;2.488954;0.028404;7.500000;0.000000
167.967692;25.222347;-19.902151;2.494101;0.023059;7.500000;0.000000
168.167653;25.062576;-19.781858;2.498177;0.017706;7.500000;0.000000
168.367615;24.902398;-19.662143;2.501182;0.012348;7.500000;0.000000
168.567576;24.741936;-19.542834;2.503115;0.006986;7.500000;0.000000
168.767538;24.581317;-19.423755;2.503976;0.001622;7.500000;0.000000
168.967499;24.420665;-19.304732;2.503764;-0.003742;7.500000;0.000000
169.167461;24.260104;-19.185591;2.502480;-0.009107;7.500000;0.000000
169.367422;24.099761;-19.066158;2.500122;-0.014471;7.500000;0.000000
169.567384;23.939760;-18.946259;2.496693;-0.019833;7.500000;0.000000
169.767345;23.780246;-18.825735;2.492261;-0.022706;7.500000;0.000000
169.967307;23.621303;-18.704535;2.488084;-0.019092;7.500000;0.000000
170.167269;23.462807;-18.582715;2.484628;-0.015479;7.500000;0.000000
170.367230;23.304671;-18.460392;2.481895;-0.011868;7.500000;0.000000
170.567192;23.146809;-18.337681;2.479882;-0.008260;7.500000;0.000000
170.767153;22.989134;-18.214697;2.478591;-0.004654;7.500000;0.000000
170.967115;22.831560;-18.091556;2.478021;-0.001050;7.500000;0.000000
171.167076;22.674000;-17.968372;2.478171;0.002553;7.500000;0.000000
171.367038;22.516367;-17.845262;2.479042;0.006154;7.500000;0.000000
171.566999;22.358576;-17.722339;2.480633;0.009756;7.500000;0.000000
171.766961;22.200535;-17.599716;2.482907;0.012041;7.500000;0.000000
171.966922;22.042191;-17.477454;2.485212;0.011000;7.500000;0.000000
172.166884;21.883580;-17.355542;2.487309;0.009960;7.500000;0.000000
172.366845;21.724734;-17.233952;2.489197;0.008921;7.500000;0.000000
172.566807;21.565685;-17.112655;2.490878;0.007884;7.500000;0.000000
172.766769;21.406464;-16.991625;2.492351;0.006846;7.500000;0.000000
172.966730;21.247103;-16.870831;2.493616;0.005809;7.500000;0.000000
173.166692;21.087633;-16.750247;2.494674;0.004772;7.500000;0.000000
173.366653;20.928087;-16.629844;2.495524;0.003735;7.500000;0.000000
173.566615;20.768495;-16.509594;2.496167;0.002696;7.500000;0.000000
173.766576;20.608819;-16.389414;2.496590;0.001256;7.500000;0.000000
173.966538;20.448991;-16.269179;2.496599;-0.001168;7.500000;0.000000
174.166499;20.289232;-16.148937;2.496123;-0.003594;7.500000;0.000000
174.366461;20.129588;-16.028602;2.495162;-0.006021;7.500000;0.000000
174.566422;19.970105;-15.908087;2.493716;-0.008447;7.500000;0.000000
174.766384;19.810829;-15.787306;2.491785;-0.010871;7.500000;0.000000
174.966345;19.651806;-15.666171;2.489370;-0.013291;7.500000;0.000000
175.166307;19.493083;-15.544597;2.486471;-0.015704;7.500000;0.000000
175.366269;19.334705;-15.422496;2.483090;-0.018109;7.500000;0.000000
175.566230;19.176720;-15.299783;2.479228;-0.020504;7.500000;0.000000
175.766192;19.019271;-15.176450;2.474973;-0.020197;7.500000;0.000000
175.966153;18.862453;-15.052611;2.471556;-0.014001;7.500000;0.000000
176.166115;18.705922;-14.928285;2.469375;-0.007823;7.500000;0.000000
176.366076;18.549537;-14.803675;2.468428;-0.001656;7.500000;0.000000
176.566038;18.393159;-14.678987;2.468713;0.004503;7.500000;0.000000
176.765999;18.236649;-14.554424;2.470229;0.010660;7.500000;0.000000
176.965961;18.079870;-14.430191;2.472977;0.016819;7.500000;0.000000
177.165922;17.922680;-14.306492;2.476958;0.022986;7.500000;0.000000
177.365884;17.764942;-14.183531;2.482173;0.029162;7.500000;0.000000
177.565845;17.606517;-14.061514;2.488623;0.035349;7.500000;0.000000
177.765807;17.447240;-13.940620;2.496167;0.037003;7.500000;0.000000
177.965769;17.287059;-13.820861;2.502748;0.028800;7.500000;0.000000
178.165730;17.126210;-13.702039;2.507686;0.020587;7.500000;0.000000
178.365692;16.964883;-13.583888;2.510981;0.012370;7.500000;0.000000
178.565653;16.803272;-13.466142;2.512633;0.004149;7.500000;0.000000
178.765615;16.641568;-13.348534;2.512640;-0.004073;7.500000;0.000000
178.965576;16.479965;-13.230797;2.511004;-0.012296;7.500000;0.000000
179.165538;16.318654;-13.112665;2.507724;-0.020518;7.500000;0.000000
179.365499;16.157828;-12.993872;2.502799;-0.028738;7.500000;0.000000
179.565461;15.997679;-12.874150;2.496232;-0.036951;7.500000;0.000000
179.765422;15.838421;-12.753255;2.488199;-0.039749;7.500000;0.000000
179.965384;15.680129;-12.631142;2.481100;-0.031266;7.500000;0.000000
180.165345;15.522572;-12.508017;2.475695;-0.022795;7.500000;0.000000
180.365307;15.365554;-12.384156;2.471983;-0.014335;7.500000;0.000000
180.565269;15.208876;-12.259832;2.469961;-0.005883;7.500000;0.000000
180.765230;15.052339;-12.135321;2.469629;0.002565;7.500000;0.000000
180.965192;14.895746;-12.010895;2.470987;0.011017;7.500000;0.000000
181.165153;14.738897;-11.886830;2.474036;0.019477;7.500000;0.000000
181.365115;14.581595;-11.763399;2.478777;0.027948;7.500000;0.000000
181.565076;14.423642;-11.640876;2.485212;0.036434;7.500000;0.000000
181.765038;14.264799;-11.519502;2.493165;0.039445;7.500000;0.000000
181.964999;14.104970;-11.399315;2.500224;0.031153;7.500000;0.000000
182.164961;13.944412;-11.280139;2.505624;0.022849;7.500000;0.000000
182.364922;13.783320;-11.161704;2.509361;0.014538;7.500000;0.000000
182.564884;13.621887;-11.043740;2.511437;0.006226;7.500000;0.000000
182.764845;13.460307;-10.925976;2.511851;-0.002087;7.500000;0.000000
182.964807;13.298772;-10.808143;2.510602;-0.010399;7.500000;0.000000
183.164769;13.137477;-10.689969;2.507692;-0.018708;7.500000;0.000000
183.364730;12.976615;-10.571186;2.503121;-0.027013;7.500000;0.000000
183.564692;12.816380;-10.451522;2.496889;-0.035307;7.500000;0.000000
183.764653;12.657007;-10.330746;2.489181;-0.038278;7.500000;0.000000
183.964615;12.498594;-10.208815;2.482269;-0.030870;7.500000;0.000000
184.164576;12.340900;-10.085881;2.476837;-0.023475;7.500000;0.000000
184.364538;12.183755;-9.962184;2.472880;-0.016093;7.500000;0.000000
184.564499;12.026989;-9.837966;2.470399;-0.008719;7.500000;0.000000
184.764461;11.870431;-9.713468;2.469392;-0.001351;7.500000;0.000000
184.964422;11.713912;-9.588932;2.469859;0.006018;7.500000;0.000000
185.164384;11.557262;-9.464598;2.471799;0.013393;7.500000;0.000000
185.364345;11.400310;-9.340710;2.475216;0.020780;7.500000;0.000000
185.564307;11.242886;-9.217507;2.480109;0.028181;7.500000;0.000000
185.764268;11.084761;-9.095180;2.486331;0.031097;7.500000;0.000000
185.964230;10.925820;-8.973764;2.491972;0.025310;7.500000;0.000000
186.164192;10.766300;-8.853178;2.496454;0.019510;7.500000;0.000000
186.364153;10.606332;-8.733233;2.499774;0.013700;7.500000;0.000000
186.564115;10.446049;-8.613735;2.501932;0.007886;7.500000;0.000000
186.764076;10.285582;-8.494492;2.502927;0.002069;7.500000;0.000000
186.964038;10.125063;-8.375314;2.502759;-0.003747;7.500000;0.000000
187.163999;9.964622;-8.256009;2.501429;-0.009561;7.500000;0.000000
187.363961;9.804393;-8.136383;2.498936;-0.015370;7.500000;0.000000
187.563922;9.644506;-8.016246;2.495282;-0.021171;7.500000;0.000000
187.763884;9.485150;-7.895454;2.490603;-0.023192;7.500000;0.000000
187.963845;9.326410;-7.773989;2.486448;-0.018387;7.500000;0.000000
188.163807;9.168081;-7.651913;2.483252;-0.013591;7.500000;0.000000
188.363768;9.010055;-7.529384;2.481013;-0.008802;7.500000;0.000000
188.563730;8.852223;-7.406561;2.479731;-0.004018;7.500000;0.000000
188.763692;8.694478;-7.283602;2.479405;0.000763;7.500000;0.000000
188.963653;8.536711;-7.160664;2.480036;0.005543;7.500000;0.000000
189.163615;8.378814;-7.037906;2.481623;0.010326;7.500000;0.000000
189.363576;8.220679;-6.915486;2.484167;0.015113;7.500000;0.000000
189.563538;8.062197;-6.793562;2.487668;0.019907;7.500000;0.000000
189.763499;7.903224;-6.672260;2.492009;0.021395;7.500000;0.000000
189.963461;7.743701;-6.551596;2.495847;0.016981;7.500000;0.000000
190.163422;7.583792;-6.431491;2.498801;0.012561;7.500000;0.000000
190.363384;7.423600;-6.311801;2.500871;0.008138;7.500000;0.000000
190.563345;7.263225;-6.192381;2.502056;0.003712;7.500000;0.000000
190.763307;7.102771;-6.073087;2.502355;-0.000716;7.500000;0.000000
190.963268;6.942339;-5.953774;2.501770;-0.005144;7.500000;0.000000
191.163230;6.782031;-5.834297;2.500298;-0.009572;7.500000;0.000000
191.363192;6.621948;-5.714510;2.497942;-0.013999;7.500000;0.000000
191.563153;6.462194;-5.594271;2.494701;-0.018422;7.500000;0.000000
191.763115;6.302893;-5.473454;2.490684;-0.019913;7.500000;0.000000
191.963076;6.144091;-5.352033;2.487052;-0.016429;7.500000;0.000000
192.163038;5.985670;-5.230077;2.484115;-0.012948;7.500000;0.000000
192.362999;5.827550;-5.107699;2.481874;-0.009470;7.500000;0.000000
192.562961;5.669647;-4.985011;2.480328;-0.005994;7.500000;0.000000
192.762922;5.511882;-4.862126;2.479477;-0.002519;7.500000;0.000000
192.962884;5.354171;-4.739155;2.479320;0.000954;7.500000;0.000000
193.162845;5.196433;-4.616212;2.479858;0.004428;7.500000;0.000000
193.362807;5.038586;-4.493409;2.481091;0.007901;7.500000;0.000000
193.562768;4.880549;-4.370858;2.483019;0.011376;7.500000;0.000000
193.762730;4.722239;-4.248669;2.485566;0.012850;7.500000;0.000000
193.962692;4.563624;-4.126883;2.487953;0.011020;7.500000;0.000000
194.162653;4.404747;-4.005451;2.489973;0.009189;7.500000;0.000000
194.362615;4.245650;-3.884313;2.491627;0.007357;7.500000;0.000000
194.562576;4.086379;-3.763413;2.492916;0.005526;7.500000;0.000000
194.762538;3.926975;-3.642689;2.493837;0.003694;7.500000;0.000000
194.962499;3.767485;-3.522085;2.494393;0.001861;7.500000;0.000000
195.162461;3.607950;-3.401541;2.494582;0.000029;7.500000;0.000000
195.362422;3.448416;-3.280998;2.494404;-0.001803;7.500000;0.000000
195.562384;3.288925;-3.160398;2.493861;-0.003635;7.500000;0.000000
195.762345;3.129526;-3.039686;2.492980;-0.004686;7.500000;0.000000
195.962307;2.970245;-2.918833;2.492064;-0.004482;7.500000;0.000000
196.162268;2.811070;-2.797835;2.491188;-0.004279;7.500000;0.000000
196.362230;2.651996;-2.676699;2.490353;-0.004075;7.500000;0.000000
196.562192;2.493017;-2.555430;2.489558;-0.003872;7.500000;0.000000
196.762153;2.334128;-2.434035;2.488805;-0.003668;7.500000;0.000000
196.962115;2.175322;-2.312520;2.488091;-0.003464;7.500000;0.000000
197.162076;2.016595;-2.190890;2.487419;-0.003261;7.500000;0.000000
197.362038;1.857939;-2.069151;2.486787;-0.003057;7.500000;0.000000
197.561999;1.699351;-1.947309;2.486196;-0.002853;7.500000;0.000000
197.761961;1.540812;-1.825361;2.485664;-0.002198;7.500000;0.000000
197.961922;1.382302;-1.703328;2.485360;-0.000837;7.500000;0.000000
198.161884;1.223812;-1.581268;2.485329;0.000523;7.500000;0.000000
198.361845;1.065316;-1.459229;2.485569;0.001884;7.500000;0.000000
198.561807;0.906786;-1.337259;2.486082;0.003246;7.500000;0.000000
198.761768;0.748196;-1.215407;2.486868;0.004609;7.500000;0.000000
198.961730;0.589519;-1.093720;2.487926;0.005973;7.500000;0.000000
199.161692;0.430728;-0.972247;2.489257;0.007340;7.500000;0.000000
199.361653;0.271797;-0.851036;2.490861;0.008710;7.500000;0.000000
199.561615;0.112698;-0.730134;2.492738;0.010083;7.500000;0.000000
199.761576;-0.046678;-0.609525;2.494813;0.009495;7.500000;0.000000
199.961538;-0.206360;-0.489152;2.496356;0.005937;7.500000;0.000000
200.161499;-0.366150;-0.368994;2.497186;0.002374;7.500000;0.000000
200.361461;-0.525976;-0.248928;2.497304;-0.001193;7.500000;0.000000
200.561422;-0.685763;-0.128832;2.496709;-0.004760;7.500000;0.000000
200.761384;-0.845440;-0.008580;2.495402;-0.008326;7.500000;0.000000
200.961345;-1.004933;0.111949;2.493381;-0.011887;7.500000;0.000000
201.161307;-1.164168;0.232880;2.490649;-0.015440;7.500000;0.000000
201.361268;-1.323073;0.354334;2.487206;-0.018983;7.500000;0.000000
201.561230;-1.481574;0.476437;2.483055;-0.022512;7.500000;0.000000
201.761192;-1.639482;0.599213;2.478374;-0.021885;7.500000;0.000000
201.961153;-1.796771;0.722601;2.474633;-0.015547;7.500000;0.000000
202.161115;-1.953736;0.846524;2.472156;-0.009229;7.500000;0.000000
202.361076;-2.110513;0.970770;2.470941;-0.002924;7.500000;0.000000
202.561038;-2.267237;1.095122;2.470986;0.003375;7.500000;0.000000
202.760999;-2.424045;1.219369;2.472291;0.009677;7.500000;0.000000
202.960961;-2.581072;1.343295;2.474858;0.015987;7.500000;0.000000
203.160922;-2.738454;1.466688;2.478687;0.022313;7.500000;0.000000
203.360884;-2.896328;1.589332;2.483782;0.028661;7.500000;0.000000
203.560845;-3.054829;1.711013;2.490145;0.035033;7.500000;0.000000
203.760807;-3.214141;1.831564;2.497519;0.035171;7.500000;0.000000
203.960768;-3.374282;1.951005;2.503704;0.026748;7.500000;0.000000
204.160730;-3.535021;2.069562;2.508203;0.018294;7.500000;0.000000
204.360692;-3.696186;2.187525;2.511011;0.009824;7.500000;0.000000
204.560653;-3.857604;2.305188;2.512127;0.001353;7.500000;0.000000
204.760615;-4.019102;2.422843;2.511552;-0.007105;7.500000;0.000000
204.960576;-4.180509;2.540783;2.509288;-0.015539;7.500000;-0.225857
205.160538;-4.341653;2.659300;2.505339;-0.023935;7.493976;-0.529519
205.360499;-4.502360;2.778686;2.499711;-0.032278;7.479833;-0.862765
205.560461;-4.662459;2.899234;2.492412;-0.040549;7.456733;-1.185183
205.760422;-4.821725;3.021184;2.483802;-0.040799;7.424883;-1.499578
205.960384;-4.980114;3.144504;2.476619;-0.030784;7.384387;-1.809250
206.160345;-5.137838;3.268880;2.471433;-0.020873;7.335231;-2.117982
206.360307;-5.295044;3.393921;2.468230;-0.011016;7.277265;-2.430069
206.560268;-5.451880;3.519235;2.467008;-0.001158;7.210183;-2.734774
206.760230;-5.608492;3.644429;2.467768;0.008759;7.133936;-3.016753
206.960191;-5.765029;3.769114;2.470522;0.018792;7.048870;-3.276564
207.160153;-5.921637;3.892897;2.475288;0.029000;6.955300;-3.512382
207.360115;-6.078465;4.015386;2.482093;0.039439;6.853577;-3.720058
207.560076;-6.235659;4.136190;2.490969;0.050165;6.744166;-3.892869
207.760038;-6.393406;4.254964;2.501481;0.050068;6.627739;-4.021123
207.959999;-6.551790;4.371824;2.509884;0.035218;6.505289;-4.092041
208.159961;-6.710749;4.487418;2.515311;0.019957;6.378267;-4.091250
208.359922;-6.870268;4.602466;2.517723;0.004582;6.248688;-4.008813
208.559884;-7.030331;4.717687;2.517122;-0.010622;6.119059;-3.926280
208.759845;-7.190923;4.833800;2.513544;-0.025377;5.989380;-3.843134
208.959807;-7.352028;4.951524;2.507063;-0.039424;5.859669;-3.690019
209.159768;-7.513630;5.071580;2.497788;-0.052525;5.732364;-3.494086
209.359730;-7.675713;5.194686;2.485858;-0.064469;5.609156;-3.276674
209.559691;-7.838263;5.321562;2.471443;-0.075077;5.491103;-3.052704
209.759653;-8.001335;5.453010;2.454137;-0.096979;5.378788;-2.832202
209.959615;-8.163622;5.589450;2.429486;-0.136062;5.272447;-2.621955
210.159576;-8.322170;5.730784;2.396029;-0.180077;5.172052;-2.426836
210.359538;-8.474086;5.877004;2.352736;-0.232289;5.077359;-2.250806
210.559499;-8.616477;6.028103;2.298120;-0.296216;4.987928;-2.097721
210.759461;-8.746450;6.184074;2.230246;-0.375437;4.903111;-1.964614
210.959422;-8.861111;6.344910;2.146818;-0.472643;4.822323;-1.838064
211.159384;-8.957567;6.510603;2.045465;-0.587302;4.745495;-1.571591
211.359345;-9.032924;6.681147;1.924394;-0.711446;4.678804;-1.259359
211.559307;-9.084290;6.856533;1.783524;-0.825023;4.624668;-0.927888
211.759268;-9.108842;7.036424;1.629304;-0.824978;4.584373;-0.597438
211.959230;-9.106276;7.219958;1.487698;-0.715618;4.558239;-0.265612
212.159191;-9.078768;7.405857;1.363472;-0.607746;4.546572;0.059953
212.359153;-9.028548;7.592463;1.255346;-0.514115;4.549208;0.385775
212.559115;-8.957844;7.778121;1.160996;-0.438796;4.566134;0.718795
212.759076;-8.868885;7.961174;1.077823;-0.381326;4.597503;1.056555
212.959038;-8.763902;8.139965;1.003328;-0.339649;4.643229;1.392965
213.158999;-8.645124;8.312840;0.935238;-0.311649;4.702835;1.731426
213.358961;-8.514779;8.478141;0.871493;-0.295823;4.775887;2.073345
213.558922;-8.375098;8.634211;0.810170;-0.291587;4.861921;2.417864
213.758884;-8.227925;8.779772;0.749651;-0.289399;4.960366;2.761188
213.958845;-8.074573;8.914430;0.692034;-0.274113;5.070453;3.095542
214.158807;-7.916000;9.038791;0.638796;-0.253338;5.191096;3.337909
214.358768;-7.752716;9.153958;0.590609;-0.228304;5.318118;3.488224
214.558730;-7.585227;9.261035;0.547967;-0.200260;5.447697;3.573590
214.758691;-7.414042;9.361125;0.511198;-0.170318;5.577326;3.659054
214.958653;-7.239669;9.455332;0.480497;-0.139365;5.707005;3.744103
215.158615;-7.062616;9.544760;0.455959;-0.108036;5.836716;3.756454
215.358576;-6.883390;9.630512;0.437606;-0.076740;5.964021;3.712739
215.558538;-6.702501;9.713691;0.425424;-0.045693;6.087229;3.628613
215.758499;-6.520777;9.795235;0.418791;-0.026966;6.205282;3.516929
215.958461;-6.338561;9.875805;0.414069;-0.020454;6.317597;3.388019
216.158422;-6.155696;9.955772;0.410630;-0.014025;6.423938;3.250494
216.358384;-5.972345;10.035340;0.408464;-0.007660;6.524333;3.112060
216.558345;-5.788670;10.114715;0.407564;-0.001341;6.619026;2.980300
216.758307;-5.604837;10.194099;0.407926;0.004952;6.708457;2.863488
216.958268;-5.421007;10.273698;0.409547;0.011240;6.793274;2.760909
217.158230;-5.237346;10.353716;0.412430;0.017541;6.874062;2.655898
217.358191;-5.054016;10.434358;0.416576;0.023873;6.950890;2.540881
217.558153;-4.871181;10.515826;0.421993;0.030254;7.023606;2.409901
217.758115;-4.688805;10.598406;0.428349;0.029849;7.091883;2.258465
217.958076;-4.506899;10.682073;0.433605;0.022647;7.155279;2.083257
218.158038;-4.325508;10.766502;0.437412;0.015402;7.213263;1.888487
218.357999;-4.144481;10.851441;0.439765;0.008126;7.265426;1.695682
218.557961;-3.963665;10.936639;0.440661;0.000831;7.311946;1.504941
218.757922;-3.782911;11.021846;0.440097;-0.006474;7.352987;1.316377
218.957884;-3.602065;11.106809;0.438073;-0.013779;7.388699;1.130110
219.157845;-3.420976;11.191279;0.434591;-0.021074;7.419220;0.946265
219.357807;-3.239494;11.275004;0.429652;-0.028345;7.444680;0.764967
219.557768;-3.057466;11.357732;0.423260;-0.035581;7.465198;0.586345
219.757730;-2.874961;11.439133;0.415846;-0.034899;7.480888;0.410524
219.957691;-2.691965;11.519239;0.409644;-0.027204;7.491853;0.237631
220.157653;-2.508427;11.598395;0.404973;-0.019545;7.498192;0.067789
220.357615;-2.324494;11.676872;0.401827;-0.011914;7.500000;0.000000
220.557576;-2.140313;11.754936;0.400206;-0.004303;7.500000;0.000000
220.757538;-1.956029;11.832856;0.400105;0.003298;7.500000;0.000000
220.957499;-1.771789;11.910901;0.401526;0.010900;7.500000;0.000000
221.157461;-1.587740;11.989339;0.404467;0.018512;7.500000;0.000000
221.357422;-1.404028;12.068438;0.408933;0.026144;7.500000;0.000000
221.557384;-1.220800;12.148468;0.414925;0.033801;7.500000;0.000000
221.757345;-1.038024;12.229761;0.422078;0.034385;7.500000;0.000000
221.957307;-0.855736;12.312334;0.428389;0.028687;7.500000;0.000000
222.157268;-0.673988;12.395922;0.433557;0.022970;7.500000;0.000000
222.357230;-0.492675;12.480322;0.437578;0.017239;7.500000;0.000000
222.557191;-0.311691;12.565329;0.440451;0.011498;7.500000;0.000000
222.757153;-0.130932;12.650738;0.442175;0.005751;7.500000;0.000000
222.957115;0.049708;12.736345;0.442750;-0.000000;7.500000;0.000000
223.157076;0.230335;12.821946;0.442175;-0.005754;7.500000;0.000000
223.357038;0.411053;12.907335;0.440450;-0.011507;7.500000;0.000000
223.556999;0.591968;12.992310;0.437575;-0.017259;7.500000;0.000000
223.756961;0.773148;13.076657;0.433801;-0.018483;7.500000;0.000000
223.956922;0.954628;13.160335;0.430352;-0.016037;7.500000;0.000000
224.156884;1.136396;13.243441;0.427391;-0.013591;7.500000;0.000000
224.356845;1.318414;13.326064;0.424919;-0.011146;7.500000;0.000000
224.556807;1.500644;13.408293;0.422935;-0.008702;7.500000;0.000000
224.756768;1.683046;13.490219;0.421439;-0.006260;7.500000;0.000000
224.956730;1.865581;13.571930;0.420431;-0.003820;7.500000;0.000000
225.156691;2.048212;13.653516;0.419911;-0.001382;7.500000;0.000000
225.356653;2.230898;13.735067;0.419878;0.001054;7.500000;0.000000
225.556614;2.413602;13.816672;0.420332;0.003488;7.500000;0.000000
225.756576;2.596192;13.898375;0.421191;0.004478;7.500000;0.000000
225.956538;2.778669;13.980222;0.422077;0.004380;7.500000;0.000000
226.156499;2.961094;14.062238;0.422943;0.004283;7.500000;0.000000
226.356461;3.143457;14.144414;0.423790;0.004186;7.500000;0.000000
226.556422;3.325749;14.226743;0.424618;0.004091;7.500000;0.000000
226.756384;3.507962;14.309214;0.425427;0.003997;7.500000;0.000000
226.956345;3.690086;14.391821;0.426217;0.003903;7.500000;0.000000
227.156307;3.872113;14.474555;0.426988;0.003811;7.500000;0.000000
227.356268;4.054032;14.557408;0.427740;0.003719;7.500000;0.000000
227.556230;4.235835;14.640371;0.428475;0.003628;7.500000;0.000000
227.756191;4.417702;14.723522;0.429185;0.003439;7.500000;0.000000
227.956153;4.599587;14.806833;0.429847;0.003178;7.500000;0.000000
228.156114;4.781367;14.890236;0.430457;0.002916;7.500000;0.000000
228.356076;4.963059;14.973726;0.431013;0.002652;7.500000;0.000000
228.556038;5.144679;15.057300;0.431517;0.002388;7.500000;0.000000
228.755999;5.326243;15.140953;0.431968;0.002123;7.500000;0.000000
228.955961;5.507766;15.224681;0.432366;0.001857;7.500000;0.000000
229.155922;5.689266;15.308480;0.432710;0.001591;7.500000;-0.013907
229.355884;5.870757;15.392345;0.433002;0.001325;7.499629;-0.228730
229.555845;6.052256;15.476271;0.433240;0.001058;7.493528;-0.439224
229.755807;6.233791;15.560258;0.433337;-0.000661;7.481798;-0.646188
229.955768;6.415382;15.644239;0.432938;-0.003329;7.464508;-0.850583
230.155730;6.597045;15.728108;0.432005;-0.005997;7.441688;-1.053551
230.355691;6.778808;15.811758;0.430538;-0.008668;7.413324;-1.256436
230.555653;6.960698;15.895084;0.428536;-0.011343;7.379356;-1.449094
230.755614;7.142741;15.977982;0.425999;-0.014025;7.339984;-1.625217
230.955576;7.324964;16.060345;0.422926;-0.016715;7.295575;-1.783665
231.155538;7.507395;16.142068;0.419315;-0.019416;7.246522;-1.922908
231.355499;7.690059;16.223047;0.415164;-0.022130;7.193265;-2.041072
231.555461;7.872984;16.303175;0.410473;-0.024857;7.136301;-2.136023
231.755422;8.056147;16.382316;0.404998;-0.031435;7.076196;-2.205481
231.955384;8.239686;16.460256;0.397852;-0.040236;7.013596;-2.247213
232.155345;8.423803;16.536703;0.388955;-0.049008;6.949231;-2.259324
232.355307;8.608668;16.611352;0.378315;-0.057720;6.883913;-2.240673
232.555268;8.794455;16.683897;0.365942;-0.066337;6.818516;-2.221945
232.755230;8.981334;16.754034;0.351851;-0.074817;6.753040;-2.199476
232.955191;9.169477;16.821456;0.336066;-0.083108;6.687595;-2.156967
233.155153;9.359057;16.885857;0.318615;-0.091154;6.622787;-2.098640
233.355114;9.550246;16.946932;0.299537;-0.098888;6.559117;-2.028427
233.555076;9.743214;17.004376;0.278880;-0.106238;6.496984;-1.949884
233.755038;9.937640;17.057731;0.256268;-0.120644;6.436692;-1.866175
233.954999;10.133566;17.106395;0.230001;-0.139756;6.378454;-1.780101
234.154961;10.330858;17.149523;0.199744;-0.160101;6.322402;-1.694154
234.354922;10.529135;17.186195;0.165291;-0.181863;6.268591;-1.610574
234.554884;10.728016;17.215489;0.126418;-0.205125;6.217003;-1.531428
234.754845;10.927122;17.236486;0.082898;-0.229830;6.167550;-1.441732
234.954807;11.126070;17.248266;0.034527;-0.255726;6.120629;-1.330728
235.154768;11.324481;17.249909;-0.018850;-0.282304;6.076998;-1.198677
235.354730;11.521973;17.240494;-0.077298;-0.308745;6.037427;-1.034784
235.554691;11.718167;17.219101;-0.140754;-0.333885;6.003057;-0.703342
235.754653;11.912565;17.184904;-0.207326;-0.331080;5.979583;-0.382566
235.954614;12.104776;17.137966;-0.271121;-0.313760;5.966776;-0.069403
236.154576;12.294377;17.078958;-0.331773;-0.297208;5.964450;0.239180
236.354538;12.480884;17.008569;-0.389479;-0.281908;5.972463;0.546270
236.554499;12.663812;16.927489;-0.444491;-0.268189;5.990724;0.855083
236.754461;12.842675;16.836409;-0.497099;-0.256265;6.019198;1.159386
236.954422;13.016988;16.736018;-0.547614;-0.246266;6.057591;1.350271
237.154384;13.186267;16.627008;-0.596364;-0.238276;6.102001;1.502902
237.354345;13.350026;16.510068;-0.643685;-0.232355;6.151054;1.645331
237.554307;13.507781;16.385889;-0.689922;-0.228563;6.204310;1.775571
237.754268;13.659383;16.254904;-0.734637;-0.212432;6.261275;1.891071
237.954230;13.804965;16.117911;-0.774518;-0.186277;6.321380;1.988775
238.154191;13.945134;15.975820;-0.808987;-0.158956;6.383980;2.065267
238.354153;14.080697;15.829388;-0.837932;-0.131087;6.448344;2.117044
238.554114;14.212458;15.679374;-0.861309;-0.103082;6.513663;2.140971
238.754076;14.341223;15.526535;-0.879118;-0.075172;6.579060;2.164976
238.954038;14.467797;15.371631;-0.891379;-0.047443;6.644535;2.185383
239.153999;14.592985;15.215418;-0.898114;-0.019876;6.709980;2.185226
239.353961;14.717592;15.058654;-0.899342;0.007611;6.774788;2.167313
239.553922;14.842425;14.902098;-0.895065;0.035126;6.838458;2.134532
239.753884;14.968302;14.746396;-0.886701;0.039953;6.900591;2.089759
239.953845;15.095371;14.591744;-0.879573;0.031269;6.960884;2.035805
240.153807;15.223349;14.437960;-0.874188;0.022552;7.019122;1.975400
240.353768;15.351974;14.284808;-0.870551;0.013812;7.075173;1.911209
240.553730;15.480985;14.132054;-0.868665;0.005057;7.128984;1.845856
240.753691;15.610124;13.979463;-0.868530;-0.003709;7.180572;1.781961
240.953653;15.739129;13.826800;-0.870148;-0.012481;7.230025;1.702056
241.153614;15.867739;13.673832;-0.873519;-0.021255;7.276947;1.592550
241.353576;15.995696;13.520322;-0.878643;-0.030022;7.320577;1.452603
241.553538;16.122738;13.366037;-0.885518;-0.038774;7.360148;1.281759
241.753499;16.248556;13.210842;-0.893570;-0.038696;7.394889;1.095926
241.953461;16.373170;13.054686;-0.900808;-0.033757;7.424465;0.912539
242.153422;16.496763;12.897647;-0.907061;-0.028826;7.449001;0.731723
242.353384;16.619485;12.739854;-0.912331;-0.023904;7.468618;0.553606
242.553345;16.741484;12.581434;-0.916619;-0.018991;7.483425;0.378314
242.753307;16.862909;12.422513;-0.919927;-0.014087;7.493527;0.205972
242.953268;16.983910;12.263220;-0.922255;-0.009191;7.499021;0.036705
243.153230;17.104635;12.103682;-0.923604;-0.004300;7.500000;0.000000
243.353191;17.225233;11.944027;-0.923976;0.000588;7.500000;0.000000
243.553153;17.345852;11.784382;-0.923369;0.005475;7.500000;0.000000
243.753114;17.466625;11.624874;-0.922116;0.005293;7.500000;0.000000
243.953076;17.587554;11.465507;-0.921345;0.002406;7.500000;0.000000
244.153037;17.708549;11.306211;-0.921153;-0.000482;7.500000;0.000000
244.352999;17.829517;11.146920;-0.921538;-0.003372;7.500000;0.000000
244.552961;17.950364;10.987565;-0.922502;-0.006263;7.500000;0.000000
244.752922;18.070996;10.828080;-0.924044;-0.009157;7.500000;0.000000
244.952884;18.191317;10.668398;-0.926164;-0.012054;7.500000;0.000000
245.152845;18.311234;10.508451;-0.928863;-0.014953;7.500000;0.000000
245.352807;18.430653;10.348173;-0.932142;-0.017855;7.500000;0.000000
245.552768;18.549480;10.187497;-0.936000;-0.020759;7.500000;0.000000
245.752730;18.667694;10.026288;-0.939989;-0.016813;7.500000;0.000000
245.952691;18.785382;9.864663;-0.942601;-0.009316;7.500000;0.000000
246.152653;18.902761;9.702831;-0.943714;-0.001815;7.500000;0.000000
246.352614;19.020076;9.540964;-0.943327;0.005688;7.500000;0.000000
246.552576;19.137574;9.379231;-0.941440;0.013190;7.500000;0.000000
246.752537;19.255503;9.217802;-0.938054;0.020689;7.500000;0.000000
246.952499;19.374109;9.056849;-0.933168;0.028179;7.500000;0.000000
247.152461;19.493639;8.896540;-0.926785;0.035655;7.500000;0.000000
247.352422;19.614339;8.737048;-0.918908;0.043107;7.500000;0.000000
247.552384;19.736458;8.578541;-0.909540;0.050523;7.500000;0.000000
247.752345;19.860104;8.421285;-0.899776;0.041852;7.500000;0.000000
247.952307;19.985077;8.265043;-0.893044;0.025453;7.500000;0.000000
248.152268;20.110888;8.109384;-0.889587;0.009104;7.500000;0.000000
248.352230;20.236999;7.953936;-0.889399;-0.007226;7.500000;0.000000
248.552191;20.362870;7.798324;-0.892480;-0.023572;7.500000;0.000000
248.752153;20.487961;7.642174;-0.898836;-0.039968;7.500000;0.000000
248.952114;20.611734;7.485114;-0.908473;-0.056433;7.500000;0.000000
249.152076;20.733649;7.326768;-0.921401;-0.072969;7.500000;0.000000
249.352037;20.853166;7.166765;-0.937630;-0.089550;7.500000;0.000000
249.551999;20.969747;7.004729;-0.957160;-0.106116;7.500000;0.000000
249.751961;21.083010;6.840202;-0.978137;-0.094971;7.500000;0.000000
249.951922;21.193205;6.673460;-0.994679;-0.070557;7.500000;0.000000
250.151884;21.301083;6.505110;-1.006349;-0.046185;7.500000;0.000000
250.351845;21.407442;6.335705;-1.013155;-0.021880;7.500000;0.000000
250.551807;21.513084;6.165796;-1.015106;0.002379;7.500000;0.000000
250.751768;21.618807;5.995936;-1.012203;0.026639;7.500000;0.000000
250.951730;21.725412;5.826677;-1.004445;0.050944;7.500000;0.000000
251.151691;21.833698;5.658571;-0.991823;0.075309;7.500000;0.000000
251.351653;21.944467;5.492170;-0.974331;0.099695;7.500000;0.000000
251.551614;22.058517;5.328027;-0.951973;0.123982;7.500000;0.000000
251.751576;22.176493;5.166806;-0.926006;0.130561;7.500000;0.000000
251.951537;22.298653;5.008687;-0.900035;0.129404;7.500000;0.000000
252.151499;22.424922;4.853704;-0.874270;0.128385;7.500000;0.000000
252.351461;22.555180;4.701955;-0.848684;0.127508;7.500000;0.000000
252.551422;22.689301;4.553536;-0.823252;0.126776;7.500000;0.000000
252.751384;22.827164;4.408546;-0.797948;0.126192;7.500000;0.000000
252.951345;22.968645;4.267082;-0.772745;0.125760;7.500000;0.000000
253.151307;23.113622;4.129239;-0.747617;0.125479;7.500000;0.000000
253.351268;23.261972;3.995117;-0.722537;0.125354;7.500000;0.000000
253.551230;23.413571;3.864811;-0.697477;0.125384;7.500000;0.000000
253.751191;23.568576;3.738197;-0.672361;0.125627;7.500000;0.000000
253.951153;23.726748;3.615496;-0.647180;0.125956;7.500000;0.000000
254.151114;23.887879;3.496882;-0.621941;0.126327;7.500000;0.000000
254.351076;24.051885;3.382427;-0.596635;0.126739;7.500000;0.000000
254.551037;24.218681;3.272203;-0.571252;0.127190;7.500000;0.000000
254.750999;24.388180;3.166284;-0.545781;0.127677;7.500000;0.000000
254.950961;24.560298;3.064741;-0.520214;0.128198;7.500000;0.000000
255.150922;24.734949;2.967646;-0.494542;0.128749;7.500000;0.000000
255.350884;24.912048;2.875073;-0.468755;0.129326;7.500000;0.000000
255.550845;25.091508;2.787094;-0.442847;0.129926;7.500000;0.000000
255.750807;25.272880;2.703914;-0.417408;0.122905;7.500000;0.000000
255.950768;25.456202;2.625220;-0.393887;0.112889;7.500000;0.000000
256.150730;25.641397;2.550616;-0.372346;0.102897;7.500000;0.000000
256.350691;25.828252;2.479772;-0.352776;0.092978;7.500000;0.000000
256.550653;26.016554;2.412355;-0.335163;0.083163;7.500000;0.000000
256.750614;26.206089;2.348034;-0.319490;0.073468;7.500000;0.000000
256.950576;26.396644;2.286478;-0.305739;0.063892;7.500000;0.000000
257.150537;26.588006;2.227355;-0.293892;0.054426;7.500000;0.000000
257.350499;26.779961;2.170333;-0.283933;0.045047;7.500000;-0.015626
257.550461;26.972295;2.115081;-0.275852;0.035727;7.499583;-0.102724
257.750422;27.165129;2.061209;-0.268964;0.035654;7.496844;-0.171012
257.950384;27.358244;2.008743;-0.261480;0.039146;7.492281;-0.219128
258.150345;27.551588;1.957836;-0.253306;0.042618;7.486431;-0.245698
258.350307;27.745233;1.908611;-0.244446;0.046059;7.479865;-0.249404
258.550268;27.939248;1.861187;-0.234907;0.049458;7.473195;-0.253101
258.750230;28.133704;1.815686;-0.224695;0.052804;7.466419;-0.255434
258.950191;28.328674;1.772228;-0.213818;0.056084;7.459575;-0.248789
259.150153;28.524227;1.730934;-0.202287;0.059284;7.452903;-0.234004
259.350114;28.720434;1.691926;-0.190115;0.062392;7.446622;-0.211931
259.550076;28.917366;1.655324;-0.177315;0.065392;7.440929;-0.183421
259.750037;29.114897;1.621305;-0.163449;0.074583;7.435999;-0.149310
259.949999;29.313069;1.590221;-0.147334;0.086127;7.431982;-0.110414
260.149961;29.511805;1.562559;-0.128872;0.097944;7.429011;-0.067522
260.349922;29.710962;1.538818;-0.108016;0.110074;7.427193;-0.021396
260.549884;29.910395;1.519498;-0.084718;0.122531;7.426617;-0.000000
260.749845;30.109964;1.505097;-0.058928;0.135304;7.426617;0.000000
260.949807;30.309525;1.496114;-0.030600;0.148348;7.426617;0.000000
261.149768;30.508934;1.493049;0.000303;0.161574;7.426617;0.000000
261.349730;30.708050;1.496401;0.033804;0.174853;7.426617;0.000000
261.549691;30.906729;1.506670;0.069904;0.188002;7.426617;-0.000000
261.749653;31.105253;1.524348;0.107649;0.187399;7.426617;0.000000
261.949614;31.303158;1.549452;0.144535;0.182388;7.426617;0.000000
262.149576;31.500116;1.581757;0.180445;0.177454;7.426617;0.000000
262.349537;31.695943;1.621046;0.215408;0.172658;7.426617;0.000000
262.549499;31.890450;1.667104;0.249458;0.168055;7.426617;-0.000000
262.749461;32.083452;1.719714;0.282636;0.163686;7.426617;0.000000
262.949422;32.274761;1.778658;0.314990;0.159589;7.426617;0.000000
263.149384;32.464190;1.843721;0.346570;0.155793;7.426617;-0.000000
263.349345;32.651554;1.914686;0.377432;0.152323;7.426617;0.000000
263.549307;32.836664;1.991337;0.407632;0.149196;7.426617;-0.189387
263.749268;33.018997;2.073209;0.435640;0.127033;7.421516;-0.343658
263.949230;33.199120;2.159646;0.458289;0.099687;7.412251;-0.483946
264.149191;33.377586;2.249704;0.475484;0.072357;7.399184;-0.612226
264.349153;33.554844;2.342395;0.487233;0.045140;7.382620;-0.730256
264.549114;33.731345;2.436730;0.493553;0.018034;7.362815;-0.858870
264.749076;33.907540;2.531721;0.494454;-0.009022;7.339452;-0.978790
264.949037;34.083877;2.626378;0.489939;-0.036112;7.312736;-1.089866
265.148999;34.260809;2.719714;0.479998;-0.063307;7.282874;-1.197895
265.348960;34.438784;2.810738;0.464614;-0.090634;7.249909;-1.300221
265.548922;34.618253;2.898463;0.443772;-0.118034;7.213959;-1.394077
265.748884;34.799424;2.981995;0.420967;-0.102123;7.175212;-1.476661
265.948845;34.982251;3.061819;0.403237;-0.075624;7.133942;-1.545225
266.148807;35.166364;3.138917;0.390787;-0.049138;7.090497;-1.597211
266.348768;35.351352;3.214258;0.383610;-0.022737;7.045310;-1.630407
266.548730;35.536806;3.288807;0.381697;0.003571;6.998882;-1.665797
266.748691;35.722313;3.363532;0.385035;0.029804;6.951127;-1.656884
266.948653;35.907464;3.439399;0.393618;0.055976;6.903299;-1.600771
267.148614;36.091849;3.517376;0.407438;0.082065;6.856774;-1.520686
267.348576;36.275056;3.598429;0.426479;0.107978;6.812283;-1.419602
267.548537;36.456676;3.683525;0.450708;0.133527;6.770485;-1.300184
267.748499;36.636627;3.773745;0.479151;0.146811;6.731975;-1.164670
267.948460;36.814070;3.869377;0.509864;0.158074;6.697291;-1.014793
268.148422;36.988293;3.970568;0.542930;0.170314;6.666924;-0.851757
268.348384;37.158669;4.077503;0.578505;0.183544;6.641328;-0.684828
268.548345;37.324570;4.190367;0.616744;0.197736;6.620676;-0.523144
268.748307;37.485370;4.309345;0.657793;0.212808;6.604857;-0.366078
268.948268;37.640442;4.434625;0.701784;0.228608;6.593765;-0.213059
269.148230;37.789159;4.566390;0.748822;0.244889;6.587301;-0.063559
269.348191;37.930894;4.704826;0.798973;0.261300;6.585371;0.000000
269.548153;38.065020;4.850120;0.852246;0.277371;6.585371;0.000000
269.748114;38.191034;5.002395;0.906118;0.262355;6.585371;0.181789
269.948076;38.309136;5.161205;0.955868;0.240268;6.590889;0.396041
270.148037;38.419840;5.325893;1.001335;0.217971;6.602893;0.582927
270.347999;38.523662;5.495805;1.042543;0.196003;6.620523;0.547752
270.547960;38.621117;5.670285;1.079575;0.174714;6.637046;0.399140
270.747922;38.712724;5.848681;1.112550;0.154291;6.649061;0.268746
270.947884;38.798998;6.030336;1.141602;0.134794;6.657138;0.158503
271.147845;38.880456;6.214597;1.166870;0.116182;6.661897;0.066921
271.347807;38.957615;6.400809;1.188479;0.098341;6.663906;-0.006815
271.547768;39.030990;6.588318;1.206537;0.081098;6.663701;-0.062906
271.747730;39.100965;6.776208;1.221741;0.071598;6.661813;-0.101027
271.947691;39.168062;6.964583;1.235210;0.063056;6.658780;-0.120454
272.147653;39.232680;7.153490;1.246926;0.054268;6.655162;-0.120295
272.347614;39.295194;7.342921;1.256859;0.045298;6.651546;-0.099842
272.547576;39.355981;7.532870;1.264988;0.036209;6.648544;-0.099755
272.747537;39.415419;7.723329;1.271300;0.027054;6.645543;-0.084255
272.947499;39.473884;7.914289;1.275787;0.017885;6.643008;-0.066174
273.147460;39.531752;8.105743;1.278449;0.008747;6.641015;-0.054926
273.347422;39.589401;8.297684;1.279292;-0.000318;6.639361;-0.050705
273.547384;39.647207;8.490104;1.278326;-0.009269;6.637834;-0.053530
273.747345;39.705372;8.682973;1.278333;0.013656;6.636221;-0.063368
273.947307;39.763097;8.876307;1.283899;0.041535;6.634312;-0.080219
274.147268;39.819195;9.070108;1.295111;0.069688;6.631893;-0.104182
274.347230;39.872480;9.264373;1.312034;0.098466;6.628751;-0.135501
274.547191;39.921765;9.459100;1.334774;0.128132;6.624663;-0.165987
274.747153;39.965861;9.654287;1.363466;0.158813;6.619651;-0.187681
274.947114;40.003582;9.849933;1.398246;0.190442;6.613979;-0.199917
275.147076;40.033741;10.046034;1.439224;0.222686;6.607932;-0.201966
275.347037;40.055149;10.242590;1.486447;0.254868;6.601817;-0.197691
275.546999;40.066621;10.439597;1.539841;0.285914;6.595827;-0.110690
275.746960;40.067170;10.636981;1.595662;0.273995;6.592470;0.000000
275.946922;40.057015;10.834542;1.648024;0.255317;6.592470;0.000000
276.146884;40.036817;11.031979;1.696855;0.236805;6.592470;0.000000
276.346845;40.007234;11.228984;1.742236;0.218888;6.592470;0.000000
276.546807;39.968928;11.425250;1.784289;0.201853;6.592470;0.194310
276.746768;39.922559;11.620471;1.823171;0.185871;6.598361;0.474265
276.946730;39.868787;11.814339;1.859054;0.171017;6.612718;0.727276
277.146691;39.808271;12.006547;1.892116;0.157303;6.634674;0.955371
277.346653;39.741673;12.196787;1.922534;0.144690;6.663405;1.159275
277.546614;39.669652;12.384753;1.950478;0.133107;6.698104;1.338522
277.746576;39.592761;12.570381;1.976187;0.122827;6.737945;1.491535
277.946537;39.511518;12.753609;1.999749;0.112202;6.782064;1.615744
278.146499;39.426333;12.934641;2.021103;0.101208;6.829537;1.707763
278.346460;39.337604;13.113708;2.040209;0.089955;6.879356;1.763708
278.546422;39.245730;13.291039;2.057036;0.078532;6.930432;1.779724
278.746384;39.151110;13.466866;2.071568;0.067008;6.981593;1.795808
278.946345;39.054140;13.641419;2.083793;0.055435;7.032839;1.795522
279.146307;38.955221;13.814930;2.093707;0.043848;7.083707;1.771095
279.346268;38.854751;13.987629;2.101311;0.032270;7.133527;1.724561
279.546230;38.753127;14.159746;2.106606;0.020712;7.181706;1.658082
279.746191;38.650817;14.331318;2.110292;0.017131;7.227724;1.573816
279.946153;38.547895;14.502582;2.113464;0.014614;7.271135;1.473836
280.146114;38.444439;14.673602;2.116134;0.012103;7.311554;1.360073
280.346076;38.340538;14.844420;2.118303;0.009599;7.348656;1.234297
280.546037;38.236285;15.015080;2.119972;0.007099;7.382166;1.098101
280.745999;38.131771;15.185622;2.121143;0.004604;7.411851;0.952900
280.945960;38.027086;15.356090;2.121814;0.002111;7.437514;0.800505
281.145922;37.922323;15.526525;2.121987;-0.000381;7.459005;0.640064
281.345884;37.817571;15.696969;2.121662;-0.002873;7.476144;0.470693
281.545845;37.712923;15.867465;2.120838;-0.005365;7.488723;0.296776
281.745807;37.608449;16.038062;2.119749;-0.005219;7.496643;0.125868
281.945768;37.504163;16.208751;2.118754;-0.004729;7.500000;0.000000
282.145730;37.400050;16.379520;2.117857;-0.004239;7.500000;0.000000
282.345691;37.296091;16.550362;2.117059;-0.003748;7.500000;0.000000
282.545653;37.192270;16.721265;2.116358;-0.003258;7.500000;0.000000
282.745614;37.088569;16.892222;2.115756;-0.002767;7.500000;0.000000
282.945576;36.984971;17.063223;2.115252;-0.002275;7.500000;0.000000
283.145537;36.881458;17.234258;2.114846;-0.001784;7.500000;0.000000
283.345499;36.778013;17.405319;2.114538;-0.001292;7.500000;0.000000
283.545460;36.674619;17.576395;2.114329;-0.000800;7.500000;0.000000
283.745422;36.571257;17.747478;2.114237;-0.000096;7.500000;0.000000
283.945383;36.467900;17.918560;2.114291;0.000635;7.500000;0.000000
284.145345;36.364520;18.089631;2.114491;0.001366;7.500000;0.000000
284.345307;36.261087;18.260684;2.114837;0.002097;7.500000;0.000000
284.545268;36.157572;18.431710;2.115330;0.002827;7.500000;0.000000
284.745230;36.053947;18.602701;2.115968;0.003556;7.500000;0.000000
284.945191;35.950182;18.773648;2.116752;0.004284;7.500000;0.000000
285.145153;35.846248;18.944544;2.117681;0.005010;7.500000;0.000000
285.345114;35.742116;19.115379;2.118756;0.005734;7.500000;-0.275381
285.545076;35.637757;19.286145;2.119976;0.006457;7.492654;-0.545738
285.745037;35.533177;19.456832;2.120858;0.001769;7.478076;-0.803035
285.944999;35.428516;19.627514;2.120677;-0.003572;7.456572;-1.048668
286.144960;35.323976;19.798275;2.119427;-0.008916;7.428397;-1.284246
286.344922;35.219755;19.969198;2.117107;-0.014269;7.393746;-1.511628
286.544883;35.116055;20.140365;2.113714;-0.019640;7.352751;-1.739409
286.744845;35.013075;20.311860;2.109246;-0.025035;7.305293;-2.055967
286.944807;34.911016;20.483766;2.103700;-0.030459;7.248799;-2.380988
287.144768;34.810079;20.656166;2.097070;-0.035919;7.182818;-2.655182
287.344730;34.710463;20.829142;2.089352;-0.041415;7.108516;-2.881026
287.544691;34.612369;21.002777;2.080542;-0.046951;7.027006;-3.059649
287.744653;34.515793;21.177325;2.072266;-0.034039;6.939394;-3.191731
287.944614;34.420445;21.352449;2.066993;-0.018832;6.846805;-3.278854
288.144576;34.325771;21.527899;2.064759;-0.003583;6.750367;-3.325426
288.344537;34.231206;21.703448;2.065564;0.011657;6.651131;-3.340938
288.544499;34.136182;21.878872;2.069406;0.026839;6.549918;-3.347280
288.744460;34.040132;22.053944;2.076273;0.041910;6.446919;-3.384594
288.944422;33.942489;22.228438;2.086146;0.056806;6.341072;-3.450150
289.144383;33.842686;22.402129;2.098998;0.071449;6.231324;-3.534047
289.344345;33.740158;22.574791;2.114788;0.085740;6.116866;-3.627297
289.544307;33.634335;22.746198;2.133462;0.099559;5.997117;-3.711455
289.744268;33.525400;22.915640;2.149039;0.049515;5.872062;-3.772527
289.944230;33.414572;23.084295;2.153428;-0.005927;5.742159;-3.795999
290.144191;33.303956;23.253067;2.146642;-0.061450;5.608412;-3.764787
290.344153;33.195697;23.422797;2.128595;-0.118144;5.472537;-3.673721
290.544114;33.091937;23.594328;2.099072;-0.176793;5.336614;-3.582559
290.744076;32.994821;23.768501;2.057794;-0.237518;5.200645;-3.433453
290.944037;32.906493;23.946158;2.004538;-0.299341;5.066911;-3.233836
291.143999;32.829097;24.128139;1.939308;-0.359712;4.937641;-3.001357
291.343960;32.764776;24.315287;1.862565;-0.414231;4.814560;-2.751620
291.543922;32.715675;24.508442;1.775466;-0.456960;4.698889;-2.326418
291.743883;32.683246;24.711882;1.683288;-0.433210;4.598822;-1.935180
291.943845;32.669078;24.920186;1.594645;-0.418476;4.513894;-1.579468
292.143807;32.673248;25.129599;1.507059;-0.420327;4.443374;-1.252519
292.343768;32.695733;25.336860;1.417767;-0.438873;4.386646;-0.948401
292.543730;32.736507;25.538710;1.323936;-0.475342;4.343199;-0.661756
292.743691;32.795545;25.731887;1.222550;-0.531785;4.312624;-0.383782
292.943653;32.872824;25.913132;1.110394;-0.610196;4.294793;-0.058698
293.143614;32.968317;26.079183;0.984198;-0.710399;4.292059;0.271127
293.343576;33.082001;26.226780;0.841147;-0.825951;4.304672;0.574666
293.543537;33.213791;26.352615;0.680064;-0.925887;4.331284;0.855851
293.743499;33.362419;26.454178;0.522124;-0.817837;4.370617;1.094901
293.943460;33.526700;26.533867;0.385485;-0.676005;4.420427;1.289909
294.143422;33.704511;26.594083;0.271996;-0.535299;4.478397;1.442128
294.343383;33.893725;26.637232;0.180375;-0.412912;4.542332;1.554735
294.543345;34.092220;26.665715;0.108023;-0.312638;4.610266;1.639395
294.743307;34.297869;26.681937;0.052190;-0.231821;4.680831;1.727121
294.943268;34.508548;26.688301;0.010523;-0.165757;4.754040;1.846745
295.143230;34.722132;26.687210;-0.018739;-0.109584;4.831092;1.998543
295.343191;34.936496;26.681069;-0.036734;-0.058752;4.913117;2.177299
295.543153;35.148991;26.672298;-0.044264;-0.022856;5.000947;2.377893
295.743114;35.356653;26.662471;-0.050963;-0.041820;5.095139;2.586042
295.943076;35.561564;26.650999;-0.061578;-0.061832;5.195639;2.788636
296.143037;35.763899;26.637108;-0.076220;-0.082727;5.301877;2.969153
296.342999;35.963836;26.620025;-0.094970;-0.104266;5.412701;3.104708
296.542960;36.161549;26.598977;-0.117870;-0.126116;5.526208;3.188588
296.742922;36.357216;26.573191;-0.144908;-0.147837;5.640405;3.305899
296.942883;36.551011;26.541893;-0.176011;-0.168879;5.756412;3.391195
297.142845;36.743111;26.504311;-0.211025;-0.188589;5.873031;3.442345
297.342807;36.933692;26.459672;-0.249710;-0.206242;5.989087;3.463401
297.542768;37.122977;26.407190;-0.291644;-0.216745;6.103627;3.440921
297.742730;37.311085;26.346341;-0.333863;-0.210518;6.215333;3.367500
297.942691;37.497439;26.277342;-0.375179;-0.205483;6.322745;3.171135
298.142653;37.681589;26.200450;-0.415783;-0.201617;6.422251;2.976742
298.342614;37.863085;26.115920;-0.455861;-0.198895;6.514275;2.783976
298.542576;38.041474;26.024008;-0.495598;-0.197301;6.599178;2.592662
298.742537;38.216308;25.924971;-0.535178;-0.196819;6.677277;2.402734
298.942499;38.387134;25.819065;-0.574784;-0.197444;6.748847;2.214200
299.142460;38.553503;25.706545;-0.614598;-0.199174;6.814135;2.027114
299.342422;38.714963;25.587667;-0.654802;-0.202015;6.873364;1.801568
299.542383;38.871079;25.462679;-0.695420;-0.198965;6.925577;1.464926
299.742345;39.021807;25.331970;-0.732468;-0.172168;6.967745;1.165976
299.942307;39.167802;25.196313;-0.764022;-0.144365;7.001127;0.942979
300.142268;39.309860;25.056489;-0.789987;-0.116120;7.028008;0.802286
300.342230;39.448772;24.913279;-0.810328;-0.087800;7.050798;0.726436
300.542191;39.585334;24.767464;-0.825049;-0.059610;7.071370;0.682310
300.742153;39.720337;24.619824;-0.834172;-0.031629;7.090637;0.670443
300.942114;39.854576;24.471140;-0.837721;-0.003849;7.109519;0.663996
301.142076;39.988845;24.322192;-0.835721;0.023778;7.128170;0.597051
301.342037;40.123937;24.173761;-0.828184;0.051307;7.144899;0.502520
301.541999;40.260648;24.026615;-0.815475;0.064956;7.158949;0.388375
301.741960;40.399258;23.881060;-0.805082;0.038480;7.169789;0.255422
301.941922;40.539001;23.736569;-0.799999;0.012101;7.176909;0.104507
302.141883;40.679024;23.592492;-0.800219;-0.014316;7.179820;-0.063510
302.341845;40.818469;23.448181;-0.805757;-0.040921;7.178051;-0.246856
302.541806;40.956483;23.302986;-0.816644;-0.067852;7.171171;-0.462412
302.741768;41.092209;23.156257;-0.832931;-0.095193;7.158266;-0.769974
302.941730;41.224792;23.007345;-0.854670;-0.122945;7.136725;-1.159943
303.141691;41.353377;22.855602;-0.881909;-0.150978;7.104150;-1.540370
303.341653;41.477108;22.700376;-0.914664;-0.178995;7.060660;-1.908840
303.541614;41.595042;22.541152;-0.952596;-0.196701;7.006392;-2.252267
303.741576;41.706557;22.377802;-0.990728;-0.188798;6.941815;-2.536247
303.941537;41.812023;22.210195;-1.027305;-0.180548;6.868369;-2.739270
304.141499;41.911624;22.038577;-1.062296;-0.172101;6.788151;-2.746488
304.341460;42.005546;21.863193;-1.095690;-0.163587;6.706759;-2.715730
304.541422;42.093976;21.684289;-1.127490;-0.155115;6.625295;-2.684884
304.741383;42.177098;21.502111;-1.157714;-0.146774;6.543759;-2.638089
304.941345;42.255099;21.316904;-1.186388;-0.138631;6.462643;-2.582039
305.141306;42.328163;21.128914;-1.213549;-0.130739;6.382251;-2.522360
305.341268;42.396478;20.938386;-1.239236;-0.123131;6.302728;-2.473630
305.541230;42.460187;20.745716;-1.263142;-0.103987;6.223755;-2.435748
305.741191;42.519956;20.551649;-1.279279;-0.055136;6.144999;-2.297391
305.941153;42.577591;20.356768;-1.285583;-0.006939;6.069780;-2.187215
306.141114;42.634871;20.162082;-1.282088;0.041538;5.997292;-2.100053
306.341076;42.693573;19.968597;-1.268694;0.091275;5.926859;-2.050762
306.541037;42.755475;19.777323;-1.245178;0.143121;5.857261;-2.013614
306.740999;42.822354;19.589268;-1.211228;0.197574;5.788110;-1.917174
306.940960;42.895988;19.405440;-1.166507;0.254469;5.721494;-1.779778
307.140922;42.978155;19.226848;-1.110771;0.312583;5.658950;-1.607789
307.340883;43.070632;19.054498;-1.044028;0.369241;5.601850;-1.394765
307.540845;43.175643;18.888742;-0.966811;0.404093;5.551840;-1.174105
307.740806;43.295241;18.729356;-0.887810;0.389135;5.509390;-0.949571
307.940768;43.427318;18.579217;-0.811199;0.377516;5.474817;-0.740375
308.140730;43.570763;18.439107;-0.736344;0.369568;5.447708;-0.750420
308.340691;43.724463;18.309807;-0.662574;0.365477;5.420094;-0.744217
308.540653;43.887310;18.192096;-0.589202;0.365332;5.392568;-0.718023
308.740614;44.058191;18.086756;-0.515530;0.369157;5.365877;-0.746337
308.940576;44.235995;17.994567;-0.440866;0.376910;5.337992;-0.794002
309.140537;44.419612;17.916309;-0.364526;0.388462;5.308165;-0.815832
309.340499;44.607931;17.852763;-0.285856;0.403544;5.277343;-0.835644
309.540460;44.798780;17.804901;-0.205829;0.390947;5.245584;-0.852353
309.740422;44.990674;17.771982;-0.136146;0.323743;5.212991;-0.863868
309.940383;45.185030;17.751147;-0.079732;0.253338;5.179749;-0.867650
310.140345;45.381590;17.739912;-0.036748;0.183717;5.146144;-0.862304
310.340306;45.580096;17.735791;-0.006979;0.116737;5.112529;-0.882667
310.540268;45.780288;17.736300;0.009931;0.052755;5.077888;-0.924685
310.740230;45.981908;17.738954;0.014328;-0.008723;5.041344;-0.991392
310.940191;46.184698;17.741268;0.006471;-0.068499;5.001866;-1.088907
311.140153;46.388400;17.740757;-0.013485;-0.127261;4.958143;-1.205325
311.340114;46.592754;17.734936;-0.045447;-0.185216;4.909292;-1.316483
311.540076;46.797526;17.721362;-0.087519;-0.194719;4.855374;-1.397149
311.740037;47.002403;17.699741;-0.120366;-0.124636;4.797489;-1.405674
311.939999;47.206909;17.672823;-0.139037;-0.056588;4.738538;-1.369964
312.139960;47.410604;17.643590;-0.143712;0.011388;4.680370;-1.341537
312.339922;47.613048;17.615023;-0.134261;0.081798;4.622700;-1.320636
312.539883;47.813802;17.590103;-0.110200;0.157280;4.565216;-1.217441
312.739845;48.012425;17.571810;-0.070725;0.240072;4.511576;-1.073427
312.939806;48.208478;17.563126;-0.014830;0.331087;4.463746;-0.947353
313.139768;48.401520;17.567031;0.058419;0.428378;4.421104;-0.846847
313.339730;48.591112;17.586507;0.149392;0.525118;4.382635;-0.792750
313.539691;48.783859;17.626363;0.260091;0.570583;4.346314;-0.751970
313.739653;48.983138;17.692231;0.377744;0.552921;4.311579;-0.716084
313.939614;49.172661;17.780400;0.493178;0.554254;4.278240;-0.684174
314.139576;49.349013;17.888801;0.609879;0.576272;4.246142;-0.639235
314.339537;49.508778;18.015363;0.731534;0.620763;4.215931;-0.421930
314.539499;49.648542;18.158016;0.861988;0.688973;4.195871;-0.212906
314.739460;49.764890;18.314689;1.005032;0.779414;4.185713;-0.013325
314.939422;49.854407;18.483311;1.163809;0.883522;4.185076;0.247772
315.139383;49.913679;18.661813;1.339655;0.980322;4.196898;0.576436
315.339345;49.939069;18.842325;1.522785;0.973362;4.224273;0.915114
315.539306;49.933615;19.015946;1.676292;0.790488;4.267371;1.233422
315.739268;49.902894;19.193595;1.802408;0.612600;4.324781;1.532638
315.939230;49.850067;19.374354;1.903182;0.463814;4.395073;1.810689
316.139191;49.778291;19.557307;1.982336;0.347346;4.476696;2.062607
316.339153;49.690724;19.741537;2.043623;0.257863;4.567898;2.282170
316.539114;49.590526;19.926128;2.090160;0.188279;4.666731;2.495782
316.739076;49.480853;20.110161;2.124284;0.132183;4.772473;2.712512
316.939037;49.364866;20.292722;2.147581;0.084227;4.884803;2.963777
317.138999;49.245721;20.472891;2.160956;0.039774;5.004656;3.163456
317.338960;49.126529;20.649805;2.165167;0.008775;5.129495;3.357151
317.538922;49.009168;20.823136;2.166688;0.005683;5.258738;3.553863
317.738883;48.893678;20.993273;2.167509;0.002233;5.392179;3.737365
317.938845;48.779871;21.160767;2.167586;-0.001519;5.529037;3.887816
318.138806;48.667559;21.326170;2.166889;-0.005500;5.667899;3.985582
318.338768;48.556555;21.490031;2.165394;-0.009622;5.806807;4.083445
318.538730;48.446672;21.652904;2.163095;-0.013785;5.945761;4.176494
318.738691;48.337721;21.815338;2.159996;-0.017881;6.084599;4.155552
318.938653;48.229515;21.977885;2.156118;-0.021805;6.219666;4.051292
319.138614;48.121866;22.141097;2.151493;-0.025452;6.348579;3.887690
319.338576;48.014589;22.305517;2.146300;-0.024842;6.469871;3.680816
319.538537;47.907503;22.471374;2.142179;-0.016965;6.582649;3.469379
319.738499;47.800439;22.638425;2.139574;-0.009331;6.687209;3.261044
319.938460;47.693233;22.806385;2.138460;-0.001884;6.784020;3.055191
320.138422;47.585716;22.974971;2.138816;0.005428;6.873483;2.851452
320.338383;47.477722;23.143900;2.140631;0.012657;6.955942;2.649626
320.538345;47.369085;23.312887;2.143897;0.019853;7.031698;2.449617
320.738306;47.259638;23.481650;2.148614;0.027060;7.101016;2.251407
320.938268;47.149214;23.649905;2.154790;0.034325;7.164134;2.055022
321.138230;47.037647;23.817367;2.162436;0.041689;7.221265;1.860528
321.338191;46.924821;23.983686;2.171431;0.045496;7.272602;1.668011
321.538153;46.810708;24.148669;2.180293;0.042853;7.318321;1.477575
321.738114;46.695300;24.312498;2.188613;0.040179;7.358582;1.289332
321.938076;46.578683;24.475246;2.196388;0.037477;7.393535;1.103405
322.138037;46.460943;24.636984;2.203613;0.034752;7.423318;0.919917
322.337999;46.342167;24.797786;2.210286;0.032006;7.448056;0.738996
322.537960;46.222439;24.957724;2.216405;0.029244;7.467870;0.560768
322.737922;46.101847;25.116871;2.221967;0.026467;7.482870;0.385360
322.937883;45.980477;25.275299;2.226971;0.023677;7.493161;0.212897
323.137845;45.858414;25.433082;2.231415;0.020878;7.498840;0.043504
323.337806;45.735663;25.590396;2.235294;0.017884;7.500000;0.000000
323.537768;45.612249;25.747402;2.238534;0.014559;7.500000;0.000000
323.737729;45.488395;25.904029;2.241108;0.011221;7.500000;0.000000
323.937691;45.364184;26.060386;2.243015;0.007875;7.500000;0.000000
324.137653;45.239700;26.216582;2.244254;0.004529;7.500000;0.000000
324.337614;45.115027;26.372726;2.244824;0.001185;7.500000;0.000000
324.537576;44.990246;26.528927;2.244728;-0.002149;7.500000;-0.225285
324.737537;44.865442;26.685295;2.243965;-0.005471;7.493991;-0.539937
324.937499;44.740699;26.841940;2.242538;-0.008774;7.479570;-0.846700
325.137460;44.616098;26.998970;2.240451;-0.012053;7.456900;-1.147480
325.337422;44.491818;27.156372;2.237818;-0.012462;7.426066;-1.444601
325.537383;44.367932;27.314065;2.235720;-0.008471;7.387065;-1.740789
325.737345;44.244238;27.472067;2.234418;-0.004510;7.339792;-2.039189
325.937306;44.120673;27.630198;2.233909;-0.000561;7.284025;-2.343390
326.137268;43.997177;27.788278;2.234193;0.003396;7.219408;-2.642288
326.337229;43.873688;27.946126;2.235272;0.007378;7.145847;-2.916590
326.537191;43.750146;28.103563;2.237151;0.011405;7.063761;-3.166929
326.737153;43.626488;28.260409;2.239836;0.015494;6.973535;-3.391695
326.937114;43.502654;28.416483;2.243336;0.019667;6.875593;-3.587173
327.137076;43.378583;28.571606;2.247665;0.023942;6.770464;-3.747486
327.337037;43.254229;28.725590;2.252585;0.021864;6.658865;-3.864532
327.536999;43.129626;28.878561;2.255701;0.009682;6.541786;-3.928392
327.736960;43.004898;29.031093;2.256395;-0.002650;6.420585;-3.929227
327.936922;42.880194;29.183756;2.254659;-0.014936;6.297025;-3.862435
328.136883;42.755665;29.337126;2.250512;-0.026981;6.173155;-3.787294
328.336845;42.631462;29.491773;2.243999;-0.038595;6.049233;-3.712056
328.536806;42.507734;29.648272;2.235189;-0.049597;5.925258;-3.580361
328.736768;42.384633;29.807196;2.224176;-0.059817;5.803172;-3.416598
328.936729;42.262308;29.969116;2.211076;-0.069104;5.684227;-3.239145
329.136691;42.140911;30.134607;2.196028;-0.077328;5.569113;-3.061159
329.336653;42.020702;30.304106;2.178702;-0.096612;5.458095;-2.892076
329.536614;41.902902;30.477618;2.154394;-0.135626;5.351092;-2.738946
329.736576;41.789872;30.654787;2.121449;-0.178829;5.247744;-2.607419
329.936537;41.684194;30.835027;2.079000;-0.228924;5.147432;-2.502388
330.136499;41.588452;31.017752;2.025816;-0.288617;5.049286;-2.428280
330.336460;41.505229;31.202378;1.960337;-0.360347;4.952188;-2.364059
330.536422;41.437109;31.388318;1.880785;-0.445453;4.855793;-2.267298
330.736383;41.386675;31.574988;1.785431;-0.542423;4.761510;-1.998454
330.936345;41.356511;31.761801;1.673112;-0.644180;4.676831;-1.653608
331.136306;41.349200;31.948173;1.544040;-0.735597;4.605587;-1.296365
331.336268;41.367339;32.133840;1.402208;-0.747163;4.548955;-0.948650
331.536229;41.411758;32.317930;1.268460;-0.664846;4.507061;-0.615767
331.736191;41.480409;32.498149;1.147640;-0.589482;4.479659;-0.291534
331.936153;41.571063;32.672708;1.038002;-0.527431;4.466626;0.030298
332.136114;41.681491;32.839817;0.937269;-0.480681;4.467983;0.356297
332.336076;41.809465;32.997686;0.843013;-0.449122;4.483900;0.684031
332.536037;41.952756;33.144526;0.752834;-0.432024;4.514302;1.005332
332.735999;42.109134;33.278546;0.664395;-0.428826;4.558615;1.323664
332.935960;42.276372;33.397958;0.575391;-0.439474;4.616312;1.640550
333.135922;42.452240;33.500971;0.483493;-0.464501;4.686836;1.955420
333.335883;42.634194;33.585706;0.387848;-0.469475;4.769533;2.265184
333.535845;42.820510;33.652250;0.299992;-0.415911;4.863574;2.563640
333.735806;43.010976;33.703129;0.224183;-0.351830;4.967858;2.841070
333.935768;43.204964;33.740768;0.161352;-0.283816;5.080927;3.085048
334.135729;43.401844;33.767591;0.111712;-0.216143;5.200923;3.260169
334.335691;43.600986;33.786025;0.075066;-0.150835;5.324793;3.338336
334.535653;43.801762;33.798492;0.051067;-0.088233;5.448715;3.416602
334.735614;44.003542;33.807419;0.039393;-0.027634;5.572690;3.439641
334.935576;44.205695;33.815229;0.039856;0.032197;5.694775;3.422873
335.135537;44.407595;33.824348;0.052448;0.092648;5.813721;3.379960
335.335499;44.608919;33.837190;0.076111;0.122788;5.928834;3.322514
335.535460;44.809536;33.854857;0.098908;0.103454;6.039853;3.260642
335.735422;45.009121;33.876623;0.117683;0.083481;6.146855;3.203642
335.935383;45.207850;33.901668;0.132367;0.063068;6.250203;3.160635
336.135345;45.405900;33.929171;0.142911;0.042357;6.350516;3.141060
336.335306;45.603444;33.958309;0.149285;0.021447;6.448661;3.154944
336.535268;45.800660;33.988262;0.151466;0.000406;6.545760;3.178739
336.735229;45.997723;34.018207;0.149443;-0.020717;6.642155;3.154029
336.935191;46.194808;34.047324;0.143209;-0.041870;6.736437;3.075713
337.135153;46.392091;34.074791;0.132765;-0.062984;6.827125;2.943137
337.335114;46.589821;34.099811;0.118696;-0.070036;6.912790;2.757279
337.535076;46.788097;34.122137;0.105967;-0.057557;6.992093;2.556304
337.735037;46.986754;34.142196;0.095718;-0.045116;7.064821;2.357129
337.934999;47.185724;34.160478;0.087942;-0.032726;7.131224;2.159761
338.134960;47.384938;34.177469;0.082633;-0.020388;7.191530;1.964245
338.334922;47.584329;34.193656;0.079785;-0.008093;7.245940;1.770658
338.534883;47.783829;34.209526;0.079393;0.004172;7.294640;1.579094
338.734845;47.983370;34.225568;0.081455;0.016422;7.337799;1.389663
338.934806;48.182885;34.242267;0.085969;0.028673;7.375571;1.202482
339.134768;48.382304;34.260113;0.092937;0.040934;7.408100;1.017673
339.334729;48.581418;34.279565;0.101993;0.045189;7.435519;0.835362
339.534691;48.780170;34.300778;0.110470;0.039627;7.457950;0.655678
339.734653;48.978758;34.323564;0.117834;0.034058;7.475509;0.478745
339.934614;49.177207;34.347705;0.124086;0.028488;7.488304;0.304692
340.134576;49.375539;34.372979;0.129225;0.022921;7.496436;0.133642
340.334537;49.573781;34.399165;0.133253;0.017358;7.500000;0.000000
340.534499;49.771955;34.426043;0.136168;0.011800;7.500000;0.000000
340.734460;49.970087;34.453391;0.137973;0.006246;7.500000;0.000000
340.934422;50.168201;34.480989;0.138667;0.000695;7.500000;0.000000
341.134383;50.366321;34.508616;0.138251;-0.004855;7.500000;0.000000
341.334345;50.564468;34.536054;0.136862;-0.007474;7.500000;0.000000
341.534306;50.762651;34.563203;0.135440;-0.006743;7.500000;0.000000
341.734268;50.960864;34.590083;0.134164;-0.006013;7.500000;0.000000
341.934229;51.159099;34.616723;0.133034;-0.005283;7.500000;0.000000
342.134191;51.357347;34.643152;0.132051;-0.004553;7.500000;0.000000
342.334152;51.555599;34.669397;0.131213;-0.003823;7.500000;0.000000
342.534114;51.753847;34.695488;0.130522;-0.003094;7.500000;0.000000
342.734076;51.952081;34.721453;0.129976;-0.002364;7.500000;0.000000
342.934037;52.150294;34.747319;0.129577;-0.001633;7.500000;0.000000
343.133999;52.348475;34.773115;0.129323;-0.000902;7.500000;0.000000
343.333960;52.546748;34.798886;0.129186;-0.000789;7.500000;0.000000
343.533922;52.745123;34.824637;0.128973;-0.001338;7.500000;0.000000
343.733883;52.943467;34.850330;0.128651;-0.001887;7.500000;0.000000
343.933845;53.141792;34.875945;0.128218;-0.002437;7.500000;0.000000
344.133806;53.340105;34.901460;0.127676;-0.002986;7.500000;0.000000
344.333768;53.538419;34.926854;0.127024;-0.003535;7.500000;0.000000
344.533729;53.736741;34.952108;0.126263;-0.004084;7.500000;0.000000
344.733691;53.935082;34.977199;0.125392;-0.004632;7.500000;0.000000
344.933652;54.133451;35.002107;0.124411;-0.005179;7.500000;0.000000
345.133614;54.331859;35.026811;0.123321;-0.005726;7.500000;0.000000
345.333576;54.530262;35.051285;0.122141;-0.005882;7.500000;0.000000
345.533537;54.728668;35.075523;0.120987;-0.005670;7.500000;0.000000
345.733499;54.927123;35.099538;0.119875;-0.005457;7.500000;0.000000
345.933460;55.125626;35.123340;0.118805;-0.005245;7.500000;0.000000
346.133422;55.324174;35.146936;0.117777;-0.005033;7.500000;0.000000
346.333383;55.522766;35.170334;0.116792;-0.004822;7.500000;0.000000
346.533345;55.721399;35.193543;0.115849;-0.004610;7.500000;0.000000
346.733306;55.920072;35.216572;0.114948;-0.004399;7.500000;0.000000
346.933268;56.118782;35.239427;0.114089;-0.004188;7.500000;0.000000
347.133229;56.317528;35.262118;0.113273;-0.003977;7.500000;0.000000
347.333191;56.516252;35.284646;0.112514;-0.003485;7.500000;0.000000
347.533152;56.714957;35.307033;0.111890;-0.002753;7.500000;0.000000
347.733114;56.913684;35.329311;0.111413;-0.002022;7.500000;0.000000
347.933076;57.112425;35.351510;0.111081;-0.001290;7.500000;0.000000
348.133037;57.311174;35.373657;0.110896;-0.000559;7.500000;0.000000
348.332999;57.509923;35.395782;0.110858;0.000172;7.500000;0.000000
348.532960;57.708666;35.417914;0.110965;0.000903;7.500000;0.000000
348.732922;57.907395;35.440080;0.111219;0.001635;7.500000;0.000000
348.932883;58.106104;35.462309;0.111619;0.002366;7.500000;0.000000
349.132845;58.304784;35.484631;0.112165;0.003099;7.500000;0.000000
349.332806;58.503526;35.507083;0.112839;0.003493;7.500000;0.000000
349.532768;58.702304;35.529680;0.113551;0.003620;7.500000;0.000000
349.732729;58.901043;35.552418;0.114288;0.003746;7.500000;0.000000
349.932691;59.099741;35.575303;0.115050;0.003873;7.500000;0.000000
350.132652;59.298397;35.598338;0.115837;0.004001;7.500000;0.000000
350.332614;59.497009;35.621529;0.116650;0.004128;7.500000;0.000000
350.532576;59.695577;35.644882;0.117488;0.004255;7.500000;0.000000
350.732537;59.894099;35.668400;0.118351;0.004382;7.500000;0.000000
350.932499;60.092574;35.692089;0.119240;0.004510;7.500000;0.000000
351.132460;60.291001;35.715954;0.120154;0.004638;7.500000;0.000000
351.332422;60.489424;35.740004;0.121081;0.004556;7.500000;0.000000
351.532383;60.687836;35.764236;0.121969;0.004327;7.500000;0.000000
351.732345;60.886218;35.788639;0.122811;0.004097;7.500000;0.000000
351.932306;61.084582;35.813205;0.123607;0.003865;7.500000;0.000000
352.132268;61.282940;35.837925;0.124356;0.003633;7.500000;0.000000
352.332229;61.481305;35.862792;0.125059;0.003401;7.500000;0.000000
352.532191;61.679690;35.887799;0.125716;0.003167;7.500000;0.000000
352.732152;61.878106;35.912938;0.126326;0.002934;7.500000;0.000000
352.932114;62.076566;35.938200;0.126890;0.002699;7.500000;0.000000
353.132076;62.275082;35.963579;0.127406;0.002465;7.500000;0.000000
353.332037;62.473439;35.989037;0.127867;0.002090;7.500000;0.000000
353.531999;62.671721;36.014568;0.128239;0.001628;7.500000;0.000000
353.731960;62.870050;36.040172;0.128518;0.001168;7.500000;0.000000
353.931922;63.068411;36.065827;0.128706;0.000709;7.500000;0.000000
354.131883;63.266789;36.091512;0.128802;0.000251;7.500000;0.000000
354.331845;63.465167;36.117208;0.128806;-0.000208;7.500000;0.000000
354.531806;63.663531;36.142894;0.128719;-0.000667;7.500000;0.000000
354.731768;63.861863;36.168548;0.128540;-0.001126;7.500000;0.000000
354.931729;64.060149;36.194151;0.128269;-0.001587;7.500000;0.000000
355.131691;64.258374;36.219683;0.127905;-0.002048;7.500000;0.000000
355.331652;64.456740;36.245151;0.127483;-0.001988;7.500000;0.000000
355.531614;64.655159;36.270546;0.127121;-0.001624;7.500000;0.000000
355.731576;64.853521;36.295869;0.126833;-0.001259;7.500000;0.000000
355.931537;65.051843;36.321135;0.126618;-0.000893;7.500000;0.000000
356.131499;65.250141;36.346363;0.126476;-0.000526;7.500000;0.000000
356.331460;65.448431;36.371568;0.126408;-0.000159;7.500000;0.000000
356.531422;65.646730;36.396768;0.126412;0.000208;7.500000;0.000000
356.731383;65.845054;36.421980;0.126491;0.000575;7.500000;0.000000
356.931345;66.043420;36.447220;0.126642;0.000941;7.500000;0.000000
357.131306;66.241843;36.472506;0.126867;0.001306;7.500000;0.000000
357.331268;66.440062;36.497823;0.127285;0.003494;7.500000;0.000000
357.531229;66.638202;36.523272;0.128294;0.006598;7.500000;0.000000
357.731191;66.836379;36.548990;0.129922;0.009697;7.500000;0.000000
357.931152;67.034566;36.575101;0.132170;0.012793;7.500000;0.000000
358.131114;67.232737;36.601726;0.135037;0.015887;7.500000;0.000000
358.331076;67.430867;36.628986;0.138524;0.018980;7.500000;0.000000
358.531037;67.628928;36.657003;0.142630;0.022073;7.500000;0.000000
358.730999;67.826896;36.685900;0.147355;0.025166;7.500000;0.000000
358.930960;68.024744;36.715797;0.152700;0.028259;7.500000;0.000000
359.130922;68.222446;36.746816;0.158665;0.031351;7.500000;0.000000
359.330883;68.419903;36.779044;0.164738;0.026908;7.500000;0.000000
359.530845;68.617169;36.812330;0.169315;0.018850;7.500000;0.000000
359.730806;68.814320;36.846361;0.172281;0.010800;7.500000;0.000000
359.930768;69.011396;36.880818;0.173636;0.002753;7.500000;0.000000
360.130729;69.208435;36.915381;0.173382;-0.005297;7.500000;0.000000
360.330691;69.405476;36.949729;0.171517;-0.013356;7.500000;0.000000
360.530652;69.602559;36.983542;0.168039;-0.021428;7.500000;0.000000
360.730614;69.799722;37.016500;0.162948;-0.029519;7.500000;0.000000
360.930575;69.997005;37.048282;0.156239;-0.037629;7.500000;0.000000
361.130537;70.194447;37.078569;0.147911;-0.045756;7.500000;0.000000
361.330499;70.392315;37.107109;0.138770;-0.041837;7.500000;0.000000
361.530460;70.590475;37.134006;0.131364;-0.032219;7.500000;0.000000
361.730422;70.788776;37.159621;0.125885;-0.022585;7.500000;0.000000
361.930383;70.987177;37.184340;0.122334;-0.012941;7.500000;0.000000
362.130345;71.185636;37.208544;0.120710;-0.003295;7.500000;0.000000
362.330306;71.384112;37.232617;0.121016;0.006351;7.500000;0.000000
362.530268;71.582563;37.256944;0.123250;0.015996;7.500000;0.000000
362.730229;71.780948;37.281906;0.127412;0.025634;7.500000;0.000000
362.930191;71.979225;37.307888;0.133501;0.035261;7.500000;0.000000
363.130152;72.177352;37.335273;0.141515;0.044866;7.500000;0.000000
363.330114;72.375021;37.364366;0.150665;0.043444;7.500000;0.000000
363.530075;72.572389;37.395166;0.158735;0.037356;7.500000;0.000000
363.730037;72.769599;37.427450;0.165593;0.031284;7.500000;0.000000
363.929999;72.966676;37.460979;0.171241;0.025228;7.500000;0.000000
364.129960;73.163645;37.495513;0.175682;0.019188;7.500000;0.000000
364.329922;73.360533;37.530811;0.178917;0.013161;7.500000;0.000000
364.529883;73.557364;37.566635;0.180948;0.007144;7.500000;0.000000
364.729845;73.754164;37.602744;0.181776;0.001133;7.500000;0.000000
364.929806;73.950960;37.638899;0.181401;-0.004877;7.500000;0.000000
365.129768;74.147776;37.674858;0.179824;-0.010891;7.500000;0.000000
365.329729;74.344645;37.710402;0.177420;-0.011568;7.500000;0.000000
365.529691;74.541567;37.745487;0.175263;-0.009998;7.500000;0.000000
365.729652;74.738531;37.780173;0.173420;-0.008426;7.500000;0.000000
365.929614;74.935532;37.814523;0.171893;-0.006853;7.500000;0.000000
366.129575;75.132561;37.848600;0.170680;-0.005278;7.500000;0.000000
366.329537;75.329613;37.882467;0.169782;-0.003702;7.500000;0.000000
366.529499;75.526681;37.916186;0.169199;-0.002126;7.500000;0.000000
366.729460;75.723758;37.949821;0.168932;-0.000549;7.500000;0.000000
366.929422;75.920838;37.983434;0.168980;0.001028;7.500000;0.000000
367.129383;76.117913;38.017088;0.169343;0.002605;7.500000;0.000000
367.329345;76.314979;38.050841;0.169930;0.002880;7.500000;0.000000
367.529306;76.512034;38.084709;0.170479;0.002616;7.500000;0.000000
367.729268;76.709077;38.118682;0.170976;0.002353;7.500000;0.000000
367.929229;76.906110;38.152748;0.171420;0.002089;7.500000;0.000000
368.129191;77.103134;38.186897;0.171811;0.001826;7.500000;0.000000
368.329152;77.300150;38.221119;0.172150;0.001563;7.500000;0.000000
368.529114;77.497158;38.255403;0.172436;0.001300;7.500000;0.000000
368.729075;77.694160;38.289738;0.172670;0.001036;7.500000;0.000000
368.929037;77.891157;38.324115;0.172851;0.000773;7.500000;0.000000
369.128999;78.088149;38.358523;0.172979;0.000510;7.500000;0.000000
369.328960;78.285138;38.392949;0.173041;0.000049;7.500000;0.000000
369.528922;78.482126;38.427378;0.172997;-0.000492;7.500000;0.000000
369.728883;78.679115;38.461787;0.172844;-0.001033;7.500000;0.000000
369.928845;78.876109;38.496155;0.172583;-0.001575;7.500000;0.000000
370.128806;79.073112;38.530460;0.172214;-0.002116;7.500000;0.000000
370.328768;79.270125;38.564681;0.171737;-0.002657;7.500000;0.000000
370.528729;79.467152;38.598797;0.171152;-0.003199;7.500000;0.000000
370.728691;79.664197;38.632786;0.170458;-0.003741;7.500000;0.000000
370.928652;79.861261;38.666627;0.169656;-0.004282;7.500000;0.000000
371.128614;80.058349;38.700298;0.168745;-0.004824;7.500000;0.000000
371.328575;80.255506;38.733795;0.167924;-0.002597;7.500000;0.000000
371.528537;80.452692;38.767192;0.167738;0.000743;7.500000;0.000000
371.728499;80.649864;38.800617;0.168221;0.004084;7.500000;0.000000
371.928460;80.847000;38.834201;0.169372;0.007426;7.500000;0.000000
372.128422;81.044076;38.868076;0.171191;0.010768;7.500000;0.000000
372.328383;81.241069;38.902374;0.173678;0.014112;7.500000;0.000000
372.528345;81.437954;38.937226;0.176834;0.017456;7.500000;0.000000
372.728306;81.634709;38.972763;0.180659;0.020800;7.500000;0.000000
372.928268;81.831311;39.009118;0.185152;0.024143;7.500000;0.000000
373.128229;82.027735;39.046421;0.190313;0.027484;7.500000;0.000000
373.328191;82.224042;39.084806;0.195834;0.026517;7.500000;0.000000
373.528152;82.420180;39.124238;0.200875;0.023875;7.500000;0.000000
373.728114;82.616126;39.164606;0.205388;0.021238;7.500000;0.000000
373.928075;82.811889;39.205805;0.209373;0.018604;7.500000;0.000000
374.128037;83.007479;39.247728;0.212831;0.015974;7.500000;0.000000
374.327999;83.202903;39.290269;0.215763;0.013345;7.500000;0.000000
374.527960;83.398172;39.333322;0.218169;0.010716;7.500000;0.000000
374.727922;83.593294;39.376781;0.220048;0.008087;7.500000;0.000000
374.927883;83.788279;39.420541;0.221401;0.005456;7.500000;0.000000
375.127845;83.983134;39.464495;0.222228;0.002821;7.500000;0.000000
375.327806;84.178190;39.508612;0.222573;0.000788;7.500000;0.000000
375.527768;84.373272;39.552767;0.222549;-0.001025;7.500000;0.000000
375.727729;84.568298;39.596867;0.222162;-0.002842;7.500000;0.000000
375.927691;84.763305;39.640847;0.221413;-0.004659;7.500000;0.000000
376.127652;84.958329;39.684640;0.220300;-0.006475;7.500000;0.000000
376.327614;85.153405;39.728179;0.218825;-0.008288;7.500000;0.000000
376.527575;85.348570;39.771399;0.216987;-0.010098;7.500000;0.000000
376.727537;85.543859;39.814233;0.214788;-0.011901;7.500000;0.000000
376.927499;85.739309;39.856615;0.212228;-0.013697;7.500000;0.000000
377.127460;85.934955;39.898478;0.209309;-0.015482;7.500000;0.000000
377.327422;86.130450;39.939691;0.206298;-0.013861;7.500000;0.000000
377.527383;86.326041;39.980359;0.203794;-0.011211;7.500000;0.000000
377.727345;86.521808;40.020606;0.201817;-0.008569;7.500000;0.000000
377.927306;86.717715;40.060532;0.200367;-0.005935;7.500000;0.000000
378.127268;86.913726;40.100237;0.199443;-0.003307;7.500000;0.000000
378.327229;87.109805;40.139821;0.199044;-0.000682;7.500000;0.000000
378.527191;87.305916;40.179383;0.199170;0.001941;7.500000;0.000000
378.727152;87.502022;40.219024;0.199821;0.004563;7.500000;0.000000
378.927114;87.698089;40.258843;0.200996;0.007188;7.500000;0.000000
379.127075;87.894078;40.298940;0.202697;0.009815;7.500000;0.000000
379.327037;88.089988;40.339409;0.204686;0.009377;7.500000;0.000000
379.526999;88.285798;40.380241;0.206428;0.008047;7.500000;0.000000
379.726960;88.481514;40.421381;0.207904;0.006714;7.500000;0.000000
379.926922;88.677153;40.462780;0.209113;0.005380;7.500000;0.000000
380.126883;88.872730;40.504385;0.210056;0.004045;7.500000;0.000000
380.326845;89.068259;40.546146;0.210731;0.002709;7.500000;0.000000
380.526806;89.263757;40.588010;0.211139;0.001373;7.500000;0.000000
380.726768;89.459240;40.629928;0.211280;0.000036;7.500000;0.000000
380.926729;89.654722;40.671846;0.211153;-0.001301;7.500000;0.000000
381.126691;89.850218;40.713715;0.210760;-0.002637;7.500000;0.000000
381.326652;90.045738;40.755490;0.210264;-0.001874;7.500000;0.000000
381.526614;90.241281;40.797193;0.210023;-0.000540;7.500000;0.000000
381.726575;90.436836;40.838877;0.210048;0.000794;7.500000;0.000000
381.926537;90.632391;40.880593;0.210340;0.002128;7.500000;0.000000
382.126498;90.827934;40.922394;0.210899;0.003461;7.500000;0.000000
382.326460;91.023453;40.964331;0.211724;0.004795;7.500000;0.000000
382.526422;91.218936;41.006456;0.212816;0.006128;7.500000;0.000000
382.726383;91.414371;41.048822;0.214175;0.007462;7.500000;0.000000
382.926345;91.609745;41.091480;0.215801;0.008795;7.500000;0.000000
383.126306;91.805048;41.134482;0.217693;0.010128;7.500000;0.000000
383.326268;92.000301;41.177885;0.219804;0.010862;7.500000;0.000000
383.526229;92.195467;41.221715;0.222035;0.011444;7.500000;0.000000
383.726191;92.390527;41.265990;0.224382;0.012027;7.500000;0.000000
383.926152;92.585468;41.310731;0.226847;0.012612;7.500000;0.000000
384.126114;92.780281;41.355960;0.229428;0.013198;7.500000;0.000000
384.326075;92.974953;41.401699;0.232126;0.013786;7.500000;0.000000
384.526037;93.169475;41.447969;0.234941;0.014376;7.500000;0.000000
384.725998;93.363833;41.494790;0.237874;0.014967;7.500000;0.000000
384.925960;93.558018;41.542185;0.240925;0.015560;7.500000;0.000000
385.125922;93.752019;41.590174;0.244094;0.016155;7.500000;0.000000
385.325883;93.946014;41.638811;0.247076;0.012936;7.500000;0.000000
385.525845;94.139893;41.687951;0.249251;0.008814;7.500000;0.000000
385.725806;94.333657;41.737426;0.250601;0.004687;7.500000;0.000000
385.925768;94.527354;41.787078;0.251126;0.000557;7.500000;0.000000
386.125729;94.721029;41.836746;0.250824;-0.003574;7.500000;0.000000
386.325691;94.914730;41.886274;0.249696;-0.007706;7.500000;0.000000
386.525652;95.108503;41.935503;0.247743;-0.011837;7.500000;0.000000
386.725614;95.302394;41.984273;0.244963;-0.015967;7.500000;0.000000
386.925575;95.496450;42.032426;0.241358;-0.020093;7.500000;0.000000
387.125537;95.690718;42.079805;0.236929;-0.024212;7.500000;0.000000
387.325498;95.885152;42.126265;0.232331;-0.020483;7.500000;0.000000
387.525460;96.079789;42.171932;0.228764;-0.015198;7.500000;0.000000
387.725422;96.274591;42.217014;0.226253;-0.009919;7.500000;0.000000
387.925383;96.469504;42.261715;0.224797;-0.004644;7.500000;0.000000
388.125345;96.664471;42.306237;0.224396;0.000629;7.500000;0.000000
388.325306;96.859439;42.350786;0.225049;0.005901;7.500000;0.000000
388.525268;97.054352;42.395564;0.226756;0.011174;7.500000;0.000000
388.725229;97.249157;42.440775;0.229518;0.016449;7.500000;0.000000
388.925191;97.443796;42.486624;0.233335;0.021729;7.500000;0.000000
389.125152;97.638217;42.533313;0.238208;0.027012;7.500000;0.000000
389.325114;97.832441;42.581025;0.243429;0.023985;7.500000;0.000000
389.525075;98.026431;42.629667;0.247781;0.019531;7.500000;0.000000
389.725037;98.220219;42.679064;0.251241;0.015075;7.500000;0.000000
389.924998;98.413850;42.729043;0.253811;0.010618;7.500000;0.000000
390.124960;98.607367;42.779430;0.255488;0.006161;7.500000;0.000000
390.324922;98.800814;42.830055;0.256274;0.001702;7.500000;0.000000
390.524883;98.994234;42.880742;0.256169;-0.002757;7.500000;0.000000
390.724845;99.187671;42.931320;0.255172;-0.007218;7.500000;0.000000
390.924806;99.381168;42.981616;0.253282;-0.011681;7.500000;0.000000
391.124768;99.574770;43.031456;0.250501;-0.016145;7.500000;0.000000
391.324729;99.768540;43.080702;0.247308;-0.015122;7.500000;0.000000
391.524691;99.962454;43.129362;0.244464;-0.013332;7.500000;0.000000
391.724652;100.156497;43.177504;0.241978;-0.011539;7.500000;0.000000
391.924614;100.350653;43.225199;0.239850;-0.009746;7.500000;0.000000
392.124575;100.544911;43.272518;0.238081;-0.007953;7.500000;0.000000
392.324537;100.739256;43.319531;0.236670;-0.006159;7.500000;0.000000
392.524498;100.933674;43.366308;0.235617;-0.004365;7.500000;0.000000
392.724460;101.128153;43.412921;0.234924;-0.002573;7.500000;0.000000
392.924422;101.322679;43.459438;0.234588;-0.000781;7.500000;0.000000
393.124383;101.517238;43.505932;0.234611;0.001010;7.500000;0.000000
393.324345;101.711659;43.552437;0.235030;0.003216;7.500000;0.000000
393.524306;101.906060;43.599068;0.235898;0.005466;7.500000;0.000000
393.724268;102.100430;43.645917;0.237215;0.007715;7.500000;0.000000
393.924229;102.294744;43.693070;0.238983;0.009964;7.500000;0.000000
394.124191;102.488977;43.740613;0.241200;0.012213;7.500000;0.000000
394.324152;102.683103;43.788633;0.243868;0.014463;7.500000;0.000000
394.524114;102.877096;43.837216;0.246985;0.016712;7.500000;0.000000
394.724075;103.070931;43.886448;0.250552;0.018962;7.500000;0.000000
394.924037;103.264582;43.936416;0.254569;0.021212;7.500000;0.000000
395.123998;103.458024;43.987207;0.259037;0.023462;7.500000;0.000000
395.323960;103.651118;44.038844;0.263466;0.020424;7.500000;0.000000
395.523922;103.844000;44.091270;0.267198;0.016919;7.500000;0.000000
395.723883;104.036720;44.144352;0.270229;0.013414;7.500000;0.000000
395.923845;104.229317;44.197956;0.272561;0.009910;7.500000;0.000000
396.123806;104.421829;44.251948;0.274192;0.006408;7.500000;0.000000
396.323768;104.614296;44.306194;0.275123;0.002907;7.500000;0.000000
396.523729;104.806757;44.360558;0.275355;-0.000591;7.500000;0.000000
396.723691;104.999249;44.414907;0.274887;-0.004087;7.500000;0.000000
396.923652;105.191813;44.469106;0.273720;-0.007580;7.500000;0.000000
397.123614;105.384487;44.523020;0.271854;-0.011070;7.500000;0.000000
397.323575;105.577176;44.576509;0.269751;-0.009609;7.500000;0.000000
397.523537;105.769982;44.629631;0.268013;-0.007771;7.500000;0.000000
397.723498;105.962883;44.682458;0.266643;-0.005934;7.500000;0.000000
397.923460;106.155853;44.735057;0.265640;-0.004099;7.500000;0.000000
398.123422;106.348863;44.787496;0.265003;-0.002264;7.500000;0.000000
398.323383;106.541884;44.839845;0.264734;-0.000430;7.500000;0.000000
398.523345;106.734887;44.892172;0.264831;0.001406;7.500000;0.000000
398.723306;106.927845;44.944544;0.265296;0.003243;7.500000;0.000000
398.923268;107.120729;44.997030;0.266128;0.005083;7.500000;0.000000
399.123229;107.313511;45.049699;0.267328;0.006927;7.500000;0.000000
399.323191;107.506526;45.102716;0.268846;0.008201;7.500000;0.000000
399.523152;107.699424;45.156042;0.270611;0.009435;7.500000;0.000000
399.723114;107.892167;45.209716;0.272622;0.010670;7.500000;0.000000
399.923075;108.084744;45.263788;0.274880;0.011906;7.500000;0.000000
400.123037;108.277142;45.318304;0.277384;0.013143;7.500000;0.000000
400.322998;108.469352;45.373312;0.280136;0.014380;7.500000;0.000000
400.522960;108.661361;45.428861;0.283134;0.015618;7.500000;0.000000
400.722921;108.853158;45.484998;0.286378;0.016856;7.500000;0.000000
400.922883;109.044732;45.541771;0.289870;0.018093;7.500000;0.000000
401.122845;109.236073;45.599227;0.293608;0.019329;7.500000;0.000000
401.322806;109.427326;45.657427;0.297029;0.014617;7.500000;0.000000
401.522768;109.618404;45.716183;0.299451;0.009615;7.500000;0.000000
401.722729;109.809364;45.775305;0.300873;0.004611;7.500000;0.000000
401.922691;110.000274;45.834605;0.301294;-0.000394;7.500000;0.000000
402.122652;110.191199;45.893892;0.300715;-0.005397;7.500000;0.000000
402.322614;110.382206;45.952980;0.299136;-0.010397;7.500000;0.000000
402.522575;110.573361;46.011677;0.296558;-0.015392;7.500000;0.000000
402.722537;110.764729;46.069797;0.292981;-0.020379;7.500000;0.000000
402.922498;110.956378;46.127150;0.288406;-0.025356;7.500000;0.000000
403.122460;111.148373;46.183546;0.282835;-0.030319;7.500000;0.000000
403.322421;111.340472;46.238785;0.277375;-0.024148;7.500000;0.000000
403.522383;111.532894;46.293112;0.273179;-0.017825;7.500000;0.000000
403.722345;111.725557;46.346767;0.270245;-0.011516;7.500000;0.000000
403.922306;111.918375;46.399986;0.268572;-0.005217;7.500000;0.000000
404.122268;112.111261;46.453008;0.268158;0.001078;7.500000;0.000000
404.322229;112.304130;46.506069;0.269003;0.007375;7.500000;0.000000
404.522191;112.496894;46.559408;0.271109;0.013679;7.500000;0.000000
404.722152;112.689467;46.613262;0.274475;0.019995;7.500000;0.000000
404.922114;112.881764;46.667868;0.279105;0.026327;7.500000;0.000000
405.122075;113.073698;46.723464;0.284999;0.032668;7.500000;0.000000
405.322037;113.265460;46.780297;0.291112;0.028452;7.500000;0.000000
405.521998;113.456837;46.838203;0.296378;0.024216;7.500000;0.000000
405.721960;113.647895;46.897023;0.300794;0.019966;7.500000;0.000000
405.921921;113.838699;46.956599;0.304360;0.015708;7.500000;0.000000
406.121883;114.029315;47.016774;0.307073;0.011443;7.500000;0.000000
406.321845;114.219808;47.077391;0.308934;0.007177;7.500000;0.000000
406.521806;114.410243;47.138289;0.309943;0.002913;7.500000;0.000000
406.721768;114.600688;47.199313;0.310099;-0.001348;7.500000;0.000000
406.921729;114.791206;47.260304;0.309404;-0.005602;7.500000;0.000000
407.121691;114.981852;47.321101;0.307859;-0.009682;7.500000;0.000000
407.321652;115.172302;47.381464;0.306048;-0.008450;7.500000;0.000000
407.521614;115.362925;47.441527;0.304482;-0.007222;7.500000;0.000000
407.721575;115.553694;47.501334;0.303160;-0.005999;7.500000;0.000000
407.921537;115.744581;47.560927;0.302083;-0.004778;7.500000;0.000000
408.121498;115.935558;47.620348;0.301249;-0.003560;7.500000;0.000000
408.321460;116.126597;47.679638;0.300658;-0.002344;7.500000;0.000000
408.521421;116.317670;47.738841;0.300311;-0.001128;7.500000;0.000000
408.721383;116.508750;47.797999;0.300207;0.000088;7.500000;0.000000
408.921345;116.699808;47.857154;0.300346;0.001304;7.500000;0.000000
409.121306;116.890821;47.916350;0.300728;0.002449;7.500000;0.000000
409.321268;117.081874;47.975649;0.301152;0.001782;7.500000;0.000000
409.521229;117.272868;48.035003;0.301441;0.001114;7.500000;0.000000
409.721191;117.463817;48.094391;0.301597;0.000445;7.500000;0.000000
409.921152;117.654738;48.153789;0.301619;-0.000224;7.500000;0.000000
410.121114;117.845647;48.213174;0.301507;-0.000893;7.500000;0.000000
410.321075;118.036559;48.272522;0.301262;-0.001563;7.500000;0.000000
410.521037;118.227491;48.331811;0.300883;-0.002232;7.500000;0.000000
410.720998;118.418458;48.391017;0.300369;-0.002901;7.500000;0.000000
410.920960;118.609477;48.450118;0.299723;-0.003569;7.500000;0.000000
411.120921;118.800556;48.509088;0.298943;-0.004046;7.500000;0.000000
411.320883;118.991596;48.567898;0.298427;-0.001125;7.500000;0.000000
411.520845;119.182677;48.626674;0.298494;0.001795;7.500000;0.000000
411.720806;119.373759;48.685525;0.299144;0.004712;7.500000;0.000000
411.920768;119.564803;48.744562;0.300378;0.007629;7.500000;0.000000
412.120729;119.755770;48.803894;0.302195;0.010546;7.500000;0.000000
412.320691;119.946620;48.863632;0.304596;0.013463;7.500000;0.000000
412.520652;120.137315;48.923885;0.307580;0.016380;7.500000;0.000000
412.720614;120.327815;48.984764;0.311148;0.019298;7.500000;0.000000
412.920575;120.518081;49.046378;0.315299;0.022216;7.500000;0.000000
413.120537;120.708075;49.108838;0.320032;0.024731;7.500000;0.000000
413.320498;120.897791;49.172209;0.324606;0.021014;7.500000;0.000000
413.520460;121.087240;49.236378;0.328438;0.017298;7.500000;0.000000
413.720421;121.276465;49.301202;0.331527;0.013585;7.500000;0.000000
413.920383;121.465506;49.366537;0.333872;0.009872;7.500000;0.000000
414.120345;121.654404;49.432240;0.335476;0.006160;7.500000;0.000000
414.320306;121.843202;49.498170;0.336336;0.002446;7.500000;0.000000
414.520268;122.031941;49.564182;0.336454;-0.001270;7.500000;0.000000
414.720229;122.220662;49.630134;0.335828;-0.004989;7.500000;0.000000
414.920191;122.409406;49.695884;0.334459;-0.008714;7.500000;0.000000
415.120152;122.598224;49.761290;0.332348;-0.012089;7.500000;0.000000
415.320114;122.787266;49.826292;0.330065;-0.010745;7.500000;0.000000
415.520075;122.976411;49.890876;0.328052;-0.009396;7.500000;0.000000
415.720037;123.165660;49.955098;0.326310;-0.008043;7.500000;0.000000
415.919998;123.355014;50.019016;0.324838;-0.006687;7.500000;0.000000
416.119960;123.544471;50.082688;0.323637;-0.005329;7.500000;0.000000
416.319921;123.734034;50.146170;0.322708;-0.003970;7.500000;0.000000
416.519883;123.923700;50.209520;0.322050;-0.002612;7.500000;0.000000
416.719845;124.113472;50.272795;0.321663;-0.001255;7.500000;-0.254552
416.919806;124.303349;50.336052;0.321547;0.000099;7.493210;-0.565785
417.119768;124.493351;50.399354;0.321701;0.001348;7.478097;-0.882954
417.319729;124.683656;50.462809;0.321990;0.001535;7.454449;-1.207203
417.519691;124.873987;50.526337;0.322317;0.001725;7.421996;-1.539919
417.719652;125.064272;50.589923;0.322683;0.001917;7.380391;-1.882769
417.919614;125.254439;50.653551;0.323087;0.002112;7.329203;-2.230928
418.119575;125.444414;50.717204;0.323530;0.002311;7.268082;-2.540651
418.319537;125.634125;50.780867;0.324012;0.002515;7.197843;-2.815766
418.519498;125.823499;50.844522;0.324536;0.002724;7.119190;-3.057145
418.719460;126.012463;50.908154;0.325100;0.002939;7.032797;-3.263153
418.919421;126.200945;50.971746;0.325707;0.003162;6.939397;-3.429862
419.119383;126.388824;51.035267;0.326351;0.002888;6.839850;-3.551208
419.319344;126.575811;51.098584;0.326509;-0.001291;6.735231;-3.619464
419.519306;126.762572;51.161772;0.325841;-0.005490;6.626902;-3.626613
419.719268;126.949460;51.224777;0.324347;-0.009646;6.516553;-3.567596
419.919229;127.136826;51.287546;0.322038;-0.013702;6.406145;-3.688646
420.119191;127.325021;51.350027;0.318931;-0.017599;6.289954;-3.622863
420.319152;127.514396;51.412165;0.315051;-0.021286;6.173707;-3.509889
420.519114;127.705304;51.473907;0.310431;-0.024715;6.058958;-3.373691
420.719075;127.898094;51.535201;0.305109;-0.027847;5.946575;-3.231665
420.919037;128.093120;51.595993;0.299128;-0.030648;5.836895;-3.151445
421.118998;128.290424;51.656136;0.292483;-0.038257;5.727914;-3.167889
421.318960;128.488127;51.714490;0.280019;-0.082596;5.616235;-3.188499
421.518921;128.687697;51.769705;0.258242;-0.128148;5.501540;-3.192313
421.718883;128.888282;51.819503;0.226758;-0.177343;5.384260;-3.165113
421.918844;129.089029;51.861610;0.184863;-0.232356;5.265402;-3.095875
422.118806;129.289088;51.893748;0.131588;-0.294947;5.146488;-3.026539
422.318768;129.487607;51.913641;0.065805;-0.365962;5.027520;-2.922767
422.518729;129.683734;51.919015;-0.013590;-0.444367;4.909896;-2.783705
422.718691;129.876617;51.907592;-0.107347;-0.525847;4.795186;-2.616243
422.918652;130.065404;51.877096;-0.215375;-0.601507;4.684817;-2.273462
423.118614;130.249244;51.825252;-0.336174;-0.658112;4.586753;-1.893322
