# s_m;x_m;y_m;psi_rad;kappa_radpm;vx_mps;ax_mps2
0.000000;129.683014;50.854572;-0.408006;-1.691277;4.104574;-1.040745
0.199996;129.826433;50.767300;-0.679737;-1.497138;4.053546;-0.736767
0.399993;129.946748;50.643350;-0.911574;-1.180136;4.017030;-0.446315
0.599989;130.043883;50.488592;-1.100445;-0.899730;3.994748;-0.162144
0.799985;130.117757;50.308894;-1.254663;-0.701851;3.986622;0.122973
0.999981;130.168294;50.110125;-1.384739;-0.577350;3.992786;0.413659
1.199978;130.195415;49.898155;-1.499884;-0.507970;4.013453;0.722797
1.399974;130.199041;49.678853;4.675541;-0.480512;4.049311;1.087415
1.599970;130.179094;49.458089;4.568721;-0.488524;4.102667;1.454875
1.799966;130.135496;49.241731;4.456793;-0.531289;4.172986;1.831818
1.999963;130.075697;49.053217;4.355153;-0.489017;4.259874;2.221491
2.199959;129.998862;48.873096;4.265245;-0.426980;4.362924;2.622175
2.399955;129.907069;48.699669;4.188205;-0.357511;4.481513;3.022244
2.599952;129.802593;48.531975;4.124544;-0.287134;4.614416;3.385666
2.799948;129.687705;48.369053;4.074110;-0.219504;4.758894;3.602877
2.999944;129.564679;48.209940;4.036433;-0.155903;4.907973;4.079090
3.199940;129.435789;48.053675;4.010977;-0.096022;5.071470;4.213665
3.399937;129.303306;47.899297;3.997312;-0.038634;5.235001;4.267060
3.599933;129.169504;47.745843;3.995204;0.017965;5.395557;4.226571
3.799929;129.036657;47.592351;4.004669;0.075669;5.550011;4.127157
3.999926;128.905912;47.437181;4.019462;0.068338;5.696794;3.997635
4.199922;128.778037;47.281087;4.032290;0.058717;5.835451;3.858577
4.399918;128.652606;47.124232;4.043078;0.048635;5.966229;3.726246
4.599914;128.529172;46.966753;4.051770;0.038181;6.089857;3.615862
4.799911;128.407291;46.808788;4.058321;0.027443;6.207469;3.544101
4.999907;128.286517;46.650476;4.062699;0.016505;6.320624;3.531033
5.199903;128.166405;46.491956;4.064884;0.005448;6.431382;3.496089
5.399899;128.046510;46.333365;4.064864;-0.005647;6.539196;3.423113
5.599896;127.926386;46.174841;4.062640;-0.016701;6.643064;3.306842
5.799892;127.805601;46.016540;4.058226;-0.026999;6.741885;3.146156
5.999888;127.684101;45.858918;4.053309;-0.022429;6.834578;2.941499
6.199885;127.561682;45.701562;4.049288;-0.017921;6.920118;2.738830
6.399881;127.438513;45.544405;4.046155;-0.013464;6.998825;2.538012
6.599877;127.314764;45.387379;4.043905;-0.009049;7.070978;2.338994
6.799873;127.190603;45.230416;4.042533;-0.004666;7.136828;2.141787
6.999870;127.066200;45.073450;4.042036;-0.000305;7.196597;1.946439
7.199866;126.941725;44.916412;4.042411;0.004045;7.250488;1.753029
7.399862;126.817347;44.759234;4.043657;0.008394;7.298683;1.561653
7.599859;126.693235;44.601849;4.045776;0.012752;7.341350;1.372420
7.799855;126.569558;44.444189;4.048763;0.016309;7.378643;1.185449
7.999851;126.446412;44.286228;4.051481;0.010831;7.410705;1.000863
8.199847;126.323663;44.128070;4.053100;0.005340;7.437667;0.818787
8.399844;126.201133;43.969845;4.053618;-0.000164;7.459651;0.639349
8.599840;126.078643;43.811682;4.053034;-0.005677;7.476773;0.462676
8.799836;125.956013;43.653711;4.051347;-0.011199;7.489138;0.288893
8.999832;125.833067;43.496061;4.048555;-0.016727;7.496849;0.118126
9.199829;125.709623;43.338861;4.044659;-0.022258;7.500000;0.000000
9.399825;125.585505;43.182240;4.039659;-0.027789;7.500000;0.000000
9.599821;125.460533;43.026329;4.033554;-0.033315;7.500000;0.000000
9.799818;125.334521;42.871247;4.026367;-0.037125;7.500000;0.000000
9.999814;125.207344;42.716987;4.019754;-0.029032;7.500000;0.000000
10.199810;125.079259;42.563450;4.014758;-0.020942;7.500000;0.000000
10.399806;124.950516;42.410433;4.011378;-0.012858;7.500000;0.000000
10.599803;124.821367;42.257730;4.009614;-0.004779;7.500000;0.000000
10.799799;124.692061;42.105139;4.009466;0.003295;7.500000;0.000000
10.999795;124.562849;41.952456;4.010933;0.011369;7.500000;0.000000
11.199791;124.433982;41.799475;4.014014;0.019442;7.500000;0.000000
11.399788;124.305711;41.645994;4.018711;0.027516;7.500000;0.000000
11.599784;124.178285;41.491808;4.025022;0.035589;7.500000;0.000000
11.799780;124.051966;41.336726;4.032898;0.040805;7.500000;0.000000
11.999777;123.926904;41.180704;4.040211;0.032337;7.500000;0.000000
12.199773;123.802838;41.023857;4.045831;0.023873;7.500000;0.000000
12.399769;123.679510;40.866402;4.049760;0.015416;7.500000;0.000000
12.599765;123.556657;40.708554;4.051998;0.006965;7.500000;0.000000
12.799762;123.434019;40.550529;4.052546;-0.001483;7.500000;0.000000
12.999758;123.311335;40.392542;4.051405;-0.009932;7.500000;0.000000
13.199754;123.188345;40.234808;4.048573;-0.018385;7.500000;0.000000
13.399751;123.064789;40.077544;4.044050;-0.026845;7.500000;0.000000
13.599747;122.940405;39.920964;4.037835;-0.035312;7.500000;0.000000
13.799743;122.814926;39.765274;4.030005;-0.040173;7.500000;0.000000
13.999739;122.688223;39.610539;4.022803;-0.031853;7.500000;0.000000
14.199736;122.560538;39.456616;4.017265;-0.023529;7.500000;0.000000
14.399732;122.432127;39.303293;4.013391;-0.015204;7.500000;0.000000
14.599728;122.303248;39.150356;4.011183;-0.006880;7.500000;0.000000
14.799724;122.174156;38.997595;4.010639;0.001442;7.500000;0.000000
14.999721;122.045108;38.844797;4.011760;0.009765;7.500000;0.000000
15.199717;121.916361;38.691749;4.014545;0.018089;7.500000;0.000000
15.399713;121.788171;38.538239;4.018995;0.026413;7.500000;0.000000
15.599710;121.660795;38.384055;4.025110;0.034736;7.500000;0.000000
15.799706;121.534496;38.228999;4.032781;0.038924;7.500000;0.000000
15.999702;121.409393;38.073012;4.039811;0.031390;7.500000;0.000000
16.199698;121.285256;37.916224;4.045335;0.023861;7.500000;0.000000
16.399695;121.161855;37.758828;4.049355;0.016337;7.500000;0.000000
16.599691;121.038959;37.601016;4.051871;0.008820;7.500000;0.000000
16.799687;120.916335;37.442981;4.052883;0.001305;7.500000;0.000000
16.999684;120.793753;37.284913;4.052393;-0.006209;7.500000;0.000000
17.199680;120.670981;37.127007;4.050399;-0.013727;7.500000;0.000000
17.399676;120.547788;36.969453;4.046902;-0.021250;7.500000;0.000000
17.599672;120.423942;36.812444;4.041899;-0.028780;7.500000;0.000000
17.799669;120.299199;36.656151;4.035515;-0.032197;7.500000;0.000000
17.999665;120.173453;36.500617;4.029683;-0.026122;7.500000;0.000000
18.199661;120.046904;36.345752;4.025067;-0.020041;7.500000;0.000000
18.399657;119.919738;36.191400;4.021667;-0.013957;7.500000;0.000000
18.599654;119.792143;36.037404;4.019484;-0.007872;7.500000;0.000000
18.799650;119.664306;35.883609;4.018518;-0.001788;7.500000;0.000000
18.999646;119.536412;35.729858;4.018769;0.004297;7.500000;0.000000
19.199643;119.408649;35.575995;4.020237;0.010381;7.500000;0.000000
19.399639;119.281204;35.421865;4.022922;0.016464;7.500000;0.000000
19.599635;119.154263;35.267311;4.026823;0.022545;7.500000;0.000000
19.799631;119.028017;35.112188;4.031802;0.024699;7.500000;0.000000
19.999628;118.902526;34.956460;4.036227;0.019547;7.500000;0.000000
20.199624;118.777635;34.800231;4.039622;0.014397;7.500000;0.000000
20.399620;118.653189;34.643635;4.041987;0.009251;7.500000;0.000000
20.599616;118.529030;34.486806;4.043322;0.004106;7.500000;0.000000
20.799613;118.405001;34.329876;4.043629;-0.001038;7.500000;0.000000
20.999609;118.280945;34.172980;4.042907;-0.006184;7.500000;0.000000
21.199605;118.156707;34.016251;4.041155;-0.011333;7.500000;0.000000
21.399602;118.032129;33.859824;4.038374;-0.016486;7.500000;0.000000
21.599598;117.907054;33.703830;4.034562;-0.021645;7.500000;0.000000
21.799594;117.781324;33.548397;4.029874;-0.022859;7.500000;0.000000
21.999590;117.654906;33.393541;4.025790;-0.017998;7.500000;0.000000
22.199587;117.527938;33.239148;4.022679;-0.013130;7.500000;0.000000
22.399583;117.400563;33.085087;4.020541;-0.008260;7.500000;0.000000
22.599579;117.272922;32.931223;4.019377;-0.003389;7.500000;0.000000
22.799576;117.145159;32.777423;4.019186;0.001479;7.500000;0.000000
22.999572;117.017416;32.623555;4.019968;0.006342;7.500000;0.000000
23.199568;116.889835;32.469485;4.021722;0.011197;7.500000;0.000000
23.399564;116.762559;32.315081;4.024448;0.016041;7.500000;0.000000
23.599561;116.635731;32.160209;4.028143;0.020871;7.500000;0.000000
23.799557;116.509503;32.004758;4.032626;0.021652;7.500000;-0.156278
23.999553;116.383909;31.848726;4.036529;0.017317;7.495832;-0.406571
24.199549;116.258831;31.692228;4.039565;0.013002;7.484976;-0.654042
24.399546;116.134163;31.535406;4.041739;0.008698;7.467480;-0.900185
24.599542;116.009799;31.378407;4.043050;0.004397;7.443332;-1.150725
24.799538;115.885632;31.221372;4.043500;0.000090;7.412348;-1.443955
24.999535;115.761558;31.064449;4.043086;-0.004232;7.373285;-1.773939
25.199531;115.637469;30.907779;4.041806;-0.008579;7.325010;-2.060760
25.399527;115.513259;30.751508;4.039657;-0.012960;7.268527;-2.305163
25.599523;115.388823;30.595781;4.036634;-0.017384;7.204820;-2.505838
25.799520;115.264073;30.440748;4.033055;-0.015097;7.134922;-2.659499
25.999516;115.139049;30.286306;4.031005;-0.005523;7.059981;-2.761017
26.199512;115.013922;30.132082;4.030863;0.004095;6.981329;-2.803759
26.399508;114.888882;29.977709;4.032630;0.013684;6.900541;-2.780458
26.599505;114.764121;29.822821;4.036298;0.023174;6.819480;-2.750020
26.799501;114.639831;29.667052;4.041848;0.032491;6.738347;-2.719495
26.999497;114.516201;29.510036;4.049253;0.041563;6.657142;-2.639982
27.199494;114.393424;29.351405;4.058475;0.050316;6.577353;-2.517750
27.399490;114.271692;29.190793;4.069466;0.058676;6.500345;-2.359659
27.599486;114.151194;29.027835;4.082167;0.066569;6.427335;-2.171793
27.799482;114.032394;28.862632;4.095051;0.047451;6.359398;-1.958783
27.999479;113.914820;28.695813;4.100423;0.005400;6.297495;-1.754082
28.199475;113.797210;28.528550;4.097279;-0.036183;6.241540;-1.560240
28.399471;113.678556;28.362427;4.085590;-0.078593;6.191344;-1.376048
28.599468;113.557846;28.199030;4.065157;-0.123056;6.146733;-1.200437
28.799464;113.434072;28.039943;4.035624;-0.170638;6.107550;-1.032455
28.999460;113.306224;27.886752;3.996518;-0.222090;6.073647;-0.871249
29.199456;113.173294;27.741041;3.947311;-0.277576;6.044890;-0.716048
29.399453;113.034270;27.604394;3.887522;-0.336257;6.021153;-0.566153
29.599449;112.888145;27.478397;3.816879;-0.395788;6.002318;-0.420928
29.799445;112.732427;27.363532;3.737215;-0.402431;5.988276;-0.279788
29.999441;112.566977;27.260303;3.663131;-0.356337;5.978925;-0.017635
30.199438;112.394078;27.168469;3.598165;-0.307037;5.978335;0.317113
30.399434;112.214699;27.086649;3.542516;-0.257648;5.988934;0.524694
30.599430;112.029810;27.013465;3.496058;-0.210044;6.006430;0.726690
30.799427;111.840381;26.947536;3.458491;-0.165052;6.030578;0.936661
30.999423;111.647383;26.887482;3.429453;-0.122745;6.061562;1.187751
31.199419;111.451786;26.831923;3.408601;-0.082708;6.100625;1.478397
31.399415;111.254560;26.779480;3.395669;-0.044231;6.148900;1.744554
31.599412;111.056674;26.728773;3.390497;-0.006435;6.205383;1.986804
31.799408;110.860673;26.678919;3.391074;0.003658;6.269090;2.203233
31.999404;110.665922;26.629237;3.391587;0.001440;6.338988;2.389334
32.199401;110.471612;26.579608;3.391651;-0.000805;6.413929;2.537875
32.399397;110.277649;26.530102;3.391264;-0.003070;6.492581;2.638965
32.599393;110.083944;26.480787;3.390423;-0.005347;6.573369;2.680706
32.799389;109.890403;26.431735;3.389128;-0.007629;6.654430;2.715977
32.999386;109.696937;26.383015;3.387378;-0.009909;6.735563;2.751336
33.199382;109.503453;26.334697;3.385176;-0.012179;6.816768;2.735497
33.399378;109.309860;26.286850;3.382522;-0.014432;6.896557;2.670310
33.599374;109.116067;26.239546;3.379420;-0.016659;6.973565;2.559063
33.799371;108.921972;26.192841;3.376064;-0.016326;7.046575;2.405223
33.999367;108.727582;26.146735;3.372920;-0.015157;7.114512;2.211667
34.199363;108.532939;26.101191;3.370006;-0.013998;7.176415;2.015641
34.399360;108.338078;26.056171;3.367321;-0.012849;7.232370;1.821523
34.599356;108.143035;26.011637;3.364865;-0.011708;7.282566;1.629404
34.799352;107.947844;25.967550;3.362636;-0.010575;7.327177;1.439388
34.999348;107.752542;25.923872;3.360632;-0.009447;7.366360;1.251591
35.199345;107.557163;25.880565;3.358854;-0.008324;7.400263;1.066135
35.399341;107.361742;25.837590;3.357301;-0.007204;7.429020;0.883145
35.599337;107.166316;25.794908;3.355971;-0.006087;7.452757;0.702748
35.799333;106.970690;25.752431;3.354908;-0.004433;7.471592;0.525071
35.999330;106.775051;25.710132;3.354199;-0.002649;7.485634;0.350240
36.199326;106.579458;25.667951;3.353848;-0.000861;7.494985;0.178381
36.399322;106.383915;25.625817;3.353855;0.000930;7.499744;0.009616
36.599319;106.188428;25.583657;3.354220;0.002723;7.500000;0.000000
36.799315;105.993003;25.541398;3.354944;0.004518;7.500000;0.000000
36.999311;105.797644;25.498969;3.356027;0.006312;7.500000;0.000000
37.199307;105.602357;25.456298;3.357468;0.008106;7.500000;0.000000
37.399304;105.407147;25.413312;3.359267;0.009899;7.500000;0.000000
37.599300;105.212019;25.369939;3.361425;0.011689;7.500000;0.000000
37.799296;105.017302;25.326209;3.363462;0.008083;7.500000;0.000000
37.999293;104.822663;25.282166;3.364642;0.003750;7.500000;0.000000
38.199289;104.627997;25.237964;3.364959;-0.000578;7.500000;0.000000
38.399285;104.433242;25.193765;3.364412;-0.004896;7.500000;-0.045370
38.599281;104.238337;25.149733;3.363004;-0.009200;7.498790;-0.213795
38.799278;104.043221;25.106030;3.360735;-0.013485;7.493086;-0.434808
38.999274;103.847833;25.062819;3.357610;-0.017746;7.481471;-0.711980
39.199270;103.652110;25.020263;3.353631;-0.021978;7.462414;-1.045966
39.399266;103.455993;24.978525;3.348803;-0.026175;7.434329;-1.357064
39.599263;103.259419;24.937767;3.343130;-0.030330;7.397732;-1.646254
39.799259;103.062505;24.898100;3.338006;-0.019749;7.353091;-1.917884
39.999255;102.865287;24.859185;3.335194;-0.008236;7.300740;-2.176859
40.199252;102.667980;24.820593;3.334693;0.003247;7.240862;-2.428683
40.399248;102.470807;24.781892;3.336502;0.014771;7.173467;-2.679021
40.599244;102.273991;24.742655;3.340631;0.026405;7.098383;-2.919689
40.799240;102.077753;24.702452;3.347099;0.038217;7.015638;-3.148767
40.999237;101.882319;24.660853;3.355935;0.050270;6.925294;-3.363216
41.199233;101.687910;24.617429;3.367172;0.062620;6.827477;-3.558731
41.399229;101.494749;24.571751;3.380855;0.075315;6.722423;-3.729460
41.599226;101.303060;24.523390;3.397029;0.088386;6.610538;-3.867641
41.799222;101.112619;24.472030;3.412192;0.064471;6.492472;-3.963325
41.999218;100.923252;24.418372;3.422388;0.039030;6.369214;-4.004751
42.199214;100.734330;24.363270;3.427535;0.013265;6.242196;-3.980719
42.399211;100.545215;24.307576;3.427616;-0.012373;6.113326;-3.899188
42.599207;100.355273;24.252141;3.422672;-0.037453;5.984406;-3.817561
42.799203;100.163866;24.197817;3.412799;-0.061558;5.855435;-3.644494
42.999199;99.970359;24.145456;3.398152;-0.084269;5.729603;-3.404509
43.199196;99.774116;24.095909;3.378943;-0.105167;5.609507;-3.121100
43.399192;99.574500;24.050029;3.355445;-0.123834;5.497104;-2.837035
43.599188;99.370917;24.008674;3.327997;-0.140285;5.392899;-2.578179
43.799185;99.164128;23.973006;3.295886;-0.166459;5.296424;-2.340846
43.999181;98.954829;23.944438;3.257492;-0.198090;5.207282;-2.122089
44.199177;98.744995;23.924714;3.211770;-0.237233;5.125131;-1.919501
44.399173;98.536603;23.915574;3.157369;-0.286292;5.049671;-1.752618
44.599170;98.331632;23.918762;3.092610;-0.347940;4.979774;-1.648219
44.799166;98.132056;23.936019;3.015507;-0.424664;4.913132;-1.468885
44.999162;97.939853;23.969087;2.923895;-0.517558;4.852971;-1.260261
45.199158;97.757000;24.019709;2.815760;-0.623913;4.800753;-1.018342
45.399155;97.585474;24.089626;2.689910;-0.733620;4.758141;-0.740747
45.599151;97.427225;24.180599;2.547022;-0.814714;4.726903;-0.475499
45.799147;97.283028;24.293713;2.410172;-0.672348;4.706741;-0.219098
45.999144;97.151554;24.426219;2.299260;-0.516567;4.697422;0.033568
46.199140;97.030418;24.574893;2.214296;-0.373078;4.698851;0.287695
46.399136;96.917235;24.736511;2.153217;-0.249946;4.711080;0.548868
46.599132;96.809620;24.907849;2.113532;-0.145383;4.734324;0.820867
46.799129;96.705188;25.085683;2.093180;-0.053872;4.768874;1.088715
46.999125;96.601553;25.266790;2.090856;0.030876;4.814316;1.354042
47.199121;96.496331;25.447946;2.106086;0.114859;4.870241;1.617314
47.399118;96.387136;25.625927;2.139184;0.203395;4.936209;1.877569
47.599114;96.271578;25.797519;2.191008;0.289521;5.011704;2.131947
47.799110;96.147883;25.960351;2.249683;0.283782;5.096071;2.374996
47.999106;96.016312;26.114247;2.306338;0.275350;5.188441;2.595036
48.199103;95.877429;26.259530;2.360653;0.264737;5.287524;2.700414
48.399099;95.731802;26.396526;2.412388;0.252482;5.388697;2.753466
48.599095;95.579997;26.525559;2.461379;0.239108;5.489938;2.753214
48.799091;95.422579;26.646953;2.507528;0.225082;5.589337;2.751051
48.999088;95.260116;26.761033;2.550798;0.210797;5.686923;2.656168
49.199084;95.093173;26.868123;2.591196;0.196567;5.779579;2.481743
49.399080;94.922316;26.968548;2.628767;0.182621;5.864829;2.244696
49.599077;94.747850;27.062768;2.663667;0.171471;5.940882;1.988508
49.799073;94.569018;27.151535;2.698101;0.173445;6.007451;1.745223
49.999069;94.387392;27.233983;2.732888;0.175330;6.065273;1.516392
50.199065;94.203082;27.309996;2.768024;0.177100;6.115070;1.303770
50.399062;94.016201;27.379456;2.803500;0.178729;6.157563;1.102671
50.599058;93.826860;27.442247;2.839303;0.180190;6.193274;0.933089
50.799054;93.635171;27.498252;2.875420;0.181455;6.223333;0.877731
50.999051;93.441247;27.547353;2.911829;0.182496;6.251477;0.829309
51.199047;93.245198;27.589434;2.948507;0.183285;6.277952;0.783416
51.399043;93.047137;27.624378;2.985428;0.183798;6.302859;0.736443
51.599039;92.848070;27.651961;3.022416;0.184763;6.326184;0.685533
51.799036;92.649482;27.672013;3.059612;0.188102;6.347820;0.628500
51.999032;92.449763;27.684616;3.097680;0.192508;6.367591;0.563710
52.199028;92.249403;27.689515;3.136793;0.197943;6.385272;0.489974
52.399024;92.048893;27.686456;3.177118;0.204368;6.400600;0.406438
52.599021;91.848724;27.675184;3.218817;0.211731;6.413287;0.325168
52.799017;91.649386;27.655446;3.262043;0.219965;6.423419;0.272676
52.999013;91.451370;27.626986;3.306940;0.228979;6.431904;0.264011
53.199010;91.255166;27.589550;3.353637;0.238646;6.440108;0.296673
53.399006;91.061266;27.542884;3.402242;0.248797;6.449314;0.368565
53.599002;90.869794;27.486618;3.452800;0.254549;6.460733;0.451361
53.798998;90.680705;27.420468;3.503268;0.249297;6.474691;0.539363
53.998995;90.495232;27.344993;3.552693;0.244371;6.491329;0.631980
54.198991;90.313714;27.260553;3.601164;0.239892;6.510772;0.732138
54.398987;90.136486;27.167509;3.648783;0.235961;6.533222;0.845927
54.598983;89.963885;27.066219;3.695668;0.232658;6.559067;0.908026
54.798980;89.796248;26.957045;3.741943;0.230048;6.586696;0.974455
54.998976;89.633912;26.840346;3.787741;0.228183;6.616218;1.040747
55.198972;89.477213;26.716482;3.833202;0.227104;6.647603;1.105461
55.398969;89.326489;26.585813;3.878468;0.226843;6.680779;1.167060
55.598965;89.182044;26.448678;3.923361;0.217858;6.715625;1.223886
55.798961;89.043762;26.305566;3.964052;0.190877;6.751975;1.274152
55.998957;88.910965;26.157252;3.999303;0.163192;6.789611;1.315934
56.198954;88.782880;26.004486;4.029062;0.135369;6.828263;1.347181
56.398950;88.658732;25.848018;4.053337;0.107752;6.867608;1.365749
56.598946;88.537746;25.688598;4.072167;0.080500;6.907267;1.376746
56.798943;88.419148;25.526976;4.085605;0.053629;6.947015;1.387798
56.998939;88.302163;25.363904;4.093697;0.027050;6.986854;1.391123
57.198935;88.186018;25.200130;4.096473;0.000609;7.026562;1.387807
57.398931;88.069937;25.036406;4.093939;-0.025882;7.065952;1.378997
57.598928;87.953092;24.873384;4.086499;-0.042497;7.104876;1.365873
57.798924;87.834977;24.711468;4.077705;-0.045254;7.143221;1.349634
57.998920;87.715551;24.550834;4.068373;-0.047983;7.180909;1.331482
58.198916;87.594711;24.391514;4.058508;-0.050677;7.217897;1.312610
58.398913;87.472351;24.233539;4.048116;-0.053326;7.254176;1.294199
58.598909;87.348366;24.076942;4.037205;-0.055919;7.289770;1.061602
58.798905;87.222653;23.921754;4.025784;-0.058447;7.318837;0.808264
58.998902;87.095105;23.768006;4.013861;-0.060899;7.340890;0.515691
59.198898;86.965619;23.615731;4.001450;-0.063264;7.354927;0.184516
59.398894;86.834089;23.464960;3.988564;-0.065532;7.359942;-0.184483
59.598890;86.700676;23.316010;3.975361;-0.065314;7.354927;-0.590666
59.798887;86.565407;23.168894;3.962565;-0.062762;7.338848;-1.003069
59.998883;86.428153;23.023329;3.950255;-0.060314;7.311462;-1.415152
60.198879;86.289048;22.879325;3.938415;-0.057966;7.272649;-1.828117
60.398876;86.148225;22.736888;3.927032;-0.055713;7.222201;-2.233748
60.598872;86.005815;22.596026;3.916090;-0.053551;7.160077;-2.517725
60.798868;85.861952;22.456749;3.905576;-0.051475;7.089403;-2.720066
60.998864;85.716770;22.319063;3.895478;-0.049478;7.012249;-2.900637
61.198861;85.570400;22.182977;3.885782;-0.047558;6.929026;-3.056009
61.398857;85.422976;22.048499;3.876478;-0.045707;6.840250;-3.181690
61.598853;85.274699;21.915711;3.867273;-0.049266;6.746582;-3.272179
61.798849;85.125452;21.784674;3.856684;-0.057340;6.648874;-3.321262
61.998846;84.974853;21.655456;3.844518;-0.065246;6.548209;-3.322813
62.198842;84.822582;21.528187;3.830804;-0.072906;6.445924;-3.272476
62.398838;84.668319;21.403000;3.815586;-0.080238;6.343577;-3.222045
62.598835;84.511743;21.280026;3.798914;-0.087160;6.241168;-3.152744
62.798831;84.352533;21.159396;3.780852;-0.093588;6.139308;-3.024070
62.998827;84.190370;21.041242;3.761476;-0.099440;6.039992;-2.849302
63.198823;84.024932;20.925696;3.740873;-0.104640;5.944897;-2.640279
63.398820;83.855898;20.812888;3.719139;-0.109120;5.855400;-2.405828
63.598816;83.682915;20.702963;3.695636;-0.125707;5.772642;-2.180382
63.798812;83.506101;20.596941;3.666876;-0.153713;5.696601;-1.970116
63.998808;83.325947;20.496551;3.632017;-0.184960;5.627009;-1.773211
64.198805;83.142913;20.403515;3.590476;-0.220496;5.563628;-1.588107
64.398801;82.957457;20.319558;3.541537;-0.261253;5.506244;-1.413455
64.598797;82.770038;20.246400;3.484389;-0.307884;5.454663;-1.248072
64.798794;82.581115;20.185766;3.418179;-0.360446;5.408709;-0.932603
64.998790;82.391147;20.139378;3.342135;-0.417900;5.374114;-0.622294
65.198786;82.200592;20.108959;3.255732;-0.477460;5.350905;-0.320269
65.398782;82.009909;20.096231;3.158947;-0.534044;5.338921;-0.023080
65.598779;81.819864;20.102740;3.056619;-0.512566;5.338057;0.272794
65.798775;81.630539;20.127791;2.965891;-0.436493;5.348267;0.571034
65.998771;81.441732;20.169096;2.889037;-0.359156;5.369579;0.875346
66.198768;81.253448;20.224331;2.825834;-0.286125;5.402083;1.188539
66.398764;81.065691;20.291170;2.775560;-0.219640;5.445908;1.515083
66.598760;80.878466;20.367289;2.737336;-0.159743;5.501267;1.766422
66.798756;80.691779;20.450362;2.710347;-0.105262;5.565114;1.979075
66.998753;80.505634;20.538066;2.693966;-0.054442;5.635788;2.189055
67.198749;80.320036;20.628074;2.687818;-0.005265;5.712942;2.394597
67.398745;80.134990;20.718062;2.691814;0.044417;5.796165;2.592553
67.598741;79.950012;20.806037;2.703927;0.059988;5.884941;2.778141
67.798738;79.765252;20.891179;2.715367;0.052372;5.978609;2.944721
67.998734;79.580957;20.973747;2.725127;0.044197;6.076318;3.083744
68.198730;79.397069;21.054177;2.733138;0.035544;6.176982;3.185267
68.398727;79.213526;21.132906;2.739340;0.026501;6.279267;3.239566
68.598723;79.030268;21.210370;2.743688;0.017160;6.381614;3.293961
68.798719;78.847235;21.287004;2.746149;0.007615;6.484023;3.328311
68.998715;78.664366;21.363246;2.746702;-0.002038;6.585883;3.295155
69.198712;78.481602;21.439531;2.745341;-0.011702;6.685200;3.201303
69.398708;78.298881;21.516296;2.742071;-0.021277;6.780294;3.054163
69.598704;78.116066;21.593991;2.737277;-0.025066;6.869791;2.859826
69.798700;77.933218;21.672776;2.732197;-0.025970;6.952549;2.657912
69.998697;77.750449;21.752652;2.726925;-0.026894;7.028591;2.457819
70.198693;77.567828;21.833634;2.721459;-0.027838;7.098183;2.259526
70.398689;77.385425;21.915736;2.715794;-0.028807;7.161563;2.063058
70.598686;77.203310;21.998975;2.709927;-0.029799;7.218947;1.868478
70.798682;77.021552;22.083366;2.703853;-0.030819;7.270528;1.675873
70.998678;76.840222;22.168924;2.697569;-0.031867;7.316482;1.485345
71.198674;76.659388;22.255665;2.691070;-0.032945;7.356972;1.297006
71.398671;76.479121;22.343604;2.684352;-0.034056;7.392147;1.110978
71.598667;76.299453;22.432728;2.678306;-0.022735;7.422143;0.927386
71.798663;76.120244;22.522641;2.675371;-0.006536;7.447091;0.746355
71.998660;75.941237;22.612747;2.675687;0.009697;7.467108;0.568013
72.198656;75.762169;22.702447;2.679259;0.025988;7.482306;0.392486
72.398652;75.582777;22.791145;2.686096;0.042355;7.492789;0.219900
72.598648;75.402796;22.878245;2.696208;0.058805;7.498656;0.050379
72.798645;75.221964;22.963148;2.709605;0.075324;7.500000;0.000000
72.998641;75.040016;23.045258;2.726292;0.091869;7.500000;0.000000
73.198637;74.856688;23.123977;2.746269;0.108361;7.500000;0.000000
73.398633;74.671717;23.198710;2.769519;0.124675;7.500000;0.000000
73.598630;74.484838;23.268909;2.795104;0.129046;7.500000;0.000000
73.798626;74.296087;23.334313;2.820995;0.130192;7.500000;0.000000
73.998622;74.105606;23.394814;2.847142;0.131484;7.500000;0.000000
74.198619;73.913529;23.450309;2.873572;0.132915;7.500000;0.000000
74.398615;73.719989;23.500693;2.900309;0.134476;7.500000;0.000000
74.598611;73.525118;23.545864;2.927376;0.136157;7.500000;0.000000
74.798607;73.329049;23.585719;2.954796;0.137947;7.500000;0.000000
74.998604;73.131917;23.620153;2.982590;0.139834;7.500000;0.000000
75.198600;72.933853;23.649064;3.010776;0.141803;7.500000;0.000000
75.398596;72.734992;23.672347;3.039372;0.143838;7.500000;0.000000
75.598593;72.535858;23.689885;3.068085;0.142957;7.500000;0.000000
75.798589;72.336303;23.701725;3.096530;0.141638;7.500000;0.000000
75.998585;72.136427;23.707911;3.124735;0.140466;7.500000;0.000000
76.198581;71.936401;23.708480;3.152728;0.139447;7.500000;0.000000
76.398578;71.736401;23.703468;3.180538;0.138588;7.500000;0.000000
76.598574;71.536599;23.692912;3.208196;0.137894;7.500000;0.000000
76.798570;71.337168;23.676847;3.235731;0.137367;7.500000;0.000000
76.998566;71.138281;23.655310;3.263173;0.137012;7.500000;0.000000
77.198563;70.940112;23.628339;3.290555;0.136831;7.500000;0.000000
77.398559;70.742835;23.595968;3.317907;0.136827;7.500000;0.000000
77.598555;70.546307;23.558186;3.345023;0.133752;7.500000;0.000000
77.798552;70.350890;23.515165;3.371433;0.130219;7.500000;0.000000
77.998548;70.156702;23.467078;3.397132;0.126702;7.500000;0.000000
78.198544;69.963814;23.414090;3.422129;0.123225;7.500000;0.000000
78.398540;69.772302;23.356367;3.446435;0.119810;7.500000;0.000000
78.598537;69.582239;23.294075;3.470063;0.116475;7.500000;0.000000
78.798533;69.393698;23.227379;3.493032;0.113235;7.500000;0.000000
78.998529;69.206753;23.156445;3.515359;0.110103;7.500000;0.000000
79.198525;69.021478;23.081439;3.537063;0.107090;7.500000;0.000000
79.398522;68.837946;23.002526;3.558168;0.104204;7.500000;0.000000
79.598518;68.655954;22.919753;3.578578;0.099848;7.500000;0.000000
79.798514;68.475714;22.833394;3.598080;0.095291;7.500000;0.000000
79.998511;68.297182;22.743635;3.616661;0.090669;7.500000;0.000000
80.198507;68.120298;22.650652;3.634315;0.086006;7.500000;0.000000
80.398503;67.945001;22.554622;3.651038;0.081323;7.500000;0.000000
80.598499;67.771228;22.455722;3.666829;0.076635;7.500000;0.000000
80.798496;67.598920;22.354127;3.681691;0.071958;7.500000;0.000000
80.998492;67.428013;22.250014;3.695625;0.067301;7.500000;0.000000
81.198488;67.258448;22.143560;3.708635;0.062672;7.500000;0.000000
81.398485;67.090163;22.034941;3.720727;0.058098;7.500000;0.000000
81.598481;66.923253;21.924361;3.732876;0.063263;7.500000;0.000000
81.798477;66.757742;21.811665;3.746066;0.068494;7.500000;0.000000
81.998473;66.593811;21.696723;3.760309;0.073793;7.500000;0.000000
82.198470;66.431644;21.579405;3.775615;0.079158;7.500000;0.000000
82.398466;66.271420;21.459583;3.791994;0.084585;7.500000;0.000000
82.598462;66.113323;21.337126;3.809456;0.090064;7.500000;0.000000
82.798458;65.957534;21.211904;3.828009;0.095581;7.500000;0.000000
82.998455;65.804234;21.083787;3.847658;0.101117;7.500000;0.000000
83.198451;65.653606;20.952646;3.868405;0.106648;7.500000;0.000000
83.398447;65.505840;20.818360;3.890247;0.111692;7.500000;0.000000
83.598444;65.361192;20.680948;3.912391;0.110285;7.500000;0.000000
83.798440;65.219571;20.540356;3.934258;0.108860;7.500000;0.000000
83.998436;65.080987;20.396665;3.955847;0.107427;7.500000;0.000000
84.198432;64.945447;20.249961;3.977161;0.105992;7.500000;0.000000
84.398429;64.812961;20.100325;3.998202;0.104563;7.500000;0.000000
84.598425;64.683537;19.947840;4.018973;0.103144;7.500000;0.000000
84.798421;64.557184;19.792591;4.039479;0.101743;7.500000;0.000000
84.998418;64.433912;19.634659;4.059725;0.100364;7.500000;0.000000
85.198414;64.313728;19.474128;4.079715;0.099013;7.500000;0.000000
85.398410;64.196673;19.311126;4.099464;0.098663;7.500000;0.000000
85.598406;64.083022;19.145999;4.119928;0.105552;7.500000;0.000000
85.798403;63.972855;18.978449;4.141808;0.112713;7.500000;0.000000
85.998399;63.866524;18.808484;4.165147;0.120149;7.500000;0.000000
86.198395;63.764379;18.636112;4.189988;0.127851;7.500000;0.000000
86.398391;63.666770;18.461340;4.216374;0.135800;7.500000;0.000000
86.598388;63.574048;18.284177;4.244342;0.143963;7.500000;0.000000
86.798384;63.486564;18.104629;4.273926;0.152292;7.500000;0.000000
86.998380;63.404668;17.922706;4.305150;0.160718;7.500000;0.000000
87.198377;63.328712;17.738415;4.338029;0.169156;7.500000;0.000000
87.398373;63.259034;17.551732;4.372526;0.174583;7.500000;-0.174185
87.598369;63.195759;17.362575;4.406271;0.163742;7.495354;-0.395422
87.798365;63.138664;17.171347;4.437861;0.152824;7.484795;-0.594352
87.998362;63.087386;16.978297;4.467301;0.141956;7.468897;-0.772063
88.198358;63.041558;16.783674;4.494610;0.131232;7.448195;-0.932211
88.398354;63.000817;16.587726;4.519818;0.120717;7.423121;-1.080867
88.598350;62.964797;16.390703;4.542964;0.110448;7.393943;-1.216908
88.798347;62.933133;16.192855;4.564088;0.100442;7.360953;-1.339019
88.998343;62.905460;15.994429;4.583231;0.090694;7.324482;-1.445713
89.198339;62.881414;15.795675;4.600433;0.081182;7.284900;-1.535364
89.398336;62.860618;15.596727;4.615699;0.069925;7.242626;-1.606262
89.598332;62.842563;15.397399;4.627768;0.050621;7.198134;-1.656686
89.798328;62.826548;15.198169;4.635936;0.031079;7.151956;-1.685019
89.998324;62.811783;14.999015;4.640180;0.011397;7.104680;-1.689901
90.198321;62.797478;14.799917;4.640485;-0.008347;7.056949;-1.681544
90.398317;62.782842;14.600855;4.636848;-0.028084;7.009132;-1.673126
90.598313;62.767084;14.401807;4.629276;-0.047737;6.961228;-1.652241
90.798310;62.749415;14.202754;4.617787;-0.067211;6.913596;-1.621380
90.998306;62.729044;14.003674;4.602411;-0.086380;6.866532;-1.582904
91.198302;62.705181;13.804547;4.583202;-0.105079;6.820272;-1.539014
91.398298;62.677089;13.605697;4.560317;-0.121694;6.774992;-1.491743
91.598295;62.644209;13.407874;4.534618;-0.134715;6.730812;-1.442962
91.798291;62.605923;13.210670;4.506180;-0.148550;6.687799;-1.394393
91.998287;62.561752;13.014636;4.474864;-0.163269;6.645970;-1.347625
92.198283;62.511218;12.820324;4.440528;-0.178897;6.605291;-1.304137
92.398280;62.453841;12.628285;4.403031;-0.195404;6.565686;-1.255348
92.598276;62.389143;12.439070;4.362238;-0.212677;6.527335;-1.179225
92.798272;62.316645;12.253231;4.318039;-0.230509;6.491103;-1.076945
92.998269;62.235868;12.071319;4.270357;-0.248573;6.457836;-0.949764
93.198265;62.146333;11.893886;4.219169;-0.266405;6.428355;-0.798728
93.398261;62.047498;11.721371;4.164689;-0.276150;6.403457;-0.638357
93.598257;61.939100;11.554075;4.110539;-0.267145;6.383489;-0.335006
93.798254;61.821779;11.392567;4.058056;-0.258742;6.372984;0.003858
93.998250;61.696083;11.237110;4.007099;-0.251126;6.373105;0.321343
94.198246;61.562559;11.087966;3.957510;-0.244440;6.383181;0.620224
94.398243;61.421755;10.945399;3.909109;-0.238791;6.402585;0.804266
94.598239;61.274220;10.809671;3.861707;-0.234259;6.427658;0.939891
94.798235;61.120502;10.681046;3.815105;-0.230908;6.456837;1.067774
94.998231;60.961148;10.559785;3.769096;-0.228790;6.489826;1.186811
95.198228;60.796706;10.446152;3.723466;-0.227952;6.526297;1.194222
95.398224;60.627593;10.340327;3.678196;-0.220856;6.562792;1.188321
95.598220;60.454158;10.242084;3.636571;-0.196516;6.598906;1.185935
95.798216;60.277150;10.150774;3.599948;-0.171098;6.634751;1.185538
95.998213;60.097033;10.065503;3.568426;-0.145213;6.670392;1.185416
96.198209;59.914275;9.985372;3.542037;-0.119280;6.705840;1.173656
96.398205;59.729339;9.909487;3.520770;-0.093547;6.740752;1.149080
96.598202;59.542690;9.836950;3.504589;-0.068118;6.774759;1.122595
96.798198;59.354794;9.766867;3.493454;-0.042988;6.807818;1.083915
96.998194;59.166116;9.698340;3.487328;-0.018078;6.839587;1.036387
97.198190;58.977121;9.630473;3.486190;0.006741;6.869825;0.983251
97.398187;58.788183;9.562341;3.489911;0.028148;6.898390;0.927812
97.598183;58.599629;9.493157;3.497133;0.043788;6.925237;0.873426
97.798179;58.411902;9.422398;3.507497;0.059561;6.950415;0.823483
97.998175;58.225281;9.349499;3.521022;0.075484;6.974070;0.781410
98.198172;58.040047;9.273895;3.537729;0.091544;6.996443;0.740029
98.398168;57.856481;9.195022;3.557631;0.107694;7.017565;0.709962
98.598164;57.674862;9.112316;3.580736;0.123845;7.037770;0.702973
98.798161;57.495472;9.025212;3.607034;0.139858;7.057718;0.693681
98.998157;57.318590;8.933146;3.636494;0.155537;7.077348;0.681168
99.198153;57.144497;8.835552;3.669057;0.170630;7.096571;0.664845
99.398149;56.973742;8.732046;3.704296;0.178798;7.115283;0.644298
99.598146;56.806705;8.622469;3.740080;0.179552;7.133370;0.632099
99.798142;56.643418;8.506758;3.776153;0.181045;7.151070;0.542305
99.998138;56.484260;8.385070;3.812637;0.183257;7.166221;0.374259
100.198135;56.329611;8.257562;3.849650;0.186166;7.176658;0.209001
100.398131;56.179851;8.124392;3.887309;0.189751;7.182480;0.046662
100.598127;56.035358;7.985717;3.925727;0.193987;7.183779;0.000000
100.798123;55.896513;7.841695;3.965012;0.198841;7.183779;0.000000
100.998120;55.763694;7.692484;4.005269;0.204274;7.183779;0.000000
101.198116;55.637283;7.538242;4.046595;0.210233;7.183779;0.000000
101.398112;55.517549;7.379004;4.088553;0.204704;7.183779;0.110939
101.598108;55.404403;7.215059;4.127422;0.185405;7.186867;0.221454
101.798105;55.297364;7.047011;4.162395;0.165589;7.193027;0.311157
101.998101;55.195821;6.875340;4.193432;0.145624;7.201673;0.379720
102.198097;55.099163;6.700524;4.220535;0.125762;7.212210;0.426891
102.398094;55.006779;6.523040;4.243732;0.106151;7.224039;0.463425
102.598090;54.918058;6.343367;4.263064;0.086855;7.236857;0.417575
102.798086;54.832389;6.161983;4.278577;0.067865;7.248388;0.226894
102.998082;54.749160;5.979367;4.290312;0.049116;7.254646;0.067839
103.198079;54.667761;5.795996;4.298298;0.030503;7.256516;-0.060056
103.398075;54.587596;5.612336;4.303106;0.022497;7.254860;-0.156462
103.598071;54.508386;5.428572;4.307762;0.024036;7.250546;-0.220555
103.798067;54.430143;5.244628;4.312718;0.025548;7.244459;-0.251167
103.998064;54.352897;5.060419;4.317970;0.027028;7.237522;-0.247026
104.198060;54.276671;4.875859;4.323511;0.028471;7.230693;-0.246683
104.398056;54.201494;4.690863;4.329337;0.029871;7.223866;-0.246340
104.598053;54.127391;4.505346;4.335440;0.031224;7.217043;-0.238377
104.798049;54.054389;4.319221;4.341814;0.032525;7.210434;-0.245516
104.998045;53.982513;4.132403;4.348450;0.033767;7.203621;-0.267694
105.198041;53.911791;3.944806;4.355339;0.034948;7.196185;-0.304770
105.398038;53.842233;3.756403;4.361573;0.020567;7.187710;-0.356654
105.598034;53.773346;3.567457;4.363132;-0.005032;7.177780;-0.423403
105.798030;53.704235;3.378490;4.359549;-0.030592;7.165972;-0.502631
105.998027;53.634003;3.190062;4.350813;-0.056350;7.151931;-0.493378
106.198023;53.561751;3.002728;4.336882;-0.082510;7.138121;-0.397582
106.398019;53.486584;2.817049;4.317690;-0.109215;7.126972;-0.287632
106.598015;53.407603;2.633580;4.293159;-0.136508;7.118896;-0.159349
106.798012;53.323911;2.452882;4.263214;-0.164297;7.114418;-0.012574
106.998008;53.234611;2.275511;4.227806;-0.192306;7.114065;0.000000
107.198004;53.138806;2.102025;4.186935;-0.220032;7.114065;0.000000
107.398000;53.035405;1.932575;4.142006;-0.223753;7.114065;0.000000
107.597997;52.924369;1.767556;4.098552;-0.213146;7.114065;0.000000
107.797993;52.806286;1.607194;4.057161;-0.202524;7.114065;-0.000000
107.997989;52.681619;1.451469;4.017805;-0.192080;7.114065;0.000000
108.197986;52.550832;1.300361;3.980434;-0.181961;7.114065;0.000000
108.397982;52.414387;1.153851;3.944980;-0.172276;7.114065;0.000000
108.597978;52.272747;1.011920;3.911363;-0.163103;7.114065;0.000000
108.797974;52.126375;0.874547;3.879495;-0.154490;7.114065;0.081100
108.997971;51.975734;0.741714;3.849282;-0.146464;7.116344;0.305737
109.197967;51.821287;0.613400;3.820628;-0.139037;7.124931;0.499010
109.397963;51.663835;0.489820;3.793914;-0.126135;7.138925;0.660526
109.597960;51.503593;0.370454;3.770265;-0.110519;7.157406;0.788865
109.797956;51.340790;0.254679;3.749763;-0.094710;7.179415;0.881703
109.997952;51.175793;0.141983;3.732425;-0.078828;7.203934;0.936015
110.197948;51.008969;0.031853;3.718255;-0.062949;7.229873;0.948378
110.397945;50.840685;-0.076224;3.707250;-0.047115;7.256060;0.955309
110.597941;50.671309;-0.182762;3.699402;-0.031338;7.282344;0.962280
110.797937;50.501207;-0.288273;3.694704;-0.015610;7.308723;0.952211
110.997933;50.330748;-0.393269;3.693151;0.000093;7.334733;0.926354
111.197930;50.160297;-0.498264;3.694741;0.015798;7.359949;0.886052
111.397926;49.990183;-0.603735;3.698463;0.018205;7.383987;0.832689
111.597922;49.820497;-0.709797;3.701927;0.016425;7.406506;0.767647
111.797919;49.651199;-0.816391;3.705035;0.014640;7.427206;0.692280
111.997915;49.482246;-0.923460;3.707785;0.012852;7.445824;0.607898
112.197911;49.313596;-1.030946;3.710176;0.011061;7.462134;0.515752
112.397907;49.145206;-1.138791;3.712208;0.009267;7.475944;0.417035
112.597904;48.977031;-1.246937;3.713882;0.007472;7.487092;0.302500
112.797900;48.809031;-1.355327;3.715196;0.005675;7.495168;0.167874
112.997896;48.641161;-1.463903;3.716151;0.003877;7.499647;0.013255
113.197892;48.473378;-1.572606;3.716746;0.002079;7.500000;0.000000
113.397889;48.305617;-1.681391;3.716922;-0.000462;7.500000;0.000000
113.597885;48.137838;-1.790165;3.716559;-0.003171;7.500000;0.000000
113.797881;47.969987;-1.898835;3.715654;-0.005880;7.500000;0.000000
113.997878;47.802002;-2.007312;3.714207;-0.008588;7.500000;0.000000
114.197874;47.633824;-2.115504;3.712219;-0.011295;7.500000;0.000000
114.397870;47.465391;-2.223323;3.709690;-0.014000;7.500000;0.000000
114.597866;47.296645;-2.330679;3.706619;-0.016703;7.500000;0.000000
114.797863;47.127523;-2.437481;3.703008;-0.019404;7.500000;0.000000
114.997859;46.957966;-2.543639;3.698857;-0.022100;7.500000;0.000000
115.197855;46.787913;-2.649064;3.694165;-0.024792;7.500000;0.000000
115.397852;46.617504;-2.753583;3.689520;-0.020828;7.500000;0.000000
115.597848;46.446654;-2.857397;3.685850;-0.015888;7.500000;0.000000
115.797844;46.275442;-2.960687;3.683166;-0.010954;7.500000;0.000000
115.997840;46.103977;-3.063618;3.681469;-0.006026;7.500000;0.000000
116.197837;45.932367;-3.166355;3.680756;-0.001102;7.500000;0.000000
116.397833;45.760718;-3.269064;3.681028;0.003820;7.500000;0.000000
116.597829;45.589140;-3.371909;3.682284;0.008741;7.500000;0.000000
116.797825;45.417738;-3.475055;3.684525;0.013663;7.500000;0.000000
116.997822;45.246622;-3.578668;3.687751;0.018587;7.500000;0.000000
117.197818;45.075898;-3.682913;3.691962;0.023514;7.500000;0.000000
117.397814;44.905618;-3.787943;3.696491;0.021144;7.500000;0.000000
117.597811;44.735787;-3.893688;3.700416;0.018099;7.500000;0.000000
117.797807;44.566350;-4.000043;3.703732;0.015053;7.500000;0.000000
117.997803;44.397243;-4.106901;3.706439;0.012008;7.500000;0.000000
118.197799;44.228407;-4.214156;3.708536;0.008962;7.500000;0.000000
118.397796;44.059779;-4.321704;3.710024;0.005915;7.500000;0.000000
118.597792;43.891299;-4.429438;3.710902;0.002867;7.500000;0.000000
118.797788;43.722906;-4.537253;3.711171;-0.000182;7.500000;0.000000
118.997785;43.554537;-4.645043;3.710829;-0.003235;7.500000;0.000000
119.197781;43.386133;-4.752703;3.709877;-0.006290;7.500000;0.000000
119.397777;43.217459;-4.860272;3.708772;-0.004572;7.500000;0.000000
119.597773;43.048711;-4.967670;3.708049;-0.002658;7.500000;0.000000
119.797770;42.879929;-5.074964;3.707709;-0.000743;7.500000;0.000000
119.997766;42.711149;-5.182222;3.707752;0.001173;7.500000;0.000000
120.197762;42.542405;-5.289512;3.708178;0.003089;7.500000;0.000000
120.397758;42.373730;-5.396905;3.708987;0.005006;7.500000;0.000000
120.597755;42.205159;-5.504469;3.710180;0.006921;7.500000;0.000000
120.797751;42.036726;-5.612273;3.711755;0.008834;7.500000;0.000000
120.997747;41.868465;-5.720387;3.713713;0.010745;7.500000;0.000000
121.197744;41.700413;-5.828878;3.716053;0.012680;7.500000;0.000000
121.397740;41.532719;-5.937751;3.718927;0.016064;7.500000;0.000000
121.597736;41.365352;-6.047179;3.722477;0.019448;7.500000;0.000000
121.797732;41.198394;-6.157268;3.726705;0.022834;7.500000;0.000000
121.997729;41.031930;-6.268125;3.731611;0.026223;7.500000;0.000000
122.197725;40.866044;-6.379858;3.737195;0.029615;7.500000;0.000000
122.397721;40.700821;-6.492572;3.743458;0.033010;7.500000;0.000000
122.597717;40.536346;-6.606375;3.750400;0.036406;7.500000;0.000000
122.797714;40.372702;-6.721374;3.758021;0.039801;7.500000;0.000000
122.997710;40.209973;-6.837675;3.766321;0.043194;7.500000;0.000000
123.197706;40.048216;-6.955408;3.775306;0.047111;7.500000;0.000000
123.397703;39.887206;-7.074988;3.785857;0.058128;7.500000;0.000000
123.597699;39.727651;-7.196399;3.798625;0.069254;7.500000;0.000000
123.797695;39.569894;-7.319937;3.813626;0.080502;7.500000;0.000000
123.997691;39.414283;-7.445895;3.830879;0.091874;7.500000;0.000000
124.197688;39.261161;-7.574569;3.850401;0.103352;7.500000;0.000000
124.397684;39.110875;-7.706252;3.872206;0.114897;7.500000;0.000000
124.597680;38.963770;-7.841239;3.896299;0.126445;7.500000;0.000000
124.797677;38.820191;-7.979825;3.922678;0.137906;7.500000;0.000000
124.997673;38.680484;-8.122304;3.951325;0.149158;7.500000;0.000000
125.197669;38.545083;-8.268871;3.982145;0.157427;7.500000;0.000000
125.397665;38.414627;-8.419177;4.012763;0.150271;7.500000;0.000000
125.597662;38.288538;-8.573552;4.042015;0.143249;7.500000;0.000000
125.797658;38.166726;-8.731709;4.069926;0.136412;7.500000;0.000000
125.997654;38.049098;-8.893360;4.096533;0.129798;7.500000;0.000000
126.197650;37.935565;-9.058220;4.121874;0.123433;7.500000;0.000000
126.397647;37.826036;-9.225999;4.145991;0.117335;7.500000;0.000000
126.597643;37.720419;-9.396411;4.168927;0.111513;7.500000;0.000000
126.797639;37.618623;-9.569168;4.190728;0.105970;7.500000;0.000000
126.997636;37.520559;-9.743984;4.211437;0.100704;7.500000;0.000000
127.197632;37.426061;-9.920710;4.231131;0.096703;7.500000;0.000000
127.397628;37.334828;-10.099640;4.250623;0.097386;7.500000;0.000000
127.597624;37.247229;-10.280071;4.270223;0.098058;7.500000;0.000000
127.797621;37.163298;-10.461964;4.289933;0.098717;7.500000;0.000000
127.997617;37.083064;-10.645281;4.309752;0.099360;7.500000;0.000000
128.197613;37.006562;-10.829981;4.329679;0.099985;7.500000;0.000000
128.397610;36.933823;-11.016026;4.349713;0.100590;7.500000;0.000000
128.597606;36.864880;-11.203375;4.369853;0.101173;7.500000;0.000000
128.797602;36.799764;-11.391989;4.390097;0.101730;7.500000;0.000000
128.997598;36.738507;-11.581829;4.410444;0.102259;7.500000;0.000000
129.197595;36.681098;-11.773009;4.430909;0.102834;7.500000;0.000000
129.397591;36.627506;-11.965776;4.451565;0.103661;7.500000;0.000000
129.597587;36.577926;-12.159603;4.472393;0.104552;7.500000;0.000000
129.797583;36.532415;-12.354407;4.493403;0.105502;7.500000;0.000000
129.997580;36.491031;-12.550105;4.514606;0.106510;7.500000;0.000000
130.197576;36.453830;-12.746613;4.536014;0.107570;7.500000;0.000000
130.397572;36.420869;-12.943850;4.557636;0.108680;7.500000;0.000000
130.597569;36.392206;-13.141732;4.579481;0.109833;7.500000;0.000000
130.797565;36.367897;-13.340175;4.601558;0.111026;7.500000;0.000000
130.997561;36.348000;-13.539097;4.623877;0.112252;7.500000;0.000000
131.197557;36.332567;-13.738493;4.646459;0.113721;7.500000;0.000000
131.397554;36.321668;-13.938325;4.669410;0.115655;7.500000;0.000000
131.597550;36.315398;-14.138335;4.692757;0.117692;7.500000;0.000000
131.797546;36.313840;-14.338401;-1.566669;0.119824;7.500000;0.000000
131.997542;36.317077;-14.538403;-1.542480;0.122043;7.500000;0.000000
132.197539;36.325193;-14.738218;-1.517845;0.124337;7.500000;0.000000
132.397535;36.338271;-14.937726;-1.492750;0.126693;7.500000;0.000000
132.597531;36.356395;-15.136804;-1.467184;0.129097;7.500000;0.000000
132.797528;36.379648;-15.335332;-1.441136;0.131535;7.500000;0.000000
132.997524;36.408114;-15.533187;-1.414597;0.133987;7.500000;0.000000
133.197520;36.441788;-15.729824;-1.387892;0.130739;7.500000;0.000000
133.397516;36.480491;-15.925158;-1.362807;0.121185;7.500000;0.000000
133.597513;36.523937;-16.119677;-1.339609;0.111591;7.500000;0.000000
133.797509;36.571758;-16.313407;-1.318297;0.102023;7.500000;0.000000
133.997505;36.623581;-16.506369;-1.298863;0.092530;7.500000;0.000000
134.197502;36.679037;-16.698590;-1.281292;0.083143;7.500000;0.000000
134.397498;36.737755;-16.890091;-1.265569;0.073879;7.500000;0.000000
134.597494;36.799366;-17.080898;-1.251673;0.064744;7.500000;0.000000
134.797490;36.863499;-17.271033;-1.239588;0.055731;7.500000;0.000000
134.997487;36.929783;-17.460521;-1.229296;0.046824;7.500000;0.000000
135.197483;36.997735;-17.649075;-1.220806;0.037806;7.500000;0.000000
135.397479;37.067010;-17.836831;-1.214157;0.028639;7.500000;0.000000
135.597475;37.137353;-18.024169;-1.209344;0.019466;7.500000;0.000000
135.797472;37.208417;-18.211211;-1.206367;0.010291;7.500000;0.000000
135.997468;37.279857;-18.398079;-1.205226;0.001111;7.500000;0.000000
136.197464;37.351324;-18.584896;-1.205923;-0.008078;7.500000;0.000000
136.397461;37.422473;-18.771785;-1.208458;-0.017279;7.500000;0.000000
136.597457;37.492956;-18.958869;-1.212833;-0.026494;7.500000;0.000000
136.797453;37.562429;-19.146270;-1.219051;-0.035723;7.500000;0.000000
136.997449;37.630543;-19.334112;-1.227111;-0.044962;7.500000;0.000000
137.197446;37.697032;-19.522667;-1.236382;-0.043358;7.500000;0.000000
137.397442;37.761921;-19.711874;-1.244147;-0.034283;7.500000;0.000000
137.597438;37.825507;-19.901512;-1.250096;-0.025199;7.500000;0.000000
137.797435;37.888135;-20.091463;-1.254228;-0.016113;7.500000;0.000000
137.997431;37.950150;-20.281612;-1.256542;-0.007026;7.500000;0.000000
138.197427;38.011896;-20.471844;-1.257038;0.002061;7.500000;0.000000
138.397423;38.073717;-20.662041;-1.255717;0.011151;7.500000;0.000000
138.597420;38.135959;-20.852088;-1.252578;0.020244;7.500000;0.000000
138.797416;38.198965;-21.041869;-1.247621;0.029339;7.500000;0.000000
138.997412;38.263081;-21.231268;-1.240845;0.038434;7.500000;-0.060272
139.197408;38.328604;-21.420128;-1.232949;0.036793;7.498393;-0.323961
139.397405;38.395505;-21.608489;-1.226339;0.029341;7.489747;-0.580507
139.597401;38.463518;-21.796479;-1.221218;0.021890;7.474230;-0.830693
139.797397;38.532364;-21.984197;-1.217586;0.014444;7.451969;-1.075449
139.997394;38.601762;-22.171745;-1.215441;0.007003;7.423050;-1.323841
140.197390;38.671434;-22.359223;-1.214784;-0.000431;7.387296;-1.627830
140.397386;38.741098;-22.546733;-1.215614;-0.007860;7.343093;-1.968115
140.597382;38.810477;-22.734375;-1.217929;-0.015286;7.289293;-2.271160
140.797379;38.879289;-22.922251;-1.221730;-0.022707;7.226710;-2.541072
140.997375;38.947255;-23.110460;-1.227016;-0.030122;7.156042;-2.781977
141.197371;39.014100;-23.298990;-1.232884;-0.024730;7.077864;-2.998494
141.397367;39.080010;-23.487833;-1.236746;-0.013889;6.992624;-3.196347
141.597364;39.145401;-23.676876;-1.238441;-0.003057;6.900599;-3.383092
141.797360;39.210678;-23.865965;-1.237970;0.007773;6.801843;-3.568902
141.997356;39.276247;-24.054946;-1.235331;0.018607;6.696083;-3.753120
142.197353;39.342512;-24.243662;-1.230526;0.029450;6.583032;-3.963660
142.397349;39.409879;-24.431960;-1.223551;0.040303;6.461492;-4.195342
142.597345;39.478752;-24.619683;-1.214406;0.051162;6.330305;-4.421565
142.797341;39.549536;-24.806679;-1.203092;0.062011;6.189037;-4.626056
142.997338;39.622637;-24.992791;-1.189610;0.072828;6.037697;-4.783662
143.197334;39.698240;-25.177704;-1.176815;0.045609;5.877105;-4.851035
143.397330;39.775502;-25.361882;-1.171712;0.005503;5.709639;-4.763424
143.597327;39.852954;-25.545946;-1.174618;-0.034627;5.540275;-4.620869
143.797323;39.929092;-25.730445;-1.185545;-0.074901;5.370878;-4.478232
143.997319;40.002412;-25.915929;-1.204514;-0.115339;5.201449;-4.133274
144.197315;40.071409;-26.102946;-1.231537;-0.155742;5.040019;-3.745293
144.397312;40.134580;-26.292048;-1.266577;-0.195576;4.889142;-3.361927
144.597308;40.190420;-26.483783;-1.309499;-0.233873;4.749627;-3.028895
144.797304;40.237425;-26.678701;-1.360006;-0.269186;4.620327;-2.735034
144.997300;40.274091;-26.877353;-1.417571;-0.299646;4.500381;-2.472825
145.197297;40.300918;-27.102128;-1.486615;-0.308086;4.389114;-2.202405
145.397293;40.311975;-27.334388;-1.560898;-0.335536;4.287584;-1.842410
145.597289;40.305096;-27.561949;4.639766;-0.395861;4.200765;-1.513040
145.797286;40.279098;-27.778936;4.542635;-0.503187;4.128101;-1.208532
145.997282;40.232801;-27.979476;4.422217;-0.683351;4.069129;-0.923774
146.197278;40.165023;-28.157693;4.266518;-0.973767;4.023470;-0.649802
146.397274;40.074582;-28.307714;4.060854;-1.395831;3.991039;-0.354827
146.597271;39.960297;-28.423666;3.795166;-1.845505;3.973219;-0.045094
146.797267;39.821622;-28.499446;3.484319;-1.977588;3.970948;0.244069
146.997263;39.680035;-28.530098;3.239542;-1.395064;3.983222;0.518490
147.197259;39.521380;-28.530345;3.059739;-0.904993;4.009171;0.783329
147.397256;39.348269;-28.504120;2.932131;-0.581794;4.048058;1.043579
147.597252;39.163311;-28.455352;2.841827;-0.380607;4.099292;1.299296
147.797248;38.969119;-28.387973;2.777753;-0.253271;4.162200;1.546985
147.997245;38.768303;-28.305915;2.732642;-0.168469;4.235881;1.823241
148.197241;38.563476;-28.213107;2.701957;-0.107586;4.321108;2.127001
148.397237;38.357247;-28.113482;2.683024;-0.059169;4.418456;2.473192
148.597233;38.152230;-28.010969;2.674513;-0.015178;4.529019;2.865915
148.797230;37.951033;-27.909501;2.676217;0.031625;4.653854;3.293603
148.997226;37.753631;-27.811187;2.682417;0.022365;4.793305;3.684410
149.197222;37.562236;-27.717016;2.685787;0.008742;4.944645;4.034917
149.397219;37.376312;-27.625956;2.685985;-0.007278;5.105237;4.344944
149.597215;37.195256;-27.536943;2.682733;-0.025331;5.272703;4.536834
149.797211;37.018463;-27.448912;2.675829;-0.044831;5.442067;4.681166
149.997207;36.845329;-27.360799;2.665170;-0.064986;5.611464;4.825580
150.197204;36.675250;-27.271539;2.650770;-0.084842;5.780893;4.731280
150.397200;36.507623;-27.180066;2.632771;-0.103355;5.942323;4.539816
150.597196;36.341842;-27.085317;2.611448;-0.119499;6.093200;4.299182
150.797192;36.177307;-26.986228;2.587200;-0.131667;6.232715;4.071324
150.997189;36.013565;-26.882068;2.563467;-0.113203;6.362015;3.851533
151.197185;35.850443;-26.773165;2.542957;-0.096197;6.481961;3.637176
151.397181;35.687908;-26.660140;2.525492;-0.080453;6.593228;3.426702
151.597178;35.525929;-26.543612;2.510921;-0.065770;6.696366;3.219176
151.797174;35.364473;-26.424200;2.499116;-0.051943;6.791830;3.014036
151.997170;35.203508;-26.302526;2.489973;-0.038776;6.880011;2.810952
152.197166;35.043001;-26.179208;2.483417;-0.026070;6.961244;2.609746
152.397163;34.882920;-26.054867;2.479396;-0.013634;7.035822;2.410339
152.597159;34.723232;-25.930122;2.477885;-0.001274;7.104007;2.212722
152.797155;34.563900;-25.805588;2.478877;0.010092;7.166030;2.016934
152.997152;34.404827;-25.681676;2.480661;0.007591;7.222101;1.823043
153.197148;34.246070;-25.558400;2.481931;0.005035;7.272410;1.631140
153.397144;34.087614;-25.435613;2.482680;0.002433;7.317130;1.441331
153.597140;33.929443;-25.313170;2.482904;-0.000202;7.356420;1.253733
153.797137;33.771543;-25.190927;2.482598;-0.002858;7.390426;1.078074
153.997133;33.613898;-25.068738;2.481763;-0.005525;7.419543;0.931834
154.197129;33.456493;-24.946457;2.480396;-0.008189;7.444618;0.765369
154.397125;33.299314;-24.823939;2.478500;-0.010838;7.465151;0.586738
154.597122;33.142345;-24.701040;2.476077;-0.013461;7.480854;0.410909
154.797118;32.985598;-24.577634;2.473146;-0.015017;7.491831;0.238009
154.997114;32.829187;-24.453776;2.470688;-0.009627;7.498182;0.068159
155.197111;32.672845;-24.329484;2.469301;-0.004274;7.500000;0.000000
155.397107;32.516471;-24.204948;2.468979;0.001052;7.500000;0.000000
155.597103;32.359966;-24.080361;2.469721;0.006361;7.500000;0.000000
155.797099;32.203229;-23.955915;2.471525;0.011663;7.500000;0.000000
155.997096;32.046160;-23.831803;2.474390;0.016967;7.500000;0.000000
156.197092;31.888659;-23.708216;2.478319;0.022282;7.500000;0.000000
156.397088;31.730626;-23.585346;2.483313;0.027616;7.500000;0.000000
156.597084;31.571961;-23.463386;2.489375;0.032976;7.500000;0.000000
156.797081;31.412533;-23.342504;2.496472;0.036081;7.500000;0.000000
156.997077;31.252197;-23.222684;2.502896;0.028095;7.500000;0.000000
157.197073;31.091255;-23.103815;2.507716;0.020083;7.500000;0.000000
157.397070;30.929884;-22.985629;2.510930;0.012051;7.500000;0.000000
157.597066;30.768265;-22.867858;2.512536;0.004007;7.500000;0.000000
157.797062;30.606577;-22.750235;2.512532;-0.004044;7.500000;0.000000
157.997058;30.445000;-22.632493;2.510919;-0.012098;7.500000;0.000000
158.197055;30.283712;-22.514363;2.507695;-0.020150;7.500000;0.000000
158.397051;30.122894;-22.395579;2.502862;-0.028193;7.500000;0.000000
158.597047;29.962725;-22.275873;2.496422;-0.036218;7.500000;0.000000
158.797044;29.803422;-22.155009;2.488462;-0.040566;7.500000;0.000000
158.997040;29.645151;-22.032956;2.481180;-0.032297;7.500000;0.000000
159.197036;29.487614;-21.909839;2.475548;-0.024049;7.500000;0.000000
159.397032;29.330623;-21.785928;2.471561;-0.015820;7.500000;0.000000
159.597029;29.173991;-21.661493;2.469218;-0.007606;7.500000;0.000000
159.797025;29.017527;-21.536804;2.468518;0.000599;7.500000;0.000000
159.997021;28.861045;-21.412131;2.469458;0.008804;7.500000;0.000000
160.197017;28.704356;-21.287743;2.472041;0.017015;7.500000;0.000000
160.397014;28.547271;-21.163910;2.476266;0.025240;7.500000;0.000000
160.597010;28.389602;-21.040902;2.482137;0.033481;7.500000;0.000000
160.797006;28.231126;-20.918960;2.489546;0.037552;7.500000;0.000000
160.997003;28.071708;-20.798137;2.496312;0.030091;7.500000;0.000000
161.196999;27.911596;-20.678298;2.501583;0.022613;7.500000;0.000000
161.396995;27.750960;-20.559197;2.505356;0.015125;7.500000;0.000000
161.596991;27.589974;-20.440589;2.507631;0.007633;7.500000;0.000000
161.796988;27.428808;-20.322227;2.508408;0.000139;7.500000;0.000000
161.996984;27.267633;-20.203866;2.507687;-0.007354;7.500000;0.000000
162.196980;27.106623;-20.085260;2.505468;-0.014843;7.500000;0.000000
162.396977;26.945948;-19.966165;2.501751;-0.022325;7.500000;0.000000
162.596973;26.785780;-19.846333;2.496537;-0.029796;7.500000;0.000000
162.796969;26.626329;-19.725553;2.489977;-0.032681;7.500000;0.000000
162.996965;26.467690;-19.603786;2.484135;-0.025745;7.500000;0.000000
163.196962;26.309642;-19.481174;2.479678;-0.018824;7.500000;0.000000
163.396958;26.152031;-19.357948;2.476603;-0.011915;7.500000;0.000000
163.596954;25.994701;-19.234336;2.474909;-0.005014;7.500000;0.000000
163.796950;25.837498;-19.110569;2.474596;0.001886;7.500000;0.000000
163.996947;25.680268;-18.986876;2.475664;0.008791;7.500000;0.000000
164.196943;25.522856;-18.863488;2.478114;0.015707;7.500000;0.000000
164.396939;25.365106;-18.740633;2.481947;0.022640;7.500000;0.000000
164.596936;25.206865;-18.618542;2.487167;0.029594;7.500000;0.000000
164.796932;25.047868;-18.497356;2.493601;0.031602;7.500000;0.000000
164.996928;24.887992;-18.377060;2.499242;0.024783;7.500000;0.000000
165.196924;24.727573;-18.257596;2.503516;0.017944;7.500000;0.000000
165.396921;24.566762;-18.138735;2.506419;0.011090;7.500000;0.000000
165.596917;24.405709;-18.020246;2.507950;0.004228;7.500000;0.000000
165.796913;24.244565;-17.901901;2.508109;-0.002637;7.500000;0.000000
165.996909;24.083482;-17.783469;2.506896;-0.009501;7.500000;0.000000
166.196906;23.922609;-17.664721;2.504310;-0.016359;7.500000;0.000000
166.396902;23.762098;-17.545426;2.500354;-0.023205;7.500000;0.000000
166.596898;23.602100;-17.425355;2.495029;-0.030032;7.500000;0.000000
166.796895;23.442890;-17.304383;2.488577;-0.031309;7.500000;0.000000
166.996891;23.284536;-17.182512;2.482946;-0.025054;7.500000;0.000000
167.196887;23.126730;-17.059800;2.478562;-0.018817;7.500000;0.000000
167.396883;22.969333;-16.936452;2.475421;-0.012596;7.500000;0.000000
167.596880;22.812204;-16.812675;2.473523;-0.006388;7.500000;0.000000
167.796876;22.655205;-16.688674;2.472865;-0.000187;7.500000;0.000000
167.996872;22.498195;-16.564654;2.473448;0.006010;7.500000;0.000000
168.196869;22.341034;-16.440823;2.475270;0.012209;7.500000;0.000000
168.396865;22.183582;-16.317385;2.478333;0.018414;7.500000;0.000000
168.596861;22.025701;-16.194546;2.482639;0.024630;7.500000;0.000000
168.796857;21.867220;-16.072479;2.487947;0.025693;7.500000;0.000000
168.996854;21.708113;-15.951215;2.492602;0.020842;7.500000;0.000000
169.196850;21.548527;-15.830633;2.496285;0.015984;7.500000;0.000000
169.396846;21.388573;-15.710576;2.498996;0.011121;7.500000;0.000000
169.596842;21.228364;-15.590883;2.500733;0.006254;7.500000;0.000000
169.796839;21.068013;-15.471395;2.501497;0.001386;7.500000;0.000000
169.996835;20.907633;-15.351955;2.501288;-0.003483;7.500000;0.000000
170.196831;20.747335;-15.232403;2.500105;-0.008351;7.500000;0.000000
170.396828;20.587233;-15.112581;2.497948;-0.013218;7.500000;0.000000
170.596824;20.427439;-14.992328;2.494818;-0.018082;7.500000;0.000000
170.796820;20.268093;-14.871517;2.490938;-0.018636;7.500000;0.000000
170.996816;20.109205;-14.750127;2.487563;-0.015124;7.500000;0.000000
171.196813;19.950669;-14.628245;2.484889;-0.011614;7.500000;0.000000
171.396809;19.792401;-14.505983;2.482917;-0.008108;7.500000;0.000000
171.596805;19.634321;-14.383455;2.481646;-0.004603;7.500000;0.000000
171.796802;19.476346;-14.260777;2.481076;-0.001099;7.500000;0.000000
171.996798;19.318394;-14.138060;2.481206;0.002403;7.500000;0.000000
172.196794;19.160383;-14.015420;2.482037;0.005907;7.500000;0.000000
172.396790;19.002232;-13.892970;2.483569;0.009411;7.500000;0.000000
172.596787;18.843858;-13.770823;2.485802;0.012917;7.500000;0.000000
172.796783;18.685133;-13.649050;2.488556;0.013177;7.500000;0.000000
172.996779;18.526061;-13.527672;2.490961;0.010867;7.500000;0.000000
173.196775;18.366740;-13.406650;2.492904;0.008558;7.500000;0.000000
173.396772;18.207227;-13.285913;2.494385;0.006247;7.500000;0.000000
173.596768;18.047581;-13.165389;2.495404;0.003936;7.500000;0.000000
173.796764;17.887860;-13.045005;2.495960;0.001624;7.500000;0.000000
173.996761;17.728123;-12.924691;2.496053;-0.000690;7.500000;0.000000
174.196757;17.568428;-12.804374;2.495684;-0.003006;7.500000;0.000000
174.396753;17.408834;-12.683983;2.494851;-0.005324;7.500000;0.000000
174.596749;17.249400;-12.563445;2.493555;-0.007645;7.500000;0.000000
174.796746;17.090093;-12.442627;2.491912;-0.008035;7.500000;0.000000
174.996742;16.930952;-12.321533;2.490391;-0.007178;7.500000;0.000000
175.196738;16.772004;-12.200225;2.489042;-0.006319;7.500000;0.000000
175.396734;16.613219;-12.078724;2.487864;-0.005458;7.500000;0.000000
175.596731;16.454566;-11.957049;2.486859;-0.004596;7.500000;0.000000
175.796727;16.296015;-11.835220;2.486026;-0.003733;7.500000;0.000000
175.996723;16.137536;-11.713260;2.485366;-0.002869;7.500000;0.000000
176.196720;15.979100;-11.591186;2.484879;-0.002006;7.500000;0.000000
176.396716;15.820675;-11.469021;2.484564;-0.001143;7.500000;0.000000
176.596712;15.662233;-11.346784;2.484421;-0.000282;7.500000;0.000000
176.796708;15.503892;-11.224611;2.484461;0.000732;7.500000;0.000000
176.996705;15.345559;-11.102482;2.484716;0.001821;7.500000;0.000000
177.196701;15.187144;-10.980381;2.485189;0.002910;7.500000;0.000000
177.396697;15.028633;-10.858354;2.485880;0.003998;7.500000;0.000000
177.596694;14.870011;-10.736443;2.486789;0.005088;7.500000;0.000000
177.796690;14.711266;-10.614694;2.487916;0.006179;7.500000;0.000000
177.996686;14.552381;-10.493150;2.489261;0.007272;7.500000;0.000000
178.196682;14.393344;-10.371855;2.490825;0.008368;7.500000;0.000000
178.396679;14.234140;-10.250854;2.492609;0.009468;7.500000;0.000000
178.596675;14.074754;-10.130191;2.494612;0.010572;7.500000;0.000000
178.796671;13.915020;-10.009779;2.496592;0.008238;7.500000;0.000000
178.996667;13.755076;-9.889621;2.497867;0.004500;7.500000;0.000000
179.196664;13.595066;-9.769638;2.498392;0.000756;7.500000;0.000000
179.396660;13.435067;-9.649702;2.498169;-0.002992;7.500000;0.000000
179.596656;13.275158;-9.529684;2.497196;-0.006741;7.500000;0.000000
179.796653;13.115417;-9.409454;2.495473;-0.010488;7.500000;0.000000
179.996649;12.955921;-9.288885;2.493002;-0.014232;7.500000;0.000000
180.196645;12.796749;-9.167847;2.489783;-0.017968;7.500000;0.000000
180.396641;12.637978;-9.046212;2.485816;-0.021694;7.500000;0.000000
180.596638;12.479688;-8.923850;2.481104;-0.025405;7.500000;0.000000
180.796634;12.322135;-8.800815;2.476267;-0.021159;7.500000;0.000000
180.996630;12.165099;-8.677112;2.472698;-0.014554;7.500000;0.000000
181.196627;12.008373;-8.552911;2.470447;-0.007965;7.500000;0.000000
181.396623;11.851806;-8.428431;2.469511;-0.001387;7.500000;0.000000
181.596619;11.695249;-8.303888;2.469891;0.005185;7.500000;0.000000
181.796615;11.538554;-8.179499;2.471586;0.011758;7.500000;0.000000
181.996612;11.381569;-8.055482;2.474596;0.018334;7.500000;0.000000
182.196608;11.224146;-7.932053;2.478922;0.024920;7.500000;0.000000
182.396604;11.066135;-7.809431;2.484566;0.031516;7.500000;0.000000
182.596600;10.907387;-7.687831;2.491529;0.038125;7.500000;0.000000
182.796597;10.747699;-7.567367;2.498843;0.032756;7.500000;0.000000
182.996593;10.587231;-7.447955;2.504580;0.024606;7.500000;0.000000
183.196589;10.426193;-7.329346;2.508685;0.016448;7.500000;0.000000
183.396586;10.264774;-7.211273;2.511159;0.008286;7.500000;0.000000
183.596582;10.103167;-7.093473;2.511999;0.000121;7.500000;0.000000
183.796578;9.941562;-6.975681;2.511207;-0.008044;7.500000;0.000000
183.996574;9.780148;-6.857630;2.508782;-0.016209;7.500000;0.000000
184.196571;9.619118;-6.739057;2.504724;-0.024373;7.500000;0.000000
184.396567;9.458662;-6.619695;2.499034;-0.032531;7.500000;0.000000
184.596563;9.298971;-6.499281;2.491713;-0.040677;7.500000;0.000000
184.796559;9.140274;-6.377669;2.483995;-0.034544;7.500000;0.000000
184.996556;8.982400;-6.254947;2.477930;-0.026119;7.500000;0.000000
185.196552;8.825140;-6.131379;2.473548;-0.017705;7.500000;0.000000
185.396548;8.668296;-6.007237;2.470847;-0.009302;7.500000;0.000000
185.596545;8.511669;-5.882793;2.469826;-0.000905;7.500000;0.000000
185.796541;8.355064;-5.758319;2.470485;0.007492;7.500000;0.000000
185.996537;8.198281;-5.634088;2.472824;0.015893;7.500000;0.000000
186.196533;8.041125;-5.510371;2.476844;0.024303;7.500000;0.000000
186.396530;7.883396;-5.387441;2.482545;0.032725;7.500000;0.000000
186.596526;7.724899;-5.265571;2.489931;0.041158;7.500000;0.000000
186.796522;7.565404;-5.144907;2.497650;0.034582;7.500000;0.000000
186.996519;7.405087;-5.025355;2.503747;0.026398;7.500000;0.000000
187.196515;7.244148;-4.906656;2.508207;0.018207;7.500000;0.000000
187.396511;7.082779;-4.788545;2.511029;0.010013;7.500000;0.000000
187.596507;6.921171;-4.670755;2.512212;0.001820;7.500000;0.000000
187.796504;6.759517;-4.553020;2.511757;-0.006372;7.500000;0.000000
187.996500;6.598006;-4.435076;2.509664;-0.014562;7.500000;0.000000
188.196496;6.436832;-4.316656;2.505932;-0.022749;7.500000;0.000000
188.396492;6.276185;-4.197494;2.500564;-0.030930;7.500000;0.000000
188.596489;6.116257;-4.077325;2.493559;-0.039098;7.500000;0.000000
188.796485;5.957283;-3.956022;2.486255;-0.033289;7.500000;0.000000
188.996481;5.799091;-3.833641;2.480247;-0.026790;7.500000;0.000000
189.196478;5.641532;-3.710394;2.475538;-0.020302;7.500000;0.000000
189.396474;5.484457;-3.586494;2.472124;-0.013823;7.500000;0.000000
189.596470;5.327720;-3.462157;2.470006;-0.007350;7.500000;0.000000
189.796466;5.171173;-3.337594;2.469183;-0.000878;7.500000;0.000000
189.996463;5.014670;-3.213022;2.469655;0.005598;7.500000;0.000000
190.196459;4.858063;-3.088653;2.471423;0.012083;7.500000;0.000000
190.396455;4.701205;-2.964702;2.474488;0.018583;7.500000;0.000000
190.596451;4.543950;-2.841382;2.478852;0.025101;7.500000;0.000000
190.796448;4.385908;-2.718640;2.483553;0.021828;7.500000;0.000000
190.996444;4.227386;-2.596632;2.487586;0.018486;7.500000;0.000000
191.196440;4.068455;-2.475241;2.490948;0.015134;7.500000;0.000000
191.396437;3.909184;-2.354353;2.493638;0.011773;7.500000;0.000000
191.596433;3.749642;-2.233850;2.495655;0.008408;7.500000;0.000000
191.796429;3.589900;-2.113616;2.497000;0.005039;7.500000;0.000000
191.996425;3.430026;-1.993536;2.497671;0.001671;7.500000;0.000000
192.196422;3.270090;-1.873492;2.497668;-0.001696;7.500000;0.000000
192.396418;3.110162;-1.753370;2.496992;-0.005059;7.500000;0.000000
192.596414;2.950323;-1.633061;2.495646;-0.008214;7.500000;0.000000
192.796411;2.790840;-1.512635;2.494038;-0.007875;7.500000;0.000000
192.996407;2.631498;-1.391923;2.492498;-0.007537;7.500000;0.000000
193.196403;2.472299;-1.270939;2.491024;-0.007201;7.500000;0.000000
193.396399;2.313241;-1.149702;2.489618;-0.006867;7.500000;0.000000
193.596396;2.154325;-1.028228;2.488277;-0.006534;7.500000;0.000000
193.796392;1.995551;-0.906532;2.487003;-0.006203;7.500000;0.000000
193.996388;1.836919;-0.784633;2.485795;-0.005873;7.500000;0.000000
194.196384;1.678429;-0.662546;2.484653;-0.005544;7.500000;0.000000
194.396381;1.520080;-0.540288;2.483577;-0.005217;7.500000;0.000000
194.596377;1.361870;-0.417874;2.482568;-0.004721;7.500000;0.000000
194.796373;1.203758;-0.295307;2.481826;-0.002694;7.500000;0.000000
194.996370;1.045730;-0.172669;2.481490;-0.000666;7.500000;0.000000
195.196366;0.887734;-0.050022;2.481560;0.001364;7.500000;0.000000
195.396362;0.729717;0.072573;2.482036;0.003394;7.500000;0.000000
195.596358;0.571627;0.195052;2.482917;0.005425;7.500000;0.000000
195.796355;0.413411;0.317355;2.484205;0.007455;7.500000;0.000000
195.996351;0.255017;0.439418;2.485899;0.009486;7.500000;0.000000
196.196347;0.096392;0.561181;2.487999;0.011515;7.500000;0.000000
196.396344;-0.062516;0.682580;2.490504;0.013543;7.500000;0.000000
196.596340;-0.221771;0.803562;2.493404;0.014772;7.500000;0.000000
196.796336;-0.381441;0.924146;2.496019;0.011365;7.500000;0.000000
196.996332;-0.541389;1.044369;2.497952;0.007961;7.500000;0.000000
197.196329;-0.701525;1.164335;2.499205;0.004558;7.500000;0.000000
197.396325;-0.861758;1.284146;2.499776;0.001155;7.500000;0.000000
197.596321;-1.021998;1.403904;2.499667;-0.002250;7.500000;0.000000
197.796317;-1.182157;1.523714;2.498876;-0.005659;7.500000;0.000000
197.996314;-1.342143;1.643677;2.497403;-0.009073;7.500000;0.000000
198.196310;-1.501867;1.763897;2.495248;-0.012493;7.500000;0.000000
198.396306;-1.661238;1.884476;2.492409;-0.015921;7.500000;0.000000
198.596303;-1.820143;2.005499;2.488916;-0.017815;7.500000;0.000000
198.796299;-1.978481;2.126949;2.485793;-0.013478;7.500000;0.000000
198.996295;-2.136477;2.248812;2.483538;-0.009126;7.500000;0.000000
199.196291;-2.294274;2.370981;2.482152;-0.004768;7.500000;0.000000
199.396288;-2.452015;2.493347;2.481635;-0.000414;7.500000;0.000000
199.596284;-2.609842;2.615801;2.481986;0.003927;7.500000;0.000000
199.796280;-2.767900;2.738235;2.483203;0.008246;7.500000;-0.218469
199.996276;-2.926330;2.860539;2.485284;0.012534;7.494172;-0.534878
200.196273;-3.085276;2.982607;2.488222;0.016782;7.479884;-0.851245
200.396269;-3.244881;3.104329;2.492013;0.020980;7.457089;-1.155344
200.596265;-3.405338;3.225636;2.496583;0.022357;7.426038;-1.451255
200.796262;-3.566751;3.346569;2.500366;0.015173;7.386850;-1.743648
200.996258;-3.728650;3.467093;2.502711;0.008078;7.339490;-2.037593
201.196254;-3.890692;3.587314;2.503628;0.001006;7.283755;-2.338421
201.396250;-4.052534;3.707336;2.503115;-0.006112;7.219261;-2.645934
201.596247;-4.213833;3.827262;2.501163;-0.013343;7.145585;-2.998088
201.796243;-4.374244;3.947198;2.497752;-0.020758;7.061173;-3.380682
201.996239;-4.533427;4.067248;2.492854;-0.028432;6.964763;-3.731660
202.196236;-4.691036;4.187516;2.486430;-0.036442;6.856769;-4.052861
202.396232;-4.846730;4.308107;2.478432;-0.044870;6.737520;-4.341013
202.596228;-5.000094;4.429064;2.469022;-0.046394;6.607405;-4.586673
202.796224;-5.151172;4.550374;2.461600;-0.030027;6.467083;-4.771133
202.996221;-5.301092;4.672192;2.457445;-0.012909;6.317812;-4.860307
203.196217;-5.450881;4.794524;2.456619;0.004324;6.162034;-4.797935
203.396213;-5.601564;4.917376;2.459100;0.021038;6.004292;-4.674618
203.596209;-5.754167;5.040757;2.464786;0.036650;5.846513;-4.551212
203.796206;-5.909717;5.164672;2.473501;0.050656;5.688696;-4.303131
203.996202;-6.069238;5.289128;2.485005;0.062670;5.535344;-3.993945
204.196198;-6.233756;5.414132;2.499007;0.072432;5.389108;-3.666573
204.396195;-6.404299;5.539691;2.515175;0.079821;5.251275;-3.344185
204.596191;-6.581501;5.665570;2.532163;0.059638;5.122327;-3.038643
204.796187;-6.763861;5.791734;2.538230;-0.003593;5.002280;-2.755980
204.996183;-6.947723;5.919151;2.530666;-0.064320;4.890852;-2.499526
205.196180;-7.128511;6.048339;2.509161;-0.131156;4.787551;-2.271781
205.396176;-7.301647;6.179813;2.472098;-0.213775;4.691689;-2.075800
205.596172;-7.462554;6.314092;2.416356;-0.324996;4.602352;-1.906622
205.796169;-7.606657;6.451691;2.336977;-0.482551;4.518739;-1.748872
205.996165;-7.729377;6.593130;2.226912;-0.707860;4.440661;-1.467547
206.196161;-7.826138;6.738924;2.077656;-1.012170;4.374067;-1.132685
206.396157;-7.892364;6.889590;1.882767;-1.352222;4.321967;-0.806739
206.596154;-7.923611;7.046777;1.647422;-1.469282;4.284473;-0.498713
206.796150;-7.917391;7.211480;1.426296;-1.195873;4.261130;-0.202070
206.996146;-7.876388;7.379525;1.245054;-0.906086;4.251635;0.089742
207.196142;-7.804486;7.548906;1.100708;-0.675694;4.255854;0.383424
207.396139;-7.705565;7.717618;0.985570;-0.512938;4.273835;0.686016
207.596135;-7.583511;7.883655;0.891969;-0.403512;4.305817;1.001672
207.796131;-7.442205;8.045011;0.813670;-0.332088;4.352094;1.358769
207.996128;-7.285530;8.199681;0.745871;-0.287671;4.414094;1.756301
208.196124;-7.117369;8.345659;0.684817;-0.263666;4.492964;2.161776
208.396120;-6.941604;8.480940;0.627367;-0.257130;4.588183;2.580541
208.596116;-6.763734;8.602511;0.571854;-0.253527;4.699321;3.014113
208.796113;-6.585631;8.710731;0.520798;-0.235081;4.825893;3.435178
208.996109;-6.406056;8.808270;0.475228;-0.209751;4.966215;3.762341
209.196105;-6.225232;8.896760;0.436028;-0.178756;5.115486;4.045146
209.396101;-6.043380;8.977833;0.403887;-0.143422;5.271264;4.219779
209.596098;-5.860723;9.053120;0.379301;-0.105001;5.429006;4.345242
209.796094;-5.677483;9.124254;0.362607;-0.064572;5.586785;4.470795
209.996090;-5.493881;9.192866;0.354009;-0.023025;5.744602;4.463584
210.196087;-5.310140;9.260587;0.353604;0.018885;5.897953;4.366010
210.396083;-5.126480;9.329051;0.361392;0.060461;6.044189;4.213035
210.596079;-4.942629;9.400026;0.375822;0.073162;6.182023;4.027423
210.796075;-4.758746;9.474053;0.389284;0.062720;6.310970;3.824183
210.996072;-4.575184;9.550621;0.400742;0.052539;6.431018;3.614084
211.196068;-4.391885;9.629343;0.410227;0.042594;6.542446;3.405958
211.396064;-4.208793;9.709827;0.417768;0.032853;6.645747;3.208395
211.596061;-4.025850;9.791687;0.423390;0.023278;6.741609;3.031395
211.796057;-3.842999;9.874532;0.427113;0.013827;6.830946;2.873284
211.996053;-3.660184;9.957975;0.428949;0.004456;6.914558;2.714680
212.196049;-3.477347;10.041625;0.428906;-0.004881;6.992637;2.545263
212.396046;-3.294431;10.125094;0.426985;-0.014230;7.065059;2.356243
212.596042;-3.111657;10.207890;0.423662;-0.015965;7.131447;2.158874
212.796038;-2.928918;10.289971;0.420766;-0.012946;7.191736;1.963359
212.996034;-2.746080;10.371527;0.418478;-0.009913;7.246130;1.769774
213.196031;-2.563180;10.452676;0.416798;-0.006869;7.294813;1.578214
213.396027;-2.380252;10.533537;0.415730;-0.003816;7.337954;1.388788
213.596023;-2.197334;10.614227;0.415272;-0.000756;7.375708;1.201613
213.796020;-2.014461;10.694864;0.415428;0.002309;7.408219;1.016812
213.996016;-1.831669;10.775566;0.416195;0.005377;7.435619;0.834511
214.196012;-1.648994;10.856451;0.417576;0.008446;7.458031;0.654837
214.396008;-1.466472;10.937638;0.419570;0.011513;7.475571;0.477916
214.596005;-1.283986;11.019303;0.422007;0.012004;7.488345;0.303875
214.796001;-1.101616;11.101441;0.424327;0.011189;7.496457;0.132839
214.995997;-0.919431;11.183987;0.426483;0.010375;7.500000;0.000000
215.195994;-0.737417;11.266910;0.428477;0.009561;7.500000;0.000000
215.395990;-0.555565;11.350181;0.430308;0.008748;7.500000;0.000000
215.595986;-0.373864;11.433767;0.431976;0.007935;7.500000;0.000000
215.795982;-0.192303;11.517638;0.433482;0.007122;7.500000;0.000000
215.995979;-0.010871;11.601764;0.434825;0.006309;7.500000;0.000000
216.195975;0.170444;11.686113;0.436005;0.005497;7.500000;0.000000
216.395971;0.351650;11.770654;0.437023;0.004684;7.500000;0.000000
216.595967;0.532772;11.855357;0.437780;0.002507;7.500000;0.000000
216.795964;0.713841;11.940146;0.438011;-0.000196;7.500000;0.000000
216.995960;0.894909;12.024925;0.437702;-0.002900;7.500000;0.000000
217.195956;1.076028;12.109600;0.436852;-0.005603;7.500000;0.000000
217.395953;1.257251;12.194077;0.435461;-0.008304;7.500000;0.000000
217.595949;1.438631;12.278261;0.433531;-0.011002;7.500000;0.000000
217.795945;1.620222;12.362058;0.431061;-0.013697;7.500000;0.000000
217.995941;1.802076;12.445372;0.428052;-0.016386;7.500000;0.000000
218.195938;1.984247;12.528110;0.424505;-0.019069;7.500000;0.000000
218.395934;2.166788;12.610178;0.420421;-0.021743;7.500000;0.000000
218.595930;2.349536;12.691411;0.416281;-0.018327;7.500000;0.000000
218.795926;2.532582;12.771976;0.413127;-0.013221;7.500000;0.000000
218.995923;2.715884;12.852076;0.410992;-0.008126;7.500000;0.000000
219.195919;2.899344;12.931889;0.409875;-0.003038;7.500000;0.000000
219.395915;3.082861;13.011595;0.409776;0.002048;7.500000;0.000000
219.595912;3.266336;13.091372;0.410695;0.007136;7.500000;0.000000
219.795908;3.449670;13.171399;0.412632;0.012230;7.500000;0.000000
219.995904;3.632764;13.251855;0.415588;0.017335;7.500000;0.000000
220.195900;3.815518;13.332919;0.419565;0.022454;7.500000;0.000000
220.395897;3.997834;13.414769;0.424565;0.027590;7.500000;0.000000
220.595893;4.179928;13.497689;0.429918;0.024476;7.500000;0.000000
220.795889;4.361607;13.581496;0.434329;0.019610;7.500000;0.000000
220.995886;4.542903;13.665990;0.437763;0.014731;7.500000;0.000000
221.195882;4.723911;13.751000;0.440220;0.009841;7.500000;0.000000
221.395878;4.904727;13.836355;0.441699;0.004946;7.500000;0.000000
221.595874;5.085446;13.921883;0.442198;0.000048;7.500000;0.000000
221.795871;5.266164;14.007412;0.441718;-0.004851;7.500000;0.000000
221.995867;5.446977;14.092772;0.440258;-0.009746;7.500000;-0.140587
222.195863;5.627981;14.177790;0.437820;-0.014636;7.496250;-0.415141
222.395859;5.809270;14.262296;0.434405;-0.019516;7.485166;-0.685364
222.595856;5.990961;14.346170;0.430661;-0.017111;7.466831;-0.952518
222.795852;6.172980;14.429440;0.427564;-0.013830;7.441275;-1.218088
222.995848;6.355243;14.512213;0.425124;-0.010556;7.408464;-1.483806
223.195845;6.537673;14.594597;0.423338;-0.007288;7.368299;-1.751664
223.395841;6.720191;14.676700;0.422206;-0.004020;7.320600;-1.996538
223.595837;6.902720;14.758632;0.421729;-0.000749;7.265850;-2.218679
223.795833;7.085182;14.840500;0.421907;0.002528;7.204521;-2.417308
223.995830;7.267497;14.922414;0.422740;0.005816;7.137102;-2.590734
224.195826;7.449590;15.004482;0.424232;0.009119;7.064131;-2.736444
224.395822;7.631381;15.086812;0.426382;0.012440;6.986229;-2.851222
224.595818;7.812397;15.169249;0.427982;0.003114;6.904124;-2.931374
224.795815;7.993269;15.251756;0.427617;-0.006783;6.818680;-2.973158
224.995811;8.174284;15.334032;0.425286;-0.016656;6.730910;-2.973563
225.195807;8.355708;15.415771;0.420996;-0.026451;6.641969;-2.936244
225.395804;8.537808;15.496664;0.414759;-0.036115;6.552959;-2.898835
225.595800;8.720852;15.576403;0.406599;-0.045590;6.463881;-2.830319
225.795796;8.905106;15.654679;0.396543;-0.054815;6.375708;-2.736004
225.995792;9.090838;15.731185;0.384631;-0.063725;6.289298;-2.621663
226.195789;9.278315;15.805612;0.370909;-0.072251;6.205371;-2.492789
226.395785;9.467803;15.877653;0.355435;-0.080333;6.124503;-2.354232
226.595781;9.659743;15.946919;0.336302;-0.107347;6.047136;-2.210095
226.795778;9.853532;16.012081;0.311479;-0.135770;5.973595;-2.063770
226.995774;10.048733;16.071738;0.280688;-0.166358;5.904095;-1.918040
227.195770;10.244910;16.124490;0.243555;-0.199747;5.838762;-1.775220
227.395766;10.441626;16.168936;0.199636;-0.236377;5.777635;-1.635971
227.595763;10.638445;16.203677;0.148452;-0.276370;5.720725;-1.492224
227.795759;10.834931;16.227311;0.089548;-0.319323;5.668316;-1.342099
227.995755;11.030647;16.238438;0.022574;-0.364054;5.620763;-1.184153
228.195751;11.225157;16.235658;-0.052597;-0.408341;5.578470;-0.922725
228.395748;11.418072;16.217563;-0.135735;-0.444954;5.545290;-0.570758
228.595744;11.609677;16.183080;-0.219364;-0.413437;5.524667;-0.228590
228.795740;11.798754;16.133040;-0.297003;-0.380227;5.516386;0.107880
228.995737;11.984870;16.068589;-0.368661;-0.347527;5.520296;0.442795
229.195733;12.167594;15.990875;-0.434584;-0.316820;5.536315;0.780458
229.395729;12.346493;15.901046;-0.495173;-0.288981;5.564437;1.125450
229.595725;12.521135;15.800249;-0.550916;-0.264426;5.604742;1.461439
229.795722;12.691088;15.689632;-0.602339;-0.243274;5.656650;1.744022
229.995718;12.855920;15.570343;-0.649975;-0.225473;5.717979;1.938916
230.195714;13.015199;15.443527;-0.694347;-0.210897;5.785399;2.124175
230.395711;13.168347;15.310468;-0.735901;-0.198106;5.858370;2.297121
230.595707;13.314615;15.172788;-0.773765;-0.178580;5.936272;2.453887
230.795703;13.455398;15.030432;-0.807452;-0.157731;6.018377;2.589463
230.995699;13.591371;14.883976;-0.836818;-0.136043;6.103821;2.697956
231.195696;13.723212;14.733998;-0.861779;-0.113890;6.191590;2.773272
231.395692;13.851598;14.581073;-0.882290;-0.091538;6.280532;2.814999
231.595688;13.977207;14.425778;-0.898337;-0.069152;6.369541;2.856817
231.795684;14.100717;14.268690;-0.909922;-0.046813;6.458619;2.866872
231.995681;14.222803;14.110385;-0.917054;-0.024545;6.546792;2.847256
232.195677;14.344144;13.951440;-0.919740;-0.002326;6.633202;2.801201
232.395673;14.465425;13.792417;-0.918072;0.015374;6.717130;2.732417
232.595670;14.587157;13.633684;-0.915099;0.014350;6.797998;2.644694
232.795666;14.709330;13.475319;-0.912331;0.013325;6.875364;2.541688
232.995662;14.831915;13.317293;-0.909769;0.012297;6.948906;2.426845
233.195658;14.954880;13.159579;-0.907413;0.011268;7.018405;2.303399
233.395655;15.078197;13.002147;-0.905262;0.010238;7.083739;2.174418
233.595651;15.201835;12.844969;-0.903318;0.009207;7.144866;2.041220
233.795647;15.325762;12.688019;-0.901580;0.008176;7.201776;1.894060
233.995643;15.449950;12.531267;-0.900048;0.007144;7.254184;1.730477
234.195640;15.574367;12.374685;-0.898722;0.006112;7.301737;1.548574
234.395636;15.698986;12.218241;-0.897619;0.004397;7.344031;1.359494
234.595632;15.823753;12.061880;-0.897133;0.000464;7.380960;1.172684
234.795629;15.948539;11.905526;-0.897433;-0.003468;7.412667;0.988267
234.995625;16.073216;11.749086;-0.898520;-0.007400;7.439283;0.806370
235.195621;16.197655;11.592469;-0.900394;-0.011334;7.460930;0.627119
235.395617;16.321729;11.435581;-0.903055;-0.015271;7.477722;0.450641
235.595614;16.445311;11.278332;-0.906503;-0.019212;7.489765;0.277063
235.795610;16.568273;11.120629;-0.910739;-0.023157;7.497159;0.106509
235.995606;16.690487;10.962379;-0.915764;-0.027106;7.500000;0.000000
236.195603;16.811824;10.803491;-0.921578;-0.031057;7.500000;0.000000
236.395599;16.932179;10.643847;-0.928094;-0.031828;7.500000;0.000000
236.595595;17.051579;10.483403;-0.933708;-0.024310;7.500000;0.000000
236.795591;17.170193;10.322387;-0.937818;-0.016787;7.500000;0.000000
236.995588;17.288265;10.160975;-0.940422;-0.009263;7.500000;0.000000
237.195584;17.406037;9.999345;-0.941523;-0.001739;7.500000;0.000000
237.395580;17.523754;9.837673;-0.941118;0.005785;7.500000;0.000000
237.595576;17.641658;9.676137;-0.939209;0.013309;7.500000;0.000000
237.795573;17.759994;9.514912;-0.935795;0.020831;7.500000;0.000000
237.995569;17.879004;9.354176;-0.930877;0.028351;7.500000;0.000000
238.195565;17.998932;9.194107;-0.924455;0.035862;7.500000;0.000000
238.395562;18.119997;9.034907;-0.916695;0.038349;7.500000;0.000000
238.595558;18.242229;8.876653;-0.909816;0.030454;7.500000;0.000000
238.795554;18.365447;8.719117;-0.904514;0.022571;7.500000;0.000000
238.995550;18.489393;8.562114;-0.900787;0.014698;7.500000;0.000000
239.195547;18.613812;8.405462;-0.898633;0.006832;7.500000;0.000000
239.395543;18.738448;8.248976;-0.898053;-0.001030;7.500000;0.000000
239.595539;18.863045;8.092474;-0.899046;-0.008895;7.500000;0.000000
239.795536;18.987346;7.935771;-0.901612;-0.016768;7.500000;0.000000
239.995532;19.111096;7.778684;-0.905753;-0.024653;7.500000;0.000000
240.195528;19.234039;7.621029;-0.911471;-0.032553;7.500000;0.000000
240.395524;19.355991;7.462533;-0.918632;-0.036655;7.500000;0.000000
240.595521;19.476880;7.303041;-0.925723;-0.034199;7.500000;0.000000
240.795517;19.596648;7.142761;-0.932319;-0.031736;7.500000;0.000000
240.995513;19.715374;6.981754;-0.938421;-0.029267;7.500000;0.000000
241.195509;19.833136;6.820080;-0.944028;-0.026795;7.500000;0.000000
241.395506;19.950015;6.657800;-0.949139;-0.024320;7.500000;0.000000
241.595502;20.066088;6.494974;-0.953754;-0.021843;7.500000;0.000000
241.795498;20.181436;6.331661;-0.957874;-0.019365;7.500000;0.000000
241.995495;20.296136;6.167923;-0.961498;-0.016887;7.500000;0.000000
242.195491;20.410269;6.003820;-0.964625;-0.014407;7.500000;0.000000
242.395487;20.523895;5.839441;-0.967160;-0.009663;7.500000;-0.006485
242.595483;20.637171;5.674903;-0.968311;-0.001858;7.499827;-0.055135
242.795480;20.750386;5.510323;-0.967903;0.005947;7.498357;-0.082131
242.995476;20.863805;5.345864;-0.965935;0.013747;7.496166;-0.086112
243.195472;20.977698;5.181686;-0.962410;0.021533;7.493868;-0.090092
243.395468;21.092331;5.017949;-0.957330;0.029297;7.491463;-0.093416
243.595465;21.207971;4.854816;-0.950698;0.037028;7.488969;-0.074375
243.795461;21.324886;4.692446;-0.942519;0.044712;7.486982;-0.034421
243.995457;21.443344;4.531001;-0.932802;0.052330;7.486063;0.000000
244.195454;21.563611;4.370641;-0.921556;0.059859;7.486063;0.000000
244.395450;21.685876;4.211635;-0.908713;0.069168;7.486063;-0.000000
244.595446;21.810382;4.054288;-0.893687;0.080645;7.486063;0.000000
244.795442;21.937454;3.898935;-0.876329;0.092364;7.486063;-0.000000
244.995439;22.067331;3.746026;-0.856600;0.104365;7.486063;0.000000
245.195435;22.200254;3.596012;-0.834454;0.116667;7.486063;0.000000
245.395431;22.336462;3.449343;-0.809846;0.129262;7.486063;0.000000
245.595428;22.476195;3.306471;-0.782733;0.142111;7.486063;0.000000
245.795424;22.619695;3.167846;-0.753080;0.155137;7.486063;0.000000
245.995420;22.767199;3.033919;-0.720867;0.168224;7.486063;-0.000000
246.195416;22.918949;2.905141;-0.686089;0.181203;7.486063;0.000000
246.395413;23.075169;2.781945;-0.649435;0.181004;7.486063;-0.000000
246.595409;23.235781;2.664390;-0.614634;0.168654;7.486063;0.000000
246.795405;23.400426;2.552174;-0.582267;0.156220;7.486063;0.000000
246.995401;23.568729;2.444986;-0.552330;0.143857;7.486063;0.000000
247.195398;23.740317;2.342513;-0.524800;0.131677;7.486063;0.000000
247.395394;23.914815;2.244442;-0.499640;0.119752;7.486063;0.000000
247.595390;24.091851;2.150461;-0.476808;0.108123;7.486063;-0.000000
247.795387;24.271051;2.060257;-0.456256;0.096800;7.486063;0.000000
247.995383;24.452040;1.973517;-0.437940;0.085769;7.486063;-0.000000
248.195379;24.634445;1.889929;-0.421815;0.074998;7.486063;0.000000
248.395375;24.817899;1.809186;-0.407629;0.068246;7.486063;0.000000
248.595372;25.002215;1.731058;-0.394346;0.064435;7.486063;0.006473
248.795368;25.187356;1.655380;-0.381847;0.060535;7.486236;0.055046
248.995364;25.373288;1.581993;-0.370142;0.056563;7.487706;0.082038
249.195361;25.559977;1.510735;-0.359242;0.052532;7.489897;0.086067
249.395357;25.747390;1.441446;-0.349152;0.048455;7.492195;0.090100
249.595353;25.935493;1.373964;-0.339878;0.044346;7.494600;0.093487
249.795349;26.124252;1.308130;-0.331426;0.040214;7.497094;0.074475
249.995346;26.313632;1.243782;-0.323797;0.036069;7.499080;0.034481
250.195342;26.503601;1.180760;-0.316993;0.031918;7.500000;0.000000
250.395338;26.694137;1.118918;-0.310530;0.035822;7.500000;0.000000
250.595334;26.885233;1.058415;-0.302420;0.045113;7.500000;0.000000
250.795331;27.076891;0.999634;-0.292439;0.054478;7.500000;0.000000
250.995327;27.269129;0.942966;-0.280574;0.063943;7.500000;0.000000
251.195323;27.461959;0.888798;-0.266809;0.073525;7.500000;0.000000
251.395320;27.655396;0.837520;-0.251126;0.083230;7.500000;0.000000
251.595316;27.849454;0.789520;-0.233508;0.093054;7.500000;0.000000
251.795312;28.044148;0.745187;-0.213938;0.102978;7.500000;-0.057263
251.995308;28.239493;0.704910;-0.192403;0.112967;7.498473;-0.170165
252.195305;28.435502;0.669077;-0.168896;0.122968;7.493933;-0.263604
252.395301;28.632470;0.638008;-0.144059;0.122331;7.486895;-0.336334
252.595297;28.830240;0.611734;-0.120316;0.115653;7.477905;-0.387081
252.795293;29.028593;0.590027;-0.097915;0.108869;7.467545;-0.414611
252.995290;29.227464;0.572626;-0.076863;0.102029;7.456433;-0.417824
253.195286;29.426790;0.559272;-0.057165;0.095175;7.445217;-0.421023
253.395282;29.626506;0.549702;-0.038818;0.088340;7.433899;-0.401624
253.595279;29.826549;0.543658;-0.021819;0.081549;7.423086;-0.348578
253.795275;30.026855;0.540879;-0.006158;0.074819;7.413689;-0.264242
253.995271;30.227360;0.541103;0.008175;0.068160;7.406557;-0.150666
254.195267;30.428001;0.544071;0.021191;0.061579;7.402488;-0.009438
254.395264;30.628967;0.549577;0.033886;0.068761;7.402233;-0.000000
254.595260;30.829944;0.557870;0.049031;0.081864;7.402233;0.000000
254.795256;31.030609;0.569462;0.066826;0.095255;7.402233;0.000000
254.995253;31.230747;0.584871;0.087317;0.108970;7.402233;0.000000
255.195249;31.430144;0.604616;0.110553;0.123014;7.402233;0.000000
255.395245;31.628587;0.629215;0.136581;0.137358;7.402233;0.000000
255.595241;31.825860;0.659185;0.165441;0.151931;7.402233;0.000000
255.795238;32.021750;0.695045;0.197159;0.166607;7.402233;0.000000
255.995234;32.216043;0.737312;0.231742;0.181205;7.402233;0.000000
256.195230;32.408524;0.786506;0.269170;0.195481;7.402233;-0.000000
256.395226;32.598696;0.842939;0.307231;0.182455;7.402233;0.000000
256.595223;32.786858;0.906269;0.341413;0.161857;7.402233;0.000000
256.795219;32.973270;0.975761;0.371562;0.141251;7.402233;0.000000
256.995215;33.158109;1.050655;0.397695;0.120874;7.402233;0.000000
257.195212;33.341548;1.130189;0.419855;0.100856;7.402233;-0.069783
257.395208;33.523763;1.213602;0.438093;0.081240;7.400347;-0.321647
257.595204;33.704929;1.300135;0.452466;0.062000;7.391649;-0.621879
257.795200;33.885222;1.389026;0.463021;0.043060;7.374804;-0.880313
257.995197;34.064816;1.479514;0.469793;0.024307;7.350892;-1.041498
258.195193;34.243885;1.570838;0.472800;0.005601;7.322501;-1.107547
258.395189;34.422490;1.662230;0.472851;-0.003659;7.292188;-1.151052
258.595186;34.600901;1.753358;0.471357;-0.011268;7.260551;-1.171296
258.795182;34.779318;1.843982;0.468338;-0.018909;7.228215;-1.167295
258.995178;34.957918;1.933851;0.463792;-0.026566;7.195845;-1.138273
259.195174;35.136876;2.022713;0.457719;-0.034222;7.164138;-1.132745
259.395171;35.316371;2.110317;0.450121;-0.041854;7.132446;-1.110940
259.595167;35.496580;2.196411;0.441004;-0.049438;7.101227;-1.095786
259.795163;35.677678;2.280745;0.430376;-0.056944;7.070298;-1.100132
259.995159;35.859844;2.363066;0.418251;-0.064340;7.039110;-1.123770
260.195156;36.043253;2.443124;0.404647;-0.071587;7.007109;-1.166549
260.395152;36.228431;2.521025;0.392846;-0.042392;6.973734;-1.228469
260.595148;36.414483;2.597435;0.387629;-0.009507;6.938413;-1.162066
260.795145;36.600674;2.673486;0.389019;0.023347;6.904836;-1.085042
260.995141;36.786316;2.750331;0.397029;0.056457;6.873337;-1.007864
261.195137;36.970723;2.829126;0.411709;0.090068;6.843947;-0.931640
261.395133;37.153205;2.911023;0.433137;0.124319;6.816668;-0.838626
261.595130;37.333076;2.997177;0.461398;0.159167;6.792019;-0.728621
261.795126;37.509648;3.088742;0.496551;0.194309;6.770530;-0.601562
261.995122;37.682234;3.186871;0.538596;0.229093;6.752737;-0.457381
262.195118;37.850146;3.292719;0.587420;0.262458;6.739177;-0.299028
262.395115;38.012137;3.406684;0.638364;0.251165;6.730297;-0.144533
262.595111;38.168677;3.528909;0.687082;0.239483;6.726001;-0.000000
262.795107;38.319671;3.658841;0.733680;0.228455;6.726001;0.000000
262.995104;38.465008;3.795917;0.778290;0.218244;6.726001;0.000000
263.195100;38.604579;3.939576;0.821061;0.208966;6.726001;-0.000000
263.395096;38.738275;4.089256;0.862155;0.200695;6.726001;0.063425
263.595092;38.865985;4.244395;0.901743;0.193482;6.727887;0.292780
263.795089;38.987600;4.404432;0.940002;0.187359;6.736584;0.568122
263.995085;39.103011;4.568803;0.977112;0.182350;6.753430;0.808879
264.195081;39.212111;4.736955;1.013257;0.178226;6.777342;1.016081
264.395078;39.315097;4.908671;1.047334;0.161970;6.807260;1.189314
264.595074;39.412280;5.083296;1.078011;0.144914;6.842112;1.326885
264.795070;39.504291;5.260510;1.105202;0.127367;6.880788;1.426070
264.995066;39.591761;5.439994;1.128859;0.109569;6.922114;1.483495
265.195063;39.675320;5.621429;1.148960;0.091690;6.964844;1.495736
265.395059;39.755599;5.804495;1.165504;0.073841;7.007662;1.508036
265.595055;39.833226;5.988873;1.178497;0.056077;7.050570;1.504129
265.795051;39.908834;6.174242;1.187954;0.038415;7.093108;1.484769
265.995048;39.983052;6.360285;1.193887;0.020836;7.134849;1.452003
266.195044;40.056502;6.546662;1.196320;0.005350;7.175435;1.407845
266.395040;40.129534;6.732940;1.198290;0.014346;7.214568;1.354260
266.595037;40.202022;6.919404;1.202061;0.023352;7.252013;1.293144
266.795033;40.273625;7.106171;1.207634;0.032370;7.287588;1.226326
266.995029;40.344003;7.293358;1.215010;0.041400;7.321165;1.155576
267.195025;40.412815;7.481085;1.224191;0.050437;7.352665;1.082619
267.395022;40.479721;7.669468;1.235177;0.059469;7.382054;1.008757
267.595018;40.544380;7.858625;1.247966;0.068479;7.409333;0.914709
267.795014;40.606452;8.048675;1.262554;0.077439;7.433982;0.799907
267.995010;40.665596;8.239735;1.278931;0.086311;7.455471;0.664082
268.195007;40.721464;8.431896;1.297077;0.094721;7.473264;0.507153
268.395003;40.773686;8.625058;1.316634;0.100785;7.486824;0.332618
268.594999;40.822026;8.819337;1.337436;0.107050;7.495704;0.161067
268.794996;40.866196;9.014632;1.359514;0.113514;7.500000;0.000000
268.994992;40.905908;9.210842;1.382902;0.120168;7.500000;0.000000
269.194988;40.940875;9.407867;1.407629;0.126992;7.500000;0.000000
269.394984;40.970809;9.605608;1.433722;0.133959;7.500000;0.000000
269.594981;40.995421;9.803963;1.461203;0.141029;7.500000;0.000000
269.794977;41.014425;10.002832;1.490089;0.148150;7.500000;0.000000
269.994973;41.027532;10.202116;1.520388;0.155257;7.500000;0.000000
270.194970;41.034456;10.401775;1.552094;0.161225;7.500000;0.000000
270.394966;41.034967;10.601950;1.584394;0.161527;7.500000;0.000000
270.594962;41.029005;10.802071;1.616789;0.162117;7.500000;0.000000
270.794958;41.016551;11.001890;1.649330;0.162989;7.500000;0.000000
270.994955;40.997586;11.201161;1.682068;0.164138;7.500000;0.000000
271.194951;40.972094;11.399637;1.715052;0.165554;7.500000;0.000000
271.394947;40.940056;11.597073;1.748330;0.167229;7.500000;0.000000
271.594943;40.901456;11.793220;1.781950;0.169147;7.500000;0.000000
271.794940;40.856274;11.987833;1.815956;0.171296;7.500000;0.000000
271.994936;40.804493;12.180665;1.850392;0.173655;7.500000;0.000000
272.194932;40.746114;12.371417;1.885218;0.172873;7.500000;0.000000
272.394929;40.681338;12.559801;1.918291;0.159101;7.500000;0.000000
272.594925;40.610594;12.746116;1.948606;0.145085;7.500000;0.000000
272.794921;40.534416;12.930487;1.976145;0.131011;7.500000;0.000000
272.994917;40.453340;13.113036;2.000914;0.117009;7.500000;0.000000
273.194914;40.367899;13.293887;2.022930;0.103166;7.500000;0.000000
273.394910;40.278628;13.473163;2.042222;0.089529;7.500000;0.000000
273.594906;40.186062;13.650988;2.058822;0.076109;7.500000;0.000000
273.794903;40.090734;13.827485;2.072760;0.062890;7.500000;0.000000
273.994899;39.993180;14.002779;2.084065;0.049830;7.500000;0.000000
274.194895;39.893925;14.177005;2.092807;0.038947;7.500000;0.000000
274.394891;39.793364;14.350315;2.100160;0.034434;7.500000;0.000000
274.594888;39.691695;14.522783;2.106599;0.029879;7.500000;0.000000
274.794884;39.589065;14.694526;2.112118;0.025289;7.500000;0.000000
274.994880;39.485619;14.865661;2.116714;0.020673;7.500000;0.000000
275.194876;39.381505;15.036307;2.120383;0.016038;7.500000;0.000000
275.394873;39.276867;15.206579;2.123124;0.011389;7.500000;0.000000
275.594869;39.171853;15.376596;2.124935;0.006732;7.500000;0.000000
275.794865;39.066608;15.546474;2.125815;0.002073;7.500000;0.000000
275.994862;38.961279;15.716332;2.125764;-0.002584;7.500000;0.000000
276.194858;38.856010;15.886287;2.124819;-0.005966;7.500000;0.000000
276.394854;38.750902;16.056414;2.123601;-0.006206;7.500000;0.000000
276.594850;38.645982;16.226711;2.122336;-0.006448;7.500000;0.000000
276.794847;38.541266;16.397167;2.121022;-0.006691;7.500000;0.000000
276.994843;38.436771;16.567775;2.119658;-0.006937;7.500000;0.000000
277.194839;38.332515;16.738526;2.118246;-0.007185;7.500000;0.000000
277.394835;38.228514;16.909411;2.116784;-0.007435;7.500000;0.000000
277.594832;38.124784;17.080421;2.115271;-0.007688;7.500000;0.000000
277.794828;38.021344;17.251549;2.113708;-0.007944;7.500000;0.000000
277.994824;37.918208;17.422784;2.112094;-0.008203;7.500000;0.000000
278.194821;37.815396;17.594118;2.110451;-0.007801;7.500000;0.000000
278.394817;37.712886;17.765544;2.109068;-0.006051;7.500000;0.000000
278.594813;37.610603;17.937061;2.108035;-0.004294;7.500000;0.000000
278.794809;37.508467;18.108666;2.107353;-0.002534;7.500000;0.000000
278.994806;37.406397;18.280358;2.107023;-0.000774;7.500000;0.000000
279.194802;37.304313;18.452134;2.107044;0.000984;7.500000;0.000000
279.394798;37.202134;18.623992;2.107416;0.002735;7.500000;0.000000
279.594795;37.099781;18.795930;2.108138;0.004478;7.500000;-0.204044
279.794791;36.997172;18.967946;2.109208;0.006208;7.494557;-0.498761
279.994787;36.894227;19.140038;2.110625;0.007923;7.481235;-0.786101
280.194783;36.790870;19.312202;2.112312;0.007625;7.460191;-1.068569
280.394780;36.687133;19.484417;2.113479;0.003991;7.431489;-1.349079
280.594776;36.583202;19.656641;2.113919;0.000378;7.395093;-1.630884
280.794772;36.479277;19.828825;2.113631;-0.003237;7.350855;-1.917521
280.994768;36.375556;20.000924;2.112616;-0.006877;7.298498;-2.209813
281.194765;36.272238;20.172891;2.110868;-0.010566;7.237690;-2.549438
281.394761;36.169523;20.344679;2.108378;-0.014327;7.166897;-2.913538
281.594757;36.067608;20.516241;2.105136;-0.018187;7.085126;-3.242882
281.794754;35.966694;20.687530;2.101127;-0.022169;6.992988;-3.538833
281.994750;35.866978;20.858501;2.096333;-0.026303;6.891036;-3.799015
282.194746;35.768651;21.029105;2.091010;-0.023787;6.779882;-4.016827
282.394742;35.671530;21.199406;2.087556;-0.011382;6.660338;-4.180106
282.594739;35.574966;21.369612;2.086564;0.001257;6.533612;-4.268756
282.794735;35.478281;21.539932;2.088046;0.013833;6.401611;-4.251945
282.994731;35.380800;21.710577;2.091974;0.026048;6.267366;-4.163307
283.194728;35.281846;21.881756;2.098283;0.037624;6.133073;-4.074573
283.394724;35.180742;22.053681;2.106870;0.048306;5.998732;-3.972397
283.594720;35.076812;22.226561;2.117602;0.057879;5.864798;-3.852144
283.794716;34.969379;22.400606;2.130314;0.066172;5.731930;-3.719725
283.994713;34.857767;22.576027;2.144816;0.073064;5.600639;-3.584040
284.194709;34.741784;22.752391;2.159464;0.050387;5.471158;-3.452965
284.394705;34.622674;22.929466;2.164530;-0.002209;5.343446;-3.331648
284.594701;34.502990;23.107573;2.158573;-0.053459;5.217258;-3.221829
284.794698;34.385867;23.286273;2.141439;-0.107930;5.092256;-3.121636
284.994694;34.274438;23.465123;2.112317;-0.170420;4.968142;-2.973662
285.194690;34.171840;23.643685;2.069710;-0.246439;4.846957;-2.791566
285.394687;34.081206;23.821518;2.011383;-0.342380;4.730369;-2.591988
285.594683;34.005672;23.998181;1.934369;-0.464812;4.619482;-2.386068
285.794679;33.948372;24.173235;1.835209;-0.617526;4.514998;-2.060596
285.994675;33.912440;24.346238;1.710725;-0.794254;4.422780;-1.694240
286.194672;33.901132;24.529368;1.550890;-0.898068;4.345492;-1.348405
286.394668;33.922336;24.725044;1.375500;-0.877685;4.282983;-1.024320
286.594664;33.976257;24.912624;1.207496;-0.840263;4.234882;-0.715561
286.794660;34.060231;25.089090;1.047121;-0.799710;4.200953;-0.415934
286.994657;34.171590;25.251423;0.893079;-0.765315;4.181105;-0.119283
287.194653;34.307670;25.396607;0.743225;-0.741368;4.175395;0.172225
287.394649;34.465805;25.521623;0.595143;-0.728161;4.183636;0.481423
287.594646;34.643328;25.623453;0.446617;-0.722964;4.206587;0.802574
287.794642;34.837574;25.699079;0.296010;-0.720664;4.244573;1.107319
287.994638;35.015961;25.741282;0.171911;-0.621535;4.296431;1.401190
288.194634;35.199614;25.763004;0.066763;-0.517483;4.361168;1.686689
288.394631;35.390140;25.766900;-0.023009;-0.427453;4.437843;1.962565
288.594627;35.585984;25.754665;-0.099351;-0.353428;4.525424;2.222059
288.794623;35.785590;25.727995;-0.164316;-0.294177;4.622582;2.449788
288.994620;35.987402;25.688585;-0.219792;-0.247339;4.727384;2.634008
289.194616;36.189864;25.638129;-0.267398;-0.210468;4.837535;2.789624
289.394612;36.391421;25.578323;-0.308475;-0.181429;4.951523;2.967641
289.594608;36.590517;25.510862;-0.344113;-0.158499;5.069971;3.149968
289.794605;36.785596;25.437441;-0.375190;-0.140336;5.192742;3.320084
289.994601;36.979326;25.357853;-0.404651;-0.144899;5.319077;3.480506
290.194597;37.168108;25.273562;-0.435536;-0.153753;5.448372;3.569288
290.394593;37.351221;25.184779;-0.467648;-0.161667;5.577853;3.602652
290.594590;37.528960;25.091314;-0.500808;-0.168359;5.705566;3.639747
290.794586;37.701616;24.992980;-0.534805;-0.173573;5.831754;3.684030
290.994582;37.869482;24.889587;-0.569404;-0.177097;5.956756;3.735149
291.194579;38.032851;24.780947;-0.604347;-0.178780;6.080869;3.721334
291.394575;38.192015;24.666870;-0.639367;-0.178547;6.202054;3.625720
291.594571;38.347267;24.547169;-0.674191;-0.176404;6.317890;3.367790
291.794567;38.498901;24.421654;-0.708555;-0.172441;6.423615;3.098582
291.994564;38.645412;24.291921;-0.740186;-0.150606;6.519374;2.830290
292.194560;38.788971;24.157021;-0.767742;-0.129334;6.605629;2.572903
292.394556;38.929951;24.017586;-0.791359;-0.109054;6.683074;2.337621
292.594553;39.068686;23.874286;-0.811165;-0.089715;6.752667;2.128244
292.794549;39.205509;23.727789;-0.827281;-0.071212;6.815408;1.921726
292.994545;39.340752;23.578764;-0.839808;-0.053395;6.871569;1.749734
293.194541;39.474749;23.427879;-0.848829;-0.036089;6.922308;1.611306
293.394538;39.607833;23.275803;-0.854401;-0.019100;6.968705;1.516566
293.594534;39.740337;23.123204;-0.856556;-0.002224;7.012095;1.471576
293.794530;39.872621;22.970722;-0.855298;0.013815;7.053941;1.186967
293.994526;40.005846;22.817654;-0.854596;-0.006955;7.087515;0.876343
294.194523;40.138444;22.664872;-0.858130;-0.028058;7.112201;0.535908
294.394519;40.269724;22.511865;-0.865945;-0.049555;7.127255;0.162214
294.594515;40.398997;22.358120;-0.878093;-0.071486;7.131805;-0.247750
294.794512;40.525573;22.203125;-0.894628;-0.093852;7.124854;-0.663493
294.994508;40.648762;22.046368;-0.915600;-0.116588;7.106205;-1.044099
295.194504;40.767875;21.887337;-0.941043;-0.139548;7.076759;-1.416779
295.394500;40.882222;21.725519;-0.970968;-0.162472;7.036606;-1.777682
295.594497;40.991113;21.560404;-1.005341;-0.184976;6.985897;-2.121242
295.794493;41.093725;21.391709;-1.043923;-0.200395;6.924903;-2.431968
295.994489;41.189152;21.220247;-1.081299;-0.180426;6.854306;-2.690383
296.194485;41.278705;21.044998;-1.114805;-0.160037;6.775351;-2.891813
296.394482;41.363020;20.866297;-1.144408;-0.139622;6.689445;-2.951851
296.594478;41.442738;20.684476;-1.170119;-0.119461;6.600603;-2.914608
296.794474;41.518497;20.499868;-1.191979;-0.099731;6.511692;-2.877275
296.994471;41.590935;20.312807;-1.210048;-0.080527;6.422713;-2.809114
297.194467;41.660692;20.123625;-1.224394;-0.061875;6.334636;-2.716405
297.394463;41.728406;19.932656;-1.235085;-0.043753;6.248286;-2.605406
297.594459;41.794716;19.740233;-1.242185;-0.026107;6.164328;-2.458924
297.794456;41.860291;19.546605;-1.245673;-0.004791;6.084027;-2.195733
297.994452;41.926047;19.352062;-1.242706;0.033671;6.011415;-1.958713
298.194448;41.993117;19.158071;-1.231812;0.072672;5.945892;-1.750575
298.394445;42.062813;18.965814;-1.212836;0.113311;5.886715;-1.573882
298.594441;42.136449;18.776474;-1.185479;0.156560;5.832999;-1.431049
298.794437;42.215337;18.591234;-1.149333;0.203151;5.783724;-1.308750
298.994433;42.300792;18.411276;-1.103924;0.253380;5.738291;-1.174170
299.194430;42.394125;18.237784;-1.048791;0.306804;5.697220;-1.052171
299.394426;42.496652;18.071940;-0.983608;0.361843;5.660164;-0.939893
299.594422;42.609684;17.914927;-0.908353;0.415397;5.626856;-0.851944
299.794418;42.734744;17.767692;-0.823805;0.444378;5.596493;-0.788628
299.994415;42.872887;17.630606;-0.740327;0.412965;5.568239;-0.524873
300.194411;43.022492;17.504353;-0.662612;0.380932;5.549355;-0.234928
300.394407;43.182351;17.388760;-0.590520;0.350175;5.540882;0.083257
300.594404;43.351252;17.283655;-0.523709;0.321923;5.543887;0.432249
300.794400;43.527986;17.188867;-0.461710;0.296866;5.559458;0.815331
300.994396;43.711342;17.104223;-0.403988;0.275320;5.588712;1.210579
301.194392;43.900112;17.029552;-0.349975;0.257371;5.631867;1.268211
301.394389;44.093084;16.964683;-0.299098;0.242984;5.676724;1.247492
301.594385;44.289048;16.909443;-0.250788;0.232097;5.720506;1.206877
301.794381;44.486334;16.863750;-0.204841;0.217910;5.762545;1.141710
301.994378;44.683833;16.827036;-0.163614;0.192233;5.802034;1.045573
302.194374;44.882116;16.798032;-0.127773;0.165298;5.837964;0.910414
302.394370;45.081017;16.775632;-0.097439;0.137726;5.869070;0.726996
302.594366;45.280367;16.758730;-0.072663;0.109925;5.893791;0.500944
302.794363;45.480001;16.746217;-0.053457;0.082115;5.910766;0.261767
302.994359;45.679752;16.736987;-0.039812;0.054365;5.919616;0.035750
303.194355;45.879453;16.729934;-0.031719;0.026628;5.920824;-0.203460
303.394351;46.078937;16.723951;-0.029179;-0.001218;5.913947;-0.447269
303.594348;46.278038;16.717930;-0.032215;-0.029337;5.898802;-0.684773
303.794344;46.476631;16.710786;-0.040078;-0.039573;5.875540;-0.903520
303.994340;46.674758;16.702150;-0.046603;-0.026177;5.844704;-1.090621
304.194337;46.872628;16.692497;-0.050444;-0.012578;5.807265;-1.235101
304.394333;47.070511;16.682349;-0.051583;0.001071;5.764572;-1.332386
304.594329;47.268676;16.672228;-0.050023;0.014618;5.718159;-1.428142
304.794325;47.467393;16.662657;-0.045786;0.027916;5.667989;-1.501367
304.994322;47.666932;16.654159;-0.038914;0.040818;5.614763;-1.534634
305.194318;47.867563;16.647255;-0.029467;0.053181;5.559831;-1.556100
305.394314;48.069554;16.642468;-0.017528;0.064863;5.503571;-1.579148
305.594310;48.273177;16.640320;-0.003197;0.075725;5.445884;-1.613769
305.794307;48.479440;16.641370;0.014217;0.100063;5.386293;-1.651186
305.994303;48.687667;16.646785;0.039161;0.139902;5.324631;-1.693476
306.194299;48.895506;16.658269;0.072753;0.183712;5.260638;-1.746416
306.394296;49.101329;16.677549;0.115761;0.233606;5.193819;-1.815121
306.594292;49.303504;16.706350;0.169218;0.291468;5.123448;-1.904064
306.794288;49.500403;16.746399;0.234358;0.358588;5.048575;-1.974929
306.994284;49.690395;16.799423;0.312470;0.434838;4.969724;-2.011262
307.194281;49.871851;16.867148;0.404630;0.517314;4.888115;-2.014010
307.394277;50.043142;16.951299;0.511262;0.598719;4.805005;-1.721003
307.594273;50.202636;17.053604;0.631547;0.666615;4.732831;-1.370384
307.794270;50.348611;17.175459;0.758556;0.641265;4.674564;-1.014150
307.994266;50.480249;17.316036;0.875824;0.577038;4.630971;-0.665967
308.194262;50.597169;17.472943;0.983162;0.521433;4.602120;-0.329096
308.394258;50.698909;17.643690;1.082242;0.477253;4.587796;0.002732
308.594255;50.785005;17.825788;1.174971;0.445236;4.587915;0.336014
308.794251;50.854996;18.016751;1.263316;0.425224;4.602540;0.666011
308.994247;50.908420;18.214087;1.349225;0.416881;4.631390;0.986963
309.194243;50.944813;18.415310;1.434626;0.420071;4.673815;1.301802
309.394240;50.963713;18.617929;1.521453;0.435006;4.729192;1.611535
309.594236;50.964658;18.819457;1.611676;0.462232;4.796860;1.915140
309.794232;50.947403;19.017320;1.703156;0.445587;4.876054;2.209305
309.994229;50.913136;19.211221;1.786853;0.402592;4.965844;2.488214
310.194225;50.863707;19.401585;1.861178;0.352259;5.065064;2.743819
310.394221;50.800972;19.588750;1.925496;0.299174;5.172271;2.967493
310.594217;50.726789;19.773055;1.979677;0.246501;5.285769;3.126340
310.794214;50.643015;19.954837;2.023912;0.195965;5.402765;3.196320
310.994210;50.551506;20.134434;2.058543;0.148150;5.519817;3.248173
311.194206;50.454121;20.312185;2.083939;0.102847;5.636277;3.257520
311.394202;50.352716;20.488428;2.100405;0.059352;5.750705;3.236975
311.594199;50.249149;20.663501;2.108133;0.016657;5.862198;3.197563
311.794195;50.145632;20.836758;2.110543;0.011970;5.970291;3.148889
311.994191;50.042071;21.009143;2.113024;0.012698;6.074858;3.099610
312.194188;49.938324;21.180843;2.115643;0.013416;6.176061;3.057929
312.394184;49.834333;21.351908;2.118400;0.014121;6.274303;3.032021
312.594180;49.730036;21.522388;2.121291;0.014810;6.370217;3.030311
312.794176;49.625374;21.692334;2.124314;0.015481;6.464655;3.061529
312.994173;49.520286;21.861797;2.127467;0.016132;6.558685;3.078405
313.194169;49.414714;22.030826;2.130744;0.016760;6.651894;3.056462
313.394165;49.308596;22.199473;2.134144;0.017363;6.743163;2.992227
313.594162;49.201872;22.367786;2.137663;0.017938;6.831334;2.885555
313.794158;49.094368;22.536000;2.141288;0.018368;6.915296;2.737875
313.994154;48.986174;22.703930;2.144999;0.018791;6.994030;2.550898
314.194150;48.877298;22.871536;2.148797;0.019218;7.066597;2.351763
314.394147;48.767732;23.038792;2.152683;0.019650;7.132845;2.154436
314.594143;48.657471;23.205675;2.156657;0.020087;7.192999;1.958964
314.794139;48.546509;23.372160;2.160720;0.020528;7.247262;1.765425
314.994135;48.434840;23.538224;2.164873;0.020976;7.295818;1.573913
315.194132;48.322458;23.703843;2.169116;0.021429;7.338836;1.384537
315.394128;48.209357;23.868992;2.173451;0.021887;7.376471;1.197415
315.594124;48.095531;24.033647;2.177879;0.022352;7.408865;1.012669
315.794121;47.980981;24.197803;2.182164;0.020399;7.436151;0.830427
315.994117;47.865770;24.361477;2.186045;0.018382;7.458452;0.650814
316.194113;47.749971;24.524707;2.189522;0.016367;7.475883;0.473957
316.394109;47.633656;24.687532;2.192596;0.014353;7.488551;0.299983
316.594106;47.516897;24.849989;2.195266;0.012340;7.496559;0.129017
316.794102;47.399768;25.012116;2.197533;0.010327;7.500000;0.000000
316.994098;47.282340;25.173951;2.199397;0.008314;7.500000;0.000000
317.194095;47.164686;25.335533;2.200857;0.006298;7.500000;0.000000
317.394091;47.046879;25.496898;2.201914;0.004280;7.500000;0.000000
317.594087;46.928992;25.658082;2.202567;0.002346;7.500000;0.000000
317.794083;46.811148;25.819018;2.203140;0.003398;7.500000;0.000000
317.994080;46.693221;25.979838;2.203922;0.004447;7.500000;0.000000
318.194076;46.575142;26.140567;2.204913;0.005490;7.500000;0.000000
318.394072;46.456839;26.301230;2.206112;0.006524;7.500000;0.000000
318.594068;46.338244;26.461853;2.207517;0.007547;7.500000;-0.230182
318.794065;46.219287;26.622459;2.209126;0.008555;7.493859;-0.518173
318.994061;46.099897;26.783073;2.210937;0.009546;7.480018;-0.851125
319.194057;45.980005;26.943721;2.212949;0.010516;7.457226;-1.170206
319.394054;45.859542;27.104427;2.215156;0.011465;7.425776;-1.476657
319.594050;45.738443;27.265206;2.217559;0.012546;7.385898;-1.775148
319.794046;45.616742;27.425920;2.220387;0.015520;7.337673;-2.071028
319.994042;45.494384;27.586453;2.223824;0.018548;7.281006;-2.370141
320.194039;45.371418;27.746539;2.227881;0.021662;7.215609;-2.676873
320.394035;45.247887;27.905912;2.232572;0.024894;7.141028;-2.993920
320.594031;45.123838;28.064306;2.237918;0.028280;7.056680;-3.308792
320.794027;44.999317;28.221455;2.243943;0.031855;6.962273;-3.618188
320.994024;44.874370;28.377092;2.250676;0.035659;6.857550;-3.920038
321.194020;44.749043;28.530952;2.258152;0.039737;6.742256;-4.210234
321.394016;44.623382;28.682769;2.266410;0.044137;6.616188;-4.481666
321.594013;44.497430;28.832281;2.275469;0.046311;6.479299;-4.722093
321.794009;44.371200;28.979557;2.282750;0.028545;6.331865;-4.909619
321.994005;44.244704;29.125507;2.286472;0.009894;6.174844;-5.002343
322.194001;44.117924;29.271221;2.286561;-0.008924;6.010641;-4.911444
322.393998;43.990845;29.417789;2.283042;-0.027187;5.844935;-4.775114
322.593994;43.863449;29.566300;2.276028;-0.044217;5.679195;-4.638700
322.793990;43.735720;29.717845;2.265719;-0.059430;5.513421;-4.333154
322.993987;43.607640;29.873512;2.252390;-0.072370;5.353931;-3.967263
323.193983;43.479194;30.034392;2.236374;-0.082735;5.203624;-3.591288
323.393979;43.350365;30.201574;2.218053;-0.090382;5.063715;-3.240792
323.593975;43.220762;30.376664;2.197709;-0.098910;4.934057;-2.931140
323.793972;43.089851;30.562130;2.172079;-0.127773;4.813781;-2.654426
323.993968;42.963249;30.753138;2.138750;-0.164905;4.702206;-2.404980
324.193964;42.845037;30.947052;2.095826;-0.216223;4.598778;-2.178536
324.393960;42.739292;31.141233;2.040352;-0.290835;4.503040;-1.971763
324.593957;42.650095;31.333045;1.967842;-0.403584;4.414598;-1.781985
324.793953;42.581524;31.519850;1.871588;-0.578381;4.333116;-1.476166
324.993949;42.537658;31.699011;1.741944;-0.849018;4.264439;-1.156192
325.193946;42.522577;31.867890;1.566679;-1.241017;4.209866;-0.826598
325.393942;42.540359;32.023851;1.335860;-1.693441;4.170412;-0.516344
325.593938;42.595125;32.164509;1.059948;-1.792334;4.145576;-0.220259
325.793934;42.687637;32.288857;0.813685;-1.362096;4.134937;0.068318
325.993931;42.813398;32.397586;0.623831;-0.940738;4.138240;0.356231
326.193927;42.967654;32.491943;0.483232;-0.637544;4.155420;0.650686
326.393923;43.145652;32.573175;0.379455;-0.439731;4.186620;0.958416
326.593920;43.342637;32.642527;0.301987;-0.312351;4.232156;1.285753
326.793916;43.553856;32.701246;0.243369;-0.228459;4.292486;1.630294
326.993912;43.774556;32.750577;0.198608;-0.170949;4.367785;1.994990
327.193908;43.999981;32.791768;0.164438;-0.129281;4.458198;2.383688
327.393905;44.225380;32.826064;0.138798;-0.096599;4.563878;2.799009
327.593901;44.443465;32.854358;0.119734;-0.081770;4.684930;3.241230
327.793897;44.654265;32.877929;0.103280;-0.072876;4.821310;3.608536
327.993893;44.860118;32.897776;0.089355;-0.061313;4.968744;3.962689
328.193890;45.061802;32.914677;0.078324;-0.047244;5.125765;4.275831
328.393886;45.260099;32.929407;0.070509;-0.030994;5.289969;4.451629
328.593882;45.455790;32.942743;0.066164;-0.013034;5.455675;4.589879
328.793879;45.649656;32.955461;0.065469;0.006032;5.621415;4.728215
328.993875;45.842476;32.968337;0.068515;0.025507;5.787189;4.678661
329.193871;46.035033;32.982147;0.075298;0.044640;5.946678;4.525705
329.393867;46.228105;32.997668;0.085717;0.062682;6.096985;4.314118
329.593864;46.422440;33.015613;0.098317;0.060953;6.236894;4.085424
329.793860;46.618165;33.036045;0.109412;0.051924;6.366552;3.864966
329.993856;46.815077;33.058645;0.118853;0.043430;6.486828;3.650045
330.193852;47.012973;33.083092;0.126703;0.035379;6.598404;3.439077
330.393849;47.211652;33.109065;0.133015;0.027681;6.701831;3.231105
330.593845;47.410914;33.136241;0.137831;0.020252;6.797570;3.025552
330.793841;47.610559;33.164299;0.141181;0.013010;6.886012;2.822079
330.993838;47.810384;33.192918;0.143086;0.005876;6.967494;2.620502
331.193834;48.010189;33.221777;0.143556;-0.001226;7.042311;2.420738
331.393830;48.209773;33.250552;0.142589;-0.008375;7.110726;2.222774
331.593826;48.408992;33.278959;0.140676;-0.009152;7.172971;2.026646
331.793823;48.607808;33.306935;0.138956;-0.007979;7.229257;1.832421
331.993819;48.806275;33.334538;0.137477;-0.006782;7.279774;1.640189
332.193815;49.004463;33.361829;0.136241;-0.005566;7.324696;1.450054
332.393812;49.202439;33.388865;0.135252;-0.004333;7.364183;1.262131
332.593808;49.400271;33.415708;0.134511;-0.003089;7.398380;1.076542
332.793804;49.598028;33.442417;0.134020;-0.001837;7.427425;0.893412
332.993800;49.795778;33.469050;0.133778;-0.000582;7.451443;0.712867
333.193797;49.993588;33.495669;0.133787;0.000673;7.470552;0.535036
333.393793;50.191527;33.522331;0.134047;0.001922;7.484861;0.360043
333.593789;50.389385;33.549040;0.134196;-0.001121;7.494476;0.188015
333.793785;50.587382;33.575723;0.133586;-0.004983;7.499491;0.019074
333.993782;50.785553;33.602228;0.132205;-0.008834;7.500000;0.000000
334.193778;50.983878;33.628397;0.130053;-0.012681;7.500000;0.000000
334.393774;51.182340;33.654072;0.127130;-0.016532;7.500000;0.000000
334.593771;51.380919;33.679095;0.123435;-0.020391;7.500000;0.000000
334.793767;51.579598;33.703306;0.118966;-0.024264;7.500000;0.000000
334.993763;51.778358;33.726549;0.113722;-0.028158;7.500000;0.000000
335.193759;51.977179;33.748664;0.107697;-0.032075;7.500000;0.000000
335.393756;52.176045;33.769493;0.100890;-0.036020;7.500000;0.000000
335.593752;52.375352;33.788971;0.094187;-0.029777;7.500000;0.000000
335.793748;52.574721;33.807256;0.088981;-0.022222;7.500000;0.000000
335.993745;52.774083;33.824646;0.085292;-0.014644;7.500000;0.000000
336.193741;52.973422;33.841447;0.083122;-0.007048;7.500000;0.000000
336.393737;53.172722;33.857961;0.082473;0.000561;7.500000;0.000000
336.593733;53.371968;33.874493;0.083347;0.008179;7.500000;0.000000
336.793730;53.571143;33.891347;0.085744;0.015804;7.500000;0.000000
336.993726;53.770232;33.908827;0.089665;0.023432;7.500000;0.000000
337.193722;53.969219;33.927238;0.095109;0.031056;7.500000;0.000000
337.393718;54.168087;33.946883;0.102076;0.038668;7.500000;0.000000
337.593715;54.366758;33.967986;0.109416;0.034361;7.500000;0.000000
337.793711;54.565313;33.990456;0.115805;0.029592;7.500000;0.000000
337.993707;54.763776;34.014106;0.121243;0.024826;7.500000;0.000000
338.193704;54.962169;34.038746;0.125730;0.020064;7.500000;0.000000
338.393700;55.160513;34.064189;0.129267;0.015308;7.500000;0.000000
338.593696;55.358832;34.090245;0.131854;0.010559;7.500000;0.000000
338.793692;55.557146;34.116728;0.133492;0.005817;7.500000;0.000000
338.993689;55.755477;34.143447;0.134182;0.001080;7.500000;0.000000
339.193685;55.953848;34.170216;0.133924;-0.003651;7.500000;0.000000
339.393681;56.152268;34.196843;0.132721;-0.008177;7.500000;0.000000
339.593677;56.350423;34.223141;0.131205;-0.006992;7.500000;0.000000
339.793674;56.548649;34.249167;0.129925;-0.005809;7.500000;0.000000
339.993670;56.746935;34.274966;0.128882;-0.004628;7.500000;0.000000
340.193666;56.945272;34.300585;0.128074;-0.003447;7.500000;0.000000
340.393663;57.143648;34.326070;0.127503;-0.002268;7.500000;0.000000
340.593659;57.342053;34.351467;0.127167;-0.001089;7.500000;0.000000
340.793655;57.540476;34.376823;0.127067;0.000089;7.500000;0.000000
340.993651;57.738907;34.402184;0.127203;0.001267;7.500000;0.000000
341.193648;57.937336;34.427595;0.127574;0.002445;7.500000;0.000000
341.393644;58.135754;34.453103;0.128180;0.003480;7.500000;0.000000
341.593640;58.334186;34.478745;0.128829;0.003007;7.500000;0.000000
341.793637;58.532593;34.504506;0.129383;0.002535;7.500000;0.000000
341.993633;58.730974;34.530365;0.129843;0.002062;7.500000;0.000000
342.193629;58.929328;34.556304;0.130208;0.001590;7.500000;0.000000
342.393625;59.127652;34.582303;0.130479;0.001117;7.500000;0.000000
342.593622;59.325947;34.608344;0.130655;0.000644;7.500000;0.000000
342.793618;59.524209;34.634406;0.130736;0.000171;7.500000;0.000000
342.993614;59.722438;34.660471;0.130723;-0.000302;7.500000;0.000000
343.193610;59.920632;34.686518;0.130616;-0.000776;7.500000;0.000000
343.393607;60.118831;34.712536;0.130414;-0.001157;7.500000;0.000000
343.593603;60.317251;34.738538;0.130201;-0.000972;7.500000;0.000000
343.793599;60.515637;34.764497;0.130025;-0.000786;7.500000;0.000000
343.993596;60.713992;34.790420;0.129887;-0.000600;7.500000;0.000000
344.193592;60.912320;34.816315;0.129785;-0.000414;7.500000;0.000000
344.393588;61.110624;34.842190;0.129721;-0.000228;7.500000;0.000000
344.593584;61.308909;34.868054;0.129694;-0.000042;7.500000;0.000000
344.793581;61.507177;34.893914;0.129705;0.000145;7.500000;0.000000
344.993577;61.705431;34.919778;0.129752;0.000331;7.500000;0.000000
345.193573;61.903676;34.945654;0.129837;0.000518;7.500000;0.000000
345.393569;62.101914;34.971550;0.129957;0.000606;7.500000;0.000000
345.593566;62.300151;34.997468;0.130051;0.000328;7.500000;0.000000
345.793562;62.498391;35.023401;0.130088;0.000051;7.500000;0.000000
345.993558;62.696641;35.049336;0.130071;-0.000227;7.500000;0.000000
346.193555;62.894906;35.075265;0.129998;-0.000504;7.500000;0.000000
346.393551;63.093192;35.101176;0.129869;-0.000781;7.500000;0.000000
346.593547;63.291506;35.127059;0.129685;-0.001058;7.500000;0.000000
346.793543;63.489853;35.152903;0.129446;-0.001335;7.500000;0.000000
346.993540;63.688240;35.178699;0.129151;-0.001611;7.500000;0.000000
347.193536;63.886671;35.204436;0.128801;-0.001887;7.500000;0.000000
347.393532;64.085079;35.230094;0.128402;-0.001980;7.500000;0.000000
347.593529;64.283350;35.255655;0.128042;-0.001613;7.500000;0.000000
347.793525;64.481665;35.281158;0.127757;-0.001246;7.500000;0.000000
347.993521;64.680016;35.306615;0.127544;-0.000880;7.500000;0.000000
348.193517;64.878396;35.332039;0.127405;-0.000513;7.500000;0.000000
348.393514;65.076796;35.357446;0.127339;-0.000148;7.500000;0.000000
348.593510;65.275207;35.382849;0.127346;0.000218;7.500000;0.000000
348.793506;65.473622;35.408260;0.127426;0.000584;7.500000;0.000000
348.993502;65.672032;35.433695;0.127579;0.000950;7.500000;0.000000
349.193499;65.870429;35.459166;0.127806;0.001316;7.500000;0.000000
349.393495;66.068809;35.484688;0.128099;0.001498;7.500000;0.000000
349.593491;66.267173;35.510267;0.128381;0.001321;7.500000;0.000000
349.793488;66.465516;35.535897;0.128628;0.001143;7.500000;0.000000
349.993484;66.663845;35.561571;0.128839;0.000966;7.500000;0.000000
350.193480;66.862164;35.587283;0.129014;0.000789;7.500000;0.000000
350.393476;67.060479;35.613026;0.129154;0.000611;7.500000;0.000000
350.593473;67.258794;35.638794;0.129258;0.000433;7.500000;0.000000
350.793469;67.457116;35.664579;0.129327;0.000256;7.500000;0.000000
350.993465;67.655448;35.690377;0.129361;0.000078;7.500000;0.000000
351.193462;67.853797;35.716180;0.129359;-0.000099;7.500000;0.000000
351.393458;68.052114;35.741976;0.129362;0.000758;7.500000;0.000000
351.593454;68.250369;35.767798;0.129756;0.003185;7.500000;0.000000
351.793450;68.448628;35.793750;0.130635;0.005610;7.500000;0.000000
351.993447;68.646875;35.819925;0.132000;0.008035;7.500000;0.000000
352.193443;68.845095;35.846422;0.133849;0.010460;7.500000;0.000000
352.393439;69.043274;35.873335;0.136184;0.012883;7.500000;0.000000
352.593435;69.241396;35.900760;0.139003;0.015307;7.500000;0.000000
352.793432;69.439446;35.928794;0.142307;0.017729;7.500000;0.000000
352.993428;69.637410;35.957532;0.146095;0.020150;7.500000;0.000000
353.193424;69.835272;35.987070;0.150369;0.022570;7.500000;0.000000
353.393421;70.032958;36.017491;0.154996;0.022106;7.500000;0.000000
353.593417;70.230454;36.048770;0.159014;0.018092;7.500000;0.000000
353.793413;70.427855;36.080766;0.162231;0.014082;7.500000;0.000000
353.993409;70.625183;36.113321;0.164647;0.010074;7.500000;0.000000
354.193406;70.822459;36.146276;0.166261;0.006069;7.500000;0.000000
354.393402;71.019702;36.179471;0.167075;0.002065;7.500000;0.000000
354.593398;71.216935;36.212749;0.167087;-0.001938;7.500000;0.000000
354.793394;71.414177;36.245949;0.166299;-0.005942;7.500000;0.000000
354.993391;71.611451;36.278914;0.164710;-0.009947;7.500000;0.000000
355.193387;71.808775;36.311483;0.162320;-0.013955;7.500000;0.000000
355.393383;72.006196;36.343508;0.159265;-0.015177;7.500000;0.000000
355.593380;72.203721;36.374939;0.156396;-0.013519;7.500000;0.000000
355.793376;72.401318;36.405834;0.153858;-0.011860;7.500000;0.000000
355.993372;72.598980;36.436260;0.151652;-0.010200;7.500000;0.000000
356.193368;72.796699;36.466281;0.149778;-0.008539;7.500000;0.000000
356.393365;72.994467;36.495964;0.148236;-0.006877;7.500000;0.000000
356.593361;73.192278;36.525376;0.147027;-0.005215;7.500000;0.000000
356.793357;73.390124;36.554582;0.146151;-0.003553;7.500000;0.000000
356.993354;73.587998;36.583648;0.145606;-0.001891;7.500000;0.000000
357.193350;73.785892;36.612641;0.145394;-0.000229;7.500000;0.000000
357.393346;73.983759;36.641620;0.145500;0.001171;7.500000;0.000000
357.593342;74.181597;36.670642;0.145852;0.002348;7.500000;0.000000
357.793339;74.379433;36.699759;0.146439;0.003524;7.500000;0.000000
357.993335;74.577259;36.729017;0.147262;0.004700;7.500000;0.000000
358.193331;74.775067;36.758461;0.148319;0.005876;7.500000;0.000000
358.393327;74.972851;36.788140;0.149612;0.007051;7.500000;0.000000
358.593324;75.170602;36.818099;0.151140;0.008227;7.500000;0.000000
358.793320;75.368312;36.848385;0.152903;0.009402;7.500000;0.000000
358.993316;75.565975;36.879045;0.154901;0.010576;7.500000;0.000000
359.193313;75.763582;36.910123;0.157134;0.011751;7.500000;0.000000
359.393309;75.961119;36.941666;0.159578;0.012522;7.500000;0.000000
359.593305;76.158578;36.973703;0.162132;0.013006;7.500000;0.000000
359.793301;76.355954;37.006255;0.164782;0.013491;7.500000;0.000000
359.993298;76.553239;37.039338;0.167529;0.013977;7.500000;0.000000
360.193294;76.750421;37.072971;0.170374;0.014465;7.500000;0.000000
360.393290;76.947491;37.107172;0.173316;0.014955;7.500000;0.000000
360.593287;77.144438;37.141960;0.176356;0.015447;7.500000;0.000000
360.793283;77.341253;37.177350;0.179495;0.015941;7.500000;0.000000
360.993279;77.537925;37.213363;0.182732;0.016437;7.500000;0.000000
361.193275;77.734444;37.250016;0.186067;0.016935;7.500000;0.000000
361.393272;77.930952;37.287352;0.189404;0.015816;7.500000;0.000000
361.593268;78.127397;37.325318;0.192358;0.013718;7.500000;0.000000
361.793264;78.323705;37.363818;0.194893;0.011618;7.500000;0.000000
361.993260;78.519898;37.402769;0.197006;0.009514;7.500000;0.000000
362.193257;78.715994;37.442088;0.198698;0.007409;7.500000;0.000000
362.393253;78.912013;37.481694;0.199970;0.005303;7.500000;0.000000
362.593249;79.107974;37.521505;0.200819;0.003195;7.500000;0.000000
362.793246;79.303897;37.561439;0.201247;0.001087;7.500000;0.000000
362.993242;79.499801;37.601413;0.201254;-0.001023;7.500000;0.000000
363.193238;79.695705;37.641345;0.200838;-0.003132;7.500000;0.000000
363.393234;79.891639;37.681156;0.200005;-0.005187;7.500000;0.000000
363.593231;80.087615;37.720764;0.198765;-0.007215;7.500000;0.000000
363.793227;80.283651;37.760089;0.197120;-0.009243;7.500000;0.000000
363.993223;80.479766;37.799054;0.195069;-0.011269;7.500000;0.000000
364.193219;80.675979;37.837578;0.192613;-0.013294;7.500000;0.000000
364.393216;80.872311;37.875585;0.189752;-0.015317;7.500000;0.000000
364.593212;81.068780;37.912993;0.186487;-0.017337;7.500000;0.000000
364.793208;81.265406;37.949726;0.182817;-0.019353;7.500000;0.000000
364.993205;81.462209;37.985704;0.178744;-0.021364;7.500000;0.000000
365.193201;81.659208;38.020848;0.174268;-0.023370;7.500000;0.000000
365.393197;81.856235;38.055070;0.169852;-0.019135;7.500000;0.000000
365.593193;82.053374;38.088536;0.166675;-0.012640;7.500000;0.000000
365.793190;82.250638;38.121510;0.164796;-0.006156;7.500000;0.000000
365.993186;82.447969;38.154246;0.164213;0.000323;7.500000;0.000000
366.193182;82.645311;38.186997;0.164925;0.006800;7.500000;0.000000
366.393179;82.842610;38.220017;0.166933;0.013278;7.500000;0.000000
366.593175;83.039809;38.253558;0.170237;0.019761;7.500000;0.000000
366.793171;83.236852;38.287875;0.174839;0.026251;7.500000;0.000000
366.993167;83.433684;38.323221;0.180738;0.032750;7.500000;0.000000
367.193164;83.630247;38.359849;0.187937;0.039256;7.500000;0.000000
367.393160;83.826614;38.398002;0.195766;0.037068;7.500000;0.000000
367.593156;84.022705;38.437613;0.202710;0.032357;7.500000;0.000000
367.793152;84.218523;38.478488;0.208712;0.027643;7.500000;0.000000
367.993149;84.414100;38.520444;0.213769;0.022927;7.500000;0.000000
368.193145;84.609473;38.563294;0.217883;0.018210;7.500000;0.000000
368.393141;84.804677;38.606852;0.221054;0.013493;7.500000;0.000000
368.593138;84.999746;38.650934;0.223280;0.008776;7.500000;0.000000
368.793134;85.194716;38.695353;0.224564;0.004057;7.500000;0.000000
368.993130;85.389621;38.739923;0.224903;-0.000664;7.500000;0.000000
369.193126;85.584497;38.784460;0.224298;-0.005390;7.500000;0.000000
369.393123;85.779545;38.828830;0.223034;-0.006635;7.500000;0.000000
369.593119;85.974650;38.872942;0.221656;-0.007145;7.500000;0.000000
369.793115;86.169788;38.916768;0.220176;-0.007653;7.500000;0.000000
369.993112;86.364973;38.960291;0.218595;-0.008161;7.500000;0.000000
370.193108;86.560216;39.003493;0.216913;-0.008667;7.500000;0.000000
370.393104;86.755528;39.046355;0.215129;-0.009172;7.500000;0.000000
370.593100;86.950923;39.088860;0.213245;-0.009675;7.500000;0.000000
370.793097;87.146413;39.130989;0.211260;-0.010176;7.500000;0.000000
370.993093;87.342009;39.172725;0.209175;-0.010676;7.500000;0.000000
371.193089;87.537724;39.214050;0.206989;-0.011173;7.500000;0.000000
371.393085;87.733398;39.254918;0.204858;-0.009960;7.500000;0.000000
371.593082;87.929168;39.295401;0.203010;-0.008529;7.500000;0.000000
371.793078;88.125040;39.335556;0.201447;-0.007100;7.500000;0.000000
371.993074;88.320998;39.375439;0.200170;-0.005673;7.500000;0.000000
372.193071;88.517027;39.415104;0.199178;-0.004247;7.500000;0.000000
372.393067;88.713110;39.454608;0.198471;-0.002823;7.500000;0.000000
372.593063;88.909232;39.494003;0.198049;-0.001399;7.500000;0.000000
372.793059;89.105376;39.533347;0.197912;0.000024;7.500000;0.000000
372.993056;89.301528;39.572693;0.198059;0.001447;7.500000;0.000000
373.193052;89.497670;39.612096;0.198491;0.002870;7.500000;0.000000
373.393048;89.693776;39.651613;0.199273;0.004993;7.500000;0.000000
373.593044;89.889836;39.691324;0.200489;0.007163;7.500000;0.000000
373.793041;90.085830;39.731315;0.202139;0.009334;7.500000;0.000000
373.993037;90.281738;39.771669;0.204223;0.011507;7.500000;0.000000
374.193033;90.477541;39.812472;0.206742;0.013680;7.500000;0.000000
374.393030;90.673216;39.853807;0.209695;0.015855;7.500000;0.000000
374.593026;90.868744;39.895759;0.213083;0.018031;7.500000;0.000000
374.793022;91.064104;39.938412;0.216906;0.020207;7.500000;0.000000
374.993018;91.259276;39.981851;0.221164;0.022384;7.500000;0.000000
375.193015;91.454239;40.026161;0.225858;0.024562;7.500000;0.000000
375.393011;91.649059;40.071396;0.230265;0.019425;7.500000;0.000000
375.593007;91.843699;40.117388;0.233627;0.014195;7.500000;0.000000
375.793004;92.038206;40.163931;0.235943;0.008964;7.500000;0.000000
375.993000;92.232628;40.210823;0.237213;0.003732;7.500000;0.000000
376.192996;92.427014;40.257859;0.237436;-0.001499;7.500000;0.000000
376.392992;92.621413;40.304837;0.236613;-0.006730;7.500000;0.000000
376.592989;92.815873;40.351553;0.234744;-0.011962;7.500000;0.000000
376.792985;93.010443;40.397803;0.231829;-0.017193;7.500000;0.000000
376.992981;93.205172;40.443384;0.227867;-0.022424;7.500000;0.000000
377.192977;93.400108;40.488093;0.222861;-0.027161;7.500000;0.000000
377.392974;93.595282;40.531812;0.218080;-0.020648;7.500000;0.000000
377.592970;93.790645;40.574727;0.214601;-0.014138;7.500000;0.000000
377.792966;93.986136;40.617090;0.212424;-0.007630;7.500000;0.000000
377.992963;94.181693;40.659156;0.211549;-0.001124;7.500000;0.000000
378.192959;94.377254;40.701176;0.211975;0.005383;7.500000;0.000000
378.392955;94.572757;40.743405;0.213702;0.011893;7.500000;0.000000
378.592951;94.768140;40.786094;0.216732;0.018407;7.500000;0.000000
378.792948;94.963342;40.829497;0.221065;0.024927;7.500000;0.000000
378.992944;95.158301;40.873867;0.226701;0.031451;7.500000;0.000000
379.192940;95.352975;40.919461;0.233631;0.036859;7.500000;0.000000
379.392937;95.547486;40.966473;0.240497;0.031764;7.500000;0.000000
379.592933;95.741681;41.014718;0.246343;0.026669;7.500000;0.000000
379.792929;95.935602;41.063995;0.251169;0.021574;7.500000;0.000000
379.992925;96.129292;41.114104;0.254976;0.016479;7.500000;0.000000
380.192922;96.322792;41.164846;0.257763;0.011384;7.500000;0.000000
380.392918;96.516144;41.216019;0.259530;0.006286;7.500000;0.000000
380.592914;96.709390;41.267424;0.260277;0.001185;7.500000;0.000000
380.792910;96.902571;41.318861;0.260004;-0.003923;7.500000;0.000000
380.992907;97.095730;41.370130;0.258708;-0.009040;7.500000;0.000000
381.192903;97.288963;41.421045;0.256402;-0.013391;7.500000;0.000000
381.392899;97.482537;41.471516;0.253694;-0.013682;7.500000;0.000000
381.592896;97.676189;41.521441;0.250929;-0.013968;7.500000;0.000000
381.792892;97.869939;41.570815;0.248108;-0.014249;7.500000;0.000000
381.992888;98.063806;41.619632;0.245232;-0.014526;7.500000;0.000000
382.192884;98.257810;41.667884;0.242301;-0.014796;7.500000;0.000000
382.392881;98.451971;41.715566;0.239316;-0.015061;7.500000;0.000000
382.592877;98.646309;41.762671;0.236278;-0.015320;7.500000;0.000000
382.792873;98.840843;41.809193;0.233189;-0.015573;7.500000;0.000000
382.992869;99.035594;41.855126;0.230048;-0.015819;7.500000;0.000000
383.192866;99.230471;41.900439;0.226890;-0.014752;7.500000;0.000000
383.392862;99.425234;41.945136;0.224455;-0.009622;7.500000;0.000000
383.592858;99.620168;41.989477;0.223043;-0.004508;7.500000;0.000000
383.792855;99.815208;42.033658;0.222652;0.000597;7.500000;0.000000
383.992851;100.010292;42.077873;0.223282;0.005695;7.500000;0.000000
384.192847;100.205356;42.122318;0.224931;0.010792;7.500000;0.000000
384.392843;100.400335;42.167186;0.227600;0.015890;7.500000;0.000000
384.592840;100.595166;42.212673;0.231290;0.020995;7.500000;0.000000
384.792836;100.789785;42.258973;0.236001;0.026108;7.500000;0.000000
384.992832;100.984129;42.306282;0.241735;0.031232;7.500000;0.000000
385.192829;101.178169;42.354800;0.248399;0.033173;7.500000;0.000000
385.392825;101.371933;42.404594;0.254492;0.027731;7.500000;0.000000
385.592821;101.565390;42.455453;0.259494;0.022280;7.500000;0.000000
385.792817;101.758598;42.507170;0.263404;0.016823;7.500000;0.000000
385.992814;101.951618;42.559532;0.266223;0.011363;7.500000;0.000000
386.192810;102.144508;42.612330;0.267949;0.005901;7.500000;0.000000
386.392806;102.337328;42.665354;0.268583;0.000438;7.500000;0.000000
386.592802;102.530138;42.718393;0.268124;-0.005027;7.500000;0.000000
386.792799;102.722995;42.771237;0.266573;-0.010491;7.500000;0.000000
386.992795;102.915960;42.823675;0.263928;-0.015956;7.500000;0.000000
387.192791;103.109086;42.875499;0.260334;-0.017538;7.500000;0.000000
387.392788;103.302384;42.926662;0.257338;-0.012428;7.500000;0.000000
387.592784;103.495817;42.977347;0.255364;-0.007319;7.500000;0.000000
387.792780;103.689331;43.027750;0.254411;-0.002211;7.500000;0.000000
387.992776;103.882878;43.078071;0.254480;0.002896;7.500000;0.000000
388.192773;104.076404;43.128506;0.255569;0.008002;7.500000;0.000000
388.392769;104.269859;43.179253;0.257680;0.013106;7.500000;0.000000
388.592765;104.463191;43.230510;0.260812;0.018209;7.500000;0.000000
388.792761;104.656350;43.282474;0.264964;0.023308;7.500000;0.000000
388.992758;104.849283;43.335344;0.270137;0.028402;7.500000;0.000000
389.192754;105.041929;43.389308;0.276127;0.028832;7.500000;0.000000
389.392750;105.234279;43.444373;0.281325;0.023132;7.500000;0.000000
389.592747;105.426392;43.500334;0.285384;0.017441;7.500000;0.000000
389.792743;105.618314;43.556967;0.288305;0.011757;7.500000;0.000000
389.992739;105.810094;43.614049;0.290089;0.006075;7.500000;0.000000
390.192735;106.001779;43.671356;0.290736;0.000391;7.500000;0.000000
390.392732;106.193416;43.728665;0.290245;-0.005299;7.500000;0.000000
390.592728;106.385055;43.785754;0.288616;-0.010999;7.500000;0.000000
390.792724;106.576741;43.842398;0.285847;-0.016715;7.500000;0.000000
390.992721;106.768523;43.898374;0.281935;-0.022450;7.500000;0.000000
391.192717;106.960660;43.953527;0.277083;-0.023948;7.500000;0.000000
391.392713;107.153179;44.007801;0.272578;-0.021086;7.500000;0.000000
391.592709;107.345855;44.061243;0.268650;-0.018207;7.500000;0.000000
391.792706;107.538682;44.113972;0.265299;-0.015315;7.500000;0.000000
391.992702;107.731652;44.166105;0.262528;-0.012414;7.500000;0.000000
392.192698;107.924758;44.217762;0.260337;-0.009507;7.500000;0.000000
392.392694;108.117993;44.269060;0.258726;-0.006599;7.500000;0.000000
392.592691;108.311350;44.320117;0.257698;-0.003691;7.500000;0.000000
392.792687;108.504823;44.371052;0.257250;-0.000787;7.500000;0.000000
392.992683;108.698403;44.421982;0.257382;0.002110;7.500000;0.000000
393.192680;108.891727;44.472932;0.258073;0.004657;7.500000;0.000000
393.392676;109.084865;44.524024;0.259233;0.006951;7.500000;0.000000
393.592672;109.278031;44.575411;0.260851;0.009243;7.500000;0.000000
393.792668;109.471181;44.627177;0.262929;0.011534;7.500000;0.000000
393.992665;109.664273;44.679404;0.265465;0.013825;7.500000;0.000000
394.192661;109.857262;44.732177;0.268460;0.016120;7.500000;0.000000
394.392657;110.050105;44.785579;0.271916;0.018418;7.500000;0.000000
394.592654;110.242757;44.839693;0.275832;0.020723;7.500000;0.000000
394.792650;110.435176;44.894604;0.280210;0.023035;7.500000;0.000000
394.992646;110.627318;44.950395;0.285051;0.025355;7.500000;0.000000
395.192642;110.819223;45.007162;0.290079;0.023284;7.500000;0.000000
395.392639;111.010871;45.064823;0.294277;0.018666;7.500000;0.000000
395.592635;111.202269;45.123190;0.297549;0.014044;7.500000;0.000000
395.792631;111.393470;45.182084;0.299896;0.009418;7.500000;0.000000
395.992627;111.584526;45.241328;0.301317;0.004788;7.500000;0.000000
396.192624;111.775492;45.300744;0.301812;0.000154;7.500000;0.000000
396.392620;111.966420;45.360155;0.301379;-0.004484;7.500000;0.000000
396.592616;112.157364;45.419383;0.300018;-0.009127;7.500000;0.000000
396.792613;112.348376;45.478251;0.297730;-0.013775;7.500000;0.000000
396.992609;112.539509;45.536580;0.294512;-0.018428;7.500000;0.000000
397.192605;112.730936;45.594249;0.290780;-0.017066;7.500000;0.000000
397.392601;112.922585;45.651274;0.287769;-0.013049;7.500000;0.000000
397.592598;113.114365;45.707794;0.285563;-0.009026;7.500000;0.000000
397.792594;113.306244;45.763967;0.284160;-0.005001;7.500000;0.000000
397.992590;113.498185;45.819950;0.283563;-0.000976;7.500000;0.000000
398.192586;113.690154;45.875900;0.283770;0.003047;7.500000;0.000000
398.392583;113.882116;45.931976;0.284781;0.007068;7.500000;0.000000
398.592579;114.074036;45.988333;0.286597;0.011082;7.500000;0.000000
398.792575;114.265879;46.045130;0.289215;0.015089;7.500000;0.000000
398.992572;114.457611;46.102525;0.292635;0.019086;7.500000;0.000000
399.192568;114.648919;46.160568;0.296452;0.017875;7.500000;0.000000
399.392564;114.840000;46.219288;0.299744;0.015064;7.500000;0.000000
399.592560;115.030960;46.278601;0.302476;0.012262;7.500000;0.000000
399.792557;115.221820;46.338397;0.304649;0.009467;7.500000;0.000000
399.992553;115.412598;46.398564;0.306264;0.006676;7.500000;0.000000
400.192549;115.603314;46.458991;0.307321;0.003889;7.500000;0.000000
400.392546;115.793986;46.519568;0.307820;0.001103;7.500000;0.000000
400.592542;115.984635;46.580184;0.307762;-0.001683;7.500000;0.000000
400.792538;116.175279;46.640727;0.307147;-0.004471;7.500000;0.000000
400.992534;116.365937;46.701088;0.305973;-0.007264;7.500000;0.000000
401.192531;116.556786;46.761216;0.304452;-0.007458;7.500000;0.000000
401.392527;116.747712;46.821055;0.303000;-0.007058;7.500000;0.000000
401.592523;116.938680;46.880611;0.301628;-0.006655;7.500000;0.000000
401.792519;117.129693;46.939903;0.300337;-0.006251;7.500000;0.000000
401.992516;117.320754;46.998947;0.299128;-0.005846;7.500000;0.000000
402.192512;117.511866;47.057763;0.297999;-0.005440;7.500000;0.000000
402.392508;117.703031;47.116368;0.296952;-0.005033;7.500000;0.000000
402.592505;117.894252;47.174779;0.295987;-0.004625;7.500000;0.000000
402.792501;118.085532;47.233015;0.295103;-0.004216;7.500000;0.000000
402.992497;118.276874;47.291093;0.294301;-0.003806;7.500000;0.000000
403.192493;118.468181;47.349019;0.293856;-0.000248;7.500000;0.000000
403.392490;118.659499;47.406938;0.294207;0.003758;7.500000;0.000000
403.592486;118.850795;47.465007;0.295359;0.007762;7.500000;0.000000
403.792482;119.042024;47.523380;0.297310;0.011763;7.500000;0.000000
403.992479;119.233139;47.582210;0.300062;0.015761;7.500000;0.000000
404.192475;119.424093;47.641650;0.303614;0.019756;7.500000;0.000000
404.392471;119.614841;47.701854;0.307965;0.023746;7.500000;0.000000
404.592467;119.805338;47.762974;0.313114;0.027729;7.500000;0.000000
404.792464;119.995535;47.825165;0.319061;0.031703;7.500000;0.000000
404.992460;120.185388;47.888579;0.325803;0.035665;7.500000;0.000000
405.192456;120.374719;47.953255;0.332277;0.028250;7.500000;0.000000
405.392452;120.563721;48.019014;0.337104;0.020001;7.500000;0.000000
405.592449;120.752490;48.085541;0.340283;0.011769;7.500000;0.000000
405.792445;120.941108;48.152514;0.341816;0.003545;7.500000;0.000000
405.992441;121.129656;48.219613;0.341702;-0.004682;7.500000;0.000000
406.192438;121.318219;48.286518;0.339942;-0.012922;7.500000;0.000000
406.392434;121.506879;48.352909;0.336531;-0.021186;7.500000;0.000000
406.592430;121.695717;48.418465;0.331468;-0.029482;7.500000;0.000000
406.792426;121.884818;48.482866;0.324747;-0.037817;7.500000;0.000000
406.992423;122.074262;48.545792;0.316362;-0.046193;7.500000;0.000000
407.192419;122.264147;48.607042;0.308006;-0.037147;7.500000;0.000000
407.392415;122.454411;48.666862;0.301547;-0.027609;7.500000;0.000000
407.592411;122.645002;48.725633;0.296995;-0.018034;7.500000;0.000000
407.792408;122.835868;48.783738;0.294354;-0.008451;7.500000;0.000000
407.992404;123.026958;48.841560;0.293622;0.001111;7.500000;0.000000
408.192400;123.218220;48.899479;0.294796;0.010626;7.500000;-0.111596
408.392397;123.409603;48.957880;0.297868;0.020066;7.497024;-0.413591
408.592393;123.601054;49.017143;0.302827;0.029406;7.485982;-0.729973
408.792389;123.792523;49.077651;0.309659;0.038613;7.466455;-1.031417
408.992385;123.983957;49.139786;0.318343;0.047177;7.438776;-1.322365
409.192382;124.175280;49.203775;0.326839;0.037105;7.403138;-1.607955
409.392378;124.366396;49.269292;0.333341;0.027291;7.359571;-1.893732
409.592374;124.557187;49.335876;0.337878;0.017627;7.307927;-2.185410
409.792371;124.747534;49.403066;0.340465;0.008001;7.247872;-2.483690
409.992367;124.937318;49.470401;0.341102;-0.001697;7.179011;-2.803299
410.192363;125.126421;49.537422;0.339775;-0.011587;7.100486;-3.197793
410.392359;125.314723;49.603668;0.336450;-0.021792;7.009836;-3.562234
410.592356;125.502106;49.668678;0.331082;-0.032443;6.907455;-3.899723
410.792352;125.688450;49.731991;0.323603;-0.043681;6.793606;-4.208169
410.992348;125.873636;49.793146;0.313946;-0.053588;6.668571;-4.479009
411.192344;126.057691;49.851963;0.305207;-0.036596;6.532861;-4.692433
411.392341;126.241231;49.909194;0.299903;-0.018439;6.387592;-4.802802
411.592337;126.424955;49.965770;0.298141;0.000089;6.235403;-4.688209
411.792333;126.609565;50.022621;0.299920;0.018176;6.083173;-4.906157
411.992330;126.795759;50.080678;0.305141;0.035063;5.919677;-4.773506
412.192326;126.984240;50.140872;0.313605;0.050106;5.756145;-4.556538
412.392322;127.175706;50.204133;0.325037;0.062815;5.595590;-4.261771
412.592318;127.370859;50.271390;0.339094;0.072885;5.441135;-3.939523
412.792315;127.570399;50.343576;0.355389;0.080200;5.294352;-3.622493
412.992311;127.774621;50.421459;0.373362;0.076327;5.155696;-3.328567
413.192307;127.980827;50.503694;0.383327;0.015370;5.024917;-3.067951
413.392304;128.189912;50.587923;0.380510;-0.040107;4.901289;-2.847733
413.592300;128.399516;50.670155;0.365044;-0.098538;4.783677;-2.674520
413.792296;128.607277;50.746399;0.335809;-0.168759;4.670522;-2.555868
413.992292;128.810837;50.812662;0.290273;-0.262392;4.559764;-2.429017
414.192289;129.007835;50.864954;0.224104;-0.396653;4.451950;-2.285155
414.392285;129.195912;50.899282;0.130611;-0.596957;4.348082;-2.060770
414.592281;129.372707;50.911656;0.000385;-0.893743;4.252237;-1.719368
414.792277;129.535861;50.898083;-0.177334;-1.293100;4.170586;-1.365687
414.992274;129.683014;50.854572;-0.408006;-1.691277;4.104574;-1.040745
